INSERT INTO book_author (book_id, author_id) VALUES (226, 73);
INSERT INTO publisher (publisher_id, name) VALUES (102, '캐피털북스');
INSERT INTO book (book_id, title, subcategory_id, publisher_id, price, point, published_date, description, image_url) VALUES (227, '전쟁', 17, 102, 28500, 300, '2025-11-16', '', 'https://image.aladin.co.kr/product/37790/88/cover200/k162033663_1.jpg');
INSERT INTO author (author_id, name) VALUES (254, '밥 우드워드');
INSERT INTO translator (translator_id, name) VALUES (39, '김정수');
INSERT INTO book_author (book_id, author_id) VALUES (227, 254);
INSERT INTO book_translator (book_id, translator_id) VALUES (227, 39);
INSERT INTO publisher (publisher_id, name) VALUES (103, '주니어김영사');
INSERT INTO book (book_id, title, subcategory_id, publisher_id, price, point, published_date, description, image_url) VALUES (228, '잃어버린 도시의 수호자 6부 : 하 - 나이트폴', 10, 103, 11250, 620, '2025-11-17', '', 'https://image.aladin.co.kr/product/37790/87/cover200/k152033663_1.jpg');
INSERT INTO author (author_id, name) VALUES (255, '섀넌 메신저');
INSERT INTO author (author_id, name) VALUES (256, '정은규 (그림)');
INSERT INTO translator (translator_id, name) VALUES (40, '이주현');
INSERT INTO book_author (book_id, author_id) VALUES (228, 255);
INSERT INTO book_author (book_id, author_id) VALUES (228, 256);
INSERT INTO book_translator (book_id, translator_id) VALUES (228, 40);
INSERT INTO book (book_id, title, subcategory_id, publisher_id, price, point, published_date, description, image_url) VALUES (229, '잃어버린 도시의 수호자 6부 : 상 - 나이트폴', 10, 103, 11250, 620, '2025-11-17', '&lt;잃어버린 도시의 수호자&gt; 시리즈는 2012년 출간 이후 20개 나라에서 1000만 부 이상 판매되며 영미권 판타지의 강자로 자리 잡았다. 인간의 생각을 읽는 능력을 지닌 소피가 자신이 엘프임을 깨닫는 순간부터, 잃어버린 도시와 유배지, 네버씬의 위협까지 이어지는 모험은 특수 능력을 지닌 매력적인 엘프들의 세계를 생생하게 보여준다.', 'https://image.aladin.co.kr/product/37790/85/cover200/k012033663_1.jpg');
INSERT INTO book_author (book_id, author_id) VALUES (229, 255);
INSERT INTO book_author (book_id, author_id) VALUES (229, 256);
INSERT INTO book_translator (book_id, translator_id) VALUES (229, 40);
INSERT INTO publisher (publisher_id, name) VALUES (104, '임시보관소');
INSERT INTO book (book_id, title, subcategory_id, publisher_id, price, point, published_date, description, image_url) VALUES (230, '오늘보다 더 사랑할 수 없는 - 매일의 기록, 자신을 더 잘 아는 사람이 되기까지', 9, 104, 12600, 700, '2025-11-11', '', 'https://image.aladin.co.kr/product/37790/83/cover200/k082033663_1.jpg');
INSERT INTO author (author_id, name) VALUES (257, '송재은');
INSERT INTO book_author (book_id, author_id) VALUES (230, 257);
INSERT INTO publisher (publisher_id, name) VALUES (105, '웅진컴퍼스');
INSERT INTO book (book_id, title, subcategory_id, publisher_id, price, point, published_date, description, image_url) VALUES (231, '수능 트레이닝 유형 완성편', 23, 105, 12600, 700, '2025-11-18', '', 'https://image.aladin.co.kr/img/noimg_b.gif');
INSERT INTO author (author_id, name) VALUES (258, '웅진컴퍼스 편집부');
INSERT INTO book_author (book_id, author_id) VALUES (231, 258);
INSERT INTO publisher (publisher_id, name) VALUES (106, '임시제본소');
INSERT INTO book (book_id, title, subcategory_id, publisher_id, price, point, published_date, description, image_url) VALUES (232, '언젠가 태양이 폭발한다면', 6, 106, 12600, 700, '2025-11-14', '태양이 폭발하고 모든 생명과 기억이 사라지기까지 단 하루가 남았다면? 제빵사, 소설가, 책방지기, 연구원이 맞이하는 지구 멸망 전의 평범한 하루를 그린 연작소설집이다.', 'https://image.aladin.co.kr/product/37790/81/cover200/k942033663_1.jpg');
INSERT INTO author (author_id, name) VALUES (259, '강민선');
INSERT INTO book_author (book_id, author_id) VALUES (232, 259);
INSERT INTO publisher (publisher_id, name) VALUES (107, '서울책방');
INSERT INTO book (book_id, title, subcategory_id, publisher_id, price, point, published_date, description, image_url) VALUES (233, '그림이라는 별세계 - 이건희컬렉션과 함께', 2, 107, 46000, 2300, '2025-09-30', '', 'https://image.aladin.co.kr/product/37790/80/cover200/k922033663_1.jpg');
INSERT INTO author (author_id, name) VALUES (260, '서울시립미술관');
INSERT INTO book_author (book_id, author_id) VALUES (233, 260);
INSERT INTO publisher (publisher_id, name) VALUES (108, '새흐름');
INSERT INTO book (book_id, title, subcategory_id, publisher_id, price, point, published_date, description, image_url) VALUES (234, '장진 형법 기출문제총정리 2 : 경찰 - 기초에서 합격까지 수험형법의 길잡이', 3, 108, 25650, 1350, '2025-11-30', '', 'https://image.aladin.co.kr/product/37790/78/cover200/k972033663_1.jpg');
INSERT INTO author (author_id, name) VALUES (261, '장진');
INSERT INTO book_author (book_id, author_id) VALUES (234, 261);
INSERT INTO book (book_id, title, subcategory_id, publisher_id, price, point, published_date, description, image_url) VALUES (235, '수능 트레이닝 유형 기본편 - 수능 영어 독해 번호별 유형 완벽 대비', 23, 105, 12600, 700, '2025-11-18', '처음 수능 영어를 준비하는 학생을 위한 독해 훈련서다. 실제 수능과 실전 예제를 번호대별로 제시해 유형 공략법을 익히고, 인문·사회·과학·환경·기술 등 다양한 주제를 다루며 지문 구조 분석과 우리말 해석 코너로 독해력을 강화한다. 책속책 해설과 함께 여러 부가자료도 제공한다.', 'https://image.aladin.co.kr/img/noimg_b.gif');
INSERT INTO book_author (book_id, author_id) VALUES (235, 258);
INSERT INTO publisher (publisher_id, name) VALUES (109, '다산서림');
INSERT INTO book (book_id, title, subcategory_id, publisher_id, price, point, published_date, description, image_url) VALUES (236, '행복의 기술 - 김건표가 만난 사람들', 9, 109, 21600, 1200, '2025-11-10', '저자 김건표는 오랫동안 TBC의 ‘통(通) 인터뷰’를 진행한바 있다. 좀 더 우리 사회를 살아가는 일반 시민과 전문가들을 만나고 싶었고, 그렇게 해서 시작하게 된 인터뷰가 ‘행복 초대석’이다. 이 책 『행복의 기술』은 ‘행복 초대석’으로 만난 이 시대의 전문가와 장인, 소시민들의 이야기를 담은 것이다.', 'https://image.aladin.co.kr/product/37790/76/cover200/k802033662_1.jpg');
INSERT INTO author (author_id, name) VALUES (262, '김건표');
INSERT INTO book_author (book_id, author_id) VALUES (236, 262);
INSERT INTO book (book_id, title, subcategory_id, publisher_id, price, point, published_date, description, image_url) VALUES (237, '장진 형법 기출문제총정리 1 : 공무원 - 기초에서 합격까지 수험형법의 길잡이', 3, 108, 36100, 1900, '2025-11-25', '2019~2025년 공무원·경찰 주요 기출을 한 권에 담아 최신 경향을 정확히 파악할 수 있다. 개정 법령과 전원합의체 판결을 반영해 문제를 수정·재구성했고, 기본강의·판례강의와 연계한 배열로 확인 학습이 가능하다. 강화된 해설과 판례 표기로 실전 대응력을 높여 공무원·경찰 형법 대비에 효과적이다.', 'https://image.aladin.co.kr/product/37790/75/cover200/k892033662_1.jpg');
INSERT INTO book_author (book_id, author_id) VALUES (237, 261);
INSERT INTO book (book_id, title, subcategory_id, publisher_id, price, point, published_date, description, image_url) VALUES (238, '망각과 영원에 대하여', 2, 104, 10800, 600, '2025-10-31', '삶을 수놓는 영화 속 장면들. 21편의 영화로부터 시작한 21편의 에세이가 담겨 있다. 아름다운 문장과 장면으로 표현한 인생을 읽을 때면, 세상을 시적으로 보는 방식을 배우는 기분이 들 것이다.', 'https://image.aladin.co.kr/product/37790/73/cover200/k872033662_1.jpg');
INSERT INTO book_author (book_id, author_id) VALUES (238, 257);
INSERT INTO publisher (publisher_id, name) VALUES (110, '한그루');
INSERT INTO book (book_id, title, subcategory_id, publisher_id, price, point, published_date, description, image_url) VALUES (239, '왕따 거위 제임스 씨는 어디로 갔을까?', 10, 110, 10800, 600, '2025-11-20', '제주아동문학협회에서 활동하고 있는 이원경 작가의 신작 동화로, 두 편의 중편을 실었다. 표제작이기도 한 &lt;왕따 거위 제임스 씨는 어디로 갔을까?&gt;는 무리에서 소외당하는 거위 제임스가 자신의 처지와 비슷한 친구들을 만나면서, 당당하게 무리와 함께 살아가기를 선택한다는 이야기다.', 'https://image.aladin.co.kr/product/37790/73/cover200/k862033662_1.jpg');
INSERT INTO author (author_id, name) VALUES (263, '이원경');
INSERT INTO author (author_id, name) VALUES (264, '조창우 (그림)');
INSERT INTO book_author (book_id, author_id) VALUES (239, 263);
INSERT INTO book_author (book_id, author_id) VALUES (239, 264);
INSERT INTO book (book_id, title, subcategory_id, publisher_id, price, point, published_date, description, image_url) VALUES (240, '하루 10분 일본어 긍정확언 필사 노트 - 문법도 단어도 어려운 초보들을 위한', 16, 27, 17100, 950, '2025-12-02', '하루 10분, 긍정 확언을 따라 쓰며 100일 동안 일본어 기초 실력과 자신감을 동시에 쌓게 하는 초보 친화형 필사 워크북이다. 일본어를 시작하는 초보에게 가장 필요한 건 ‘완벽한 이해’가 아니라 작은 성공 경험이 지속되는 것이다. 이 책은 100일간의 작은 성공 경험을 제공한다.', 'https://image.aladin.co.kr/product/37790/71/cover200/k742033662_1.jpg');
INSERT INTO author (author_id, name) VALUES (265, '정규옥');
INSERT INTO book_author (book_id, author_id) VALUES (240, 265);
INSERT INTO book (book_id, title, subcategory_id, publisher_id, price, point, published_date, description, image_url) VALUES (241, '공인회계사·세무사 1차 재무회계 기출문제 - 제2판', 3, 108, 19950, 1050, '2025-11-25', '공인회계사·세무사 1차 대비를 위해 2021~2025년 기출문제를 수록하고 해설한 교재다. 기본이론 학습과 객관식 훈련 후 마지막 단계에서 모의고사처럼 활용해 실전 점검을 할 수 있도록 구성된 기출 문제집이다.', 'https://image.aladin.co.kr/product/37790/71/cover200/k732033662_1.jpg');
INSERT INTO author (author_id, name) VALUES (266, '황윤하');
INSERT INTO book_author (book_id, author_id) VALUES (241, 266);
INSERT INTO publisher (publisher_id, name) VALUES (111, '마음시회');
INSERT INTO category (category_id, category_name) VALUES (2, '');
INSERT INTO subcategory (subcategory_id, category_id, subcategory_name) VALUES (26, 2, '');
INSERT INTO book (book_id, title, subcategory_id, publisher_id, price, point, published_date, description, image_url) VALUES (242, '내 안의 또 다른 나', 26, 111, 11700, 650, '0001-01-01', '', 'https://image.aladin.co.kr/product/37790/69/cover200/k682033662_1.jpg');
INSERT INTO author (author_id, name) VALUES (267, '이도하');
INSERT INTO book_author (book_id, author_id) VALUES (242, 267);
INSERT INTO book (book_id, title, subcategory_id, publisher_id, price, point, published_date, description, image_url) VALUES (243, '타임 아시아 Time Asia : 2025.11.24', 22, 64, 12820, 130, '2025-11-18', '', 'https://image.aladin.co.kr/product/37790/68/cover200/k662033662_1.jpg');
INSERT INTO book_author (book_id, author_id) VALUES (243, 148);
INSERT INTO publisher (publisher_id, name) VALUES (112, '플라이쿠키');
INSERT INTO book (book_id, title, subcategory_id, publisher_id, price, point, published_date, description, image_url) VALUES (244, '소복소복', 10, 112, 13500, 750, '2025-11-10', '기억 속 어딘가에 숨어있는 겨울날에 대한 이야기다. 코끝을 찌르는 차가운 겨울바람과 함께 하루 종일 친구들과 뛰어놀던 추억을 떠올리게 만든다. 눈사람 만들기, 눈썰매 타기, 눈싸움하기... 집으로 돌아가는 발걸음이 아쉽기만 하다.', 'https://image.aladin.co.kr/product/37790/65/cover200/k532033662_1.jpg');
INSERT INTO author (author_id, name) VALUES (268, '차재혁');
INSERT INTO author (author_id, name) VALUES (269, '최은영 (그림)');
INSERT INTO book_author (book_id, author_id) VALUES (244, 268);
INSERT INTO book_author (book_id, author_id) VALUES (244, 269);
INSERT INTO publisher (publisher_id, name) VALUES (113, '인트렉스');
INSERT INTO book (book_id, title, subcategory_id, publisher_id, price, point, published_date, description, image_url) VALUES (245, '허술함과 반짝임 사이에서, 웃다', 9, 113, 16200, 900, '2025-12-02', '우리의 일상이 언제나 반짝인다면, 얼마나 좋을까? 『허술함과 반짝임 사이에서, 웃다』는 『하루 10분 말글책놀이 128』, 『코딱지탐정의 초등 국어 대탐험』 등 어린이를 위한 16권의 책을 펴낸 독서교육전문가 ‘책 만드는 지영샘’의 첫 번째 에세이이다.', 'https://image.aladin.co.kr/product/37790/64/cover200/k522033662_1.jpg');
INSERT INTO author (author_id, name) VALUES (270, '김지영');
INSERT INTO book_author (book_id, author_id) VALUES (245, 270);
INSERT INTO publisher (publisher_id, name) VALUES (114, '컬처유니온(잡지)');
INSERT INTO book (book_id, title, subcategory_id, publisher_id, price, point, published_date, description, image_url) VALUES (246, '갤러리가이드 Gallery Guide 2025.11', 22, 114, 15200, 160, '2025-11-18', '', 'https://image.aladin.co.kr/product/37790/64/cover200/k512033662_1.jpg');
INSERT INTO author (author_id, name) VALUES (271, '컬처유니온 편집부');
INSERT INTO book_author (book_id, author_id) VALUES (246, 271);
INSERT INTO publisher (publisher_id, name) VALUES (115, '고래뱃속');
INSERT INTO book (book_id, title, subcategory_id, publisher_id, price, point, published_date, description, image_url) VALUES (247, '탕!', 13, 115, 14400, 800, '2026-01-05', '', 'https://image.aladin.co.kr/product/37790/58/cover200/k472033662_1.jpg');
INSERT INTO author (author_id, name) VALUES (272, '박수정');
INSERT INTO book_author (book_id, author_id) VALUES (247, 272);
INSERT INTO publisher (publisher_id, name) VALUES (116, '나남출판');
INSERT INTO book (book_id, title, subcategory_id, publisher_id, price, point, published_date, description, image_url) VALUES (248, '조형의 울림', 2, 116, 30000, 900, '2025-11-18', '', 'https://image.aladin.co.kr/product/37789/95/cover200/8930042074_1.jpg');
INSERT INTO author (author_id, name) VALUES (273, '홍순모');
INSERT INTO book_author (book_id, author_id) VALUES (248, 273);
INSERT INTO publisher (publisher_id, name) VALUES (117, '신생(전망)');
INSERT INTO book (book_id, title, subcategory_id, publisher_id, price, point, published_date, description, image_url) VALUES (249, '글은 아무나 쓰는 게 아니더라', 6, 117, 13000, 650, '2025-11-20', '시각장애인 10명이 함께 쓰고 다듬어 26편의 글을 엮은 책으로, 글쓰기의 고충과 하루의 풍경을 담아 보이지 않는 장벽을 스스로 넘은 과정이 독자에게도 용기를 건넨다.', 'https://image.aladin.co.kr/product/37789/92/cover200/8979736576_1.jpg');
INSERT INTO author (author_id, name) VALUES (274, '꿈꾸는베프 (엮은이)');
INSERT INTO book_author (book_id, author_id) VALUES (249, 274);
INSERT INTO publisher (publisher_id, name) VALUES (118, '우림');
INSERT INTO book (book_id, title, subcategory_id, publisher_id, price, point, published_date, description, image_url) VALUES (250, '한국창작문학 2025.겨울', 22, 118, 19000, 200, '2025-11-18', '', 'https://image.aladin.co.kr/product/37789/91/cover200/k212033662_1.jpg');
INSERT INTO author (author_id, name) VALUES (275, '우림 편집부');
INSERT INTO book_author (book_id, author_id) VALUES (250, 275);
INSERT INTO publisher (publisher_id, name) VALUES (119, '파란(우리경영아카데미)');
INSERT INTO book (book_id, title, subcategory_id, publisher_id, price, point, published_date, description, image_url) VALUES (251, '2026 하루에 끝장내기 재무관리 - 공인회계사 1차 대비, 제18판', 3, 119, 20000, 1000, '2025-11-19', '', 'https://image.aladin.co.kr/product/37789/91/cover200/k242033662_1.jpg');
INSERT INTO author (author_id, name) VALUES (276, '김민환');
INSERT INTO book_author (book_id, author_id) VALUES (251, 276);
INSERT INTO publisher (publisher_id, name) VALUES (120, '시산맥사');
INSERT INTO book (book_id, title, subcategory_id, publisher_id, price, point, published_date, description, image_url) VALUES (252, '영화를 먹은 여자 - 일러스트가 있는 영화 에세이', 9, 120, 14250, 750, '2025-11-30', '', 'https://image.aladin.co.kr/product/37789/91/cover200/k262033662_1.jpg');
INSERT INTO author (author_id, name) VALUES (277, '문수인');
INSERT INTO book_author (book_id, author_id) VALUES (252, 277);
INSERT INTO publisher (publisher_id, name) VALUES (121, '케이에스헬스링크연구소');
INSERT INTO book (book_id, title, subcategory_id, publisher_id, price, point, published_date, description, image_url) VALUES (253, '떡볶이 먹는 의사', 20, 121, 20700, 1150, '2025-11-21', '퇴근 후 문을 열자마자 쓰러지듯 눕고, 그 자리에 앉아 떡볶이·라면·아이스크림을 주문해 본 적이 있는가. SNS 속 ‘미라클 모닝’과 ‘갓생’ 루틴에 실패했다고 자책하며, 매일 밤 폭발하는 허기와 감정에 휘둘린 적이 있는가. 『떡볶이 먹는 의사』는 바로 그 밤, 누구에게도 말하지 못했던 우리의 몸과 마음의 진짜 이야기를 다루는 책이다.', 'https://image.aladin.co.kr/product/37789/87/cover200/k132033662_1.jpg');
INSERT INTO author (author_id, name) VALUES (278, '이경실');
INSERT INTO book_author (book_id, author_id) VALUES (253, 278);
INSERT INTO book (book_id, title, subcategory_id, publisher_id, price, point, published_date, description, image_url) VALUES (254, '나는 사랑에 관해서는 할 말이 너무 많고', 9, 104, 12600, 700, '2025-11-04', '', 'https://image.aladin.co.kr/product/37789/85/cover200/k102033662_1.jpg');
INSERT INTO author (author_id, name) VALUES (279, '강소리');
INSERT INTO author (author_id, name) VALUES (280, '김지온');
INSERT INTO author (author_id, name) VALUES (281, '김지희');
INSERT INTO author (author_id, name) VALUES (282, '김진형');
INSERT INTO author (author_id, name) VALUES (283, '박주영');
INSERT INTO author (author_id, name) VALUES (284, '백지영');
INSERT INTO author (author_id, name) VALUES (285, '이솔');
INSERT INTO author (author_id, name) VALUES (286, '이철희');
INSERT INTO author (author_id, name) VALUES (287, '임다은');
INSERT INTO author (author_id, name) VALUES (288, '장태성');
INSERT INTO author (author_id, name) VALUES (289, '정수빈');
INSERT INTO author (author_id, name) VALUES (290, '주현우');
INSERT INTO author (author_id, name) VALUES (291, '차대근');
INSERT INTO author (author_id, name) VALUES (292, '최현주');
INSERT INTO author (author_id, name) VALUES (293, '한정현');
INSERT INTO author (author_id, name) VALUES (294, '홍현희');
INSERT INTO author (author_id, name) VALUES (295, '송재은 (엮은이)');
INSERT INTO book_author (book_id, author_id) VALUES (254, 279);
INSERT INTO book_author (book_id, author_id) VALUES (254, 280);
INSERT INTO book_author (book_id, author_id) VALUES (254, 281);
INSERT INTO book_author (book_id, author_id) VALUES (254, 282);
INSERT INTO book_author (book_id, author_id) VALUES (254, 283);
INSERT INTO book_author (book_id, author_id) VALUES (254, 284);
INSERT INTO book_author (book_id, author_id) VALUES (254, 285);
INSERT INTO book_author (book_id, author_id) VALUES (254, 286);
INSERT INTO book_author (book_id, author_id) VALUES (254, 287);
INSERT INTO book_author (book_id, author_id) VALUES (254, 288);
INSERT INTO book_author (book_id, author_id) VALUES (254, 289);
INSERT INTO book_author (book_id, author_id) VALUES (254, 290);
INSERT INTO book_author (book_id, author_id) VALUES (254, 291);
INSERT INTO book_author (book_id, author_id) VALUES (254, 292);
INSERT INTO book_author (book_id, author_id) VALUES (254, 293);
INSERT INTO book_author (book_id, author_id) VALUES (254, 294);
INSERT INTO book_author (book_id, author_id) VALUES (254, 295);
INSERT INTO publisher (publisher_id, name) VALUES (122, '한국학중앙연구원출판부');
INSERT INTO book (book_id, title, subcategory_id, publisher_id, price, point, published_date, description, image_url) VALUES (255, '경의기문록 역주 : 하', 12, 122, 23750, 1250, '2025-10-30', '', 'https://image.aladin.co.kr/product/37789/85/cover200/k112033662_1.jpg');
INSERT INTO author (author_id, name) VALUES (296, '이창일');
INSERT INTO author (author_id, name) VALUES (297, '성광동');
INSERT INTO author (author_id, name) VALUES (298, '송상형');
INSERT INTO book_author (book_id, author_id) VALUES (255, 296);
INSERT INTO book_author (book_id, author_id) VALUES (255, 297);
INSERT INTO book_author (book_id, author_id) VALUES (255, 298);
INSERT INTO book (book_id, title, subcategory_id, publisher_id, price, point, published_date, description, image_url) VALUES (256, '시산맥 2025.겨울 - Vol.64', 6, 120, 11400, 600, '2025-11-15', '', 'https://image.aladin.co.kr/product/37789/82/cover200/k032033662_1.jpg');
INSERT INTO author (author_id, name) VALUES (299, '시산맥사 편집부');
INSERT INTO book_author (book_id, author_id) VALUES (256, 299);
INSERT INTO publisher (publisher_id, name) VALUES (123, '창비교육');
INSERT INTO book (book_id, title, subcategory_id, publisher_id, price, point, published_date, description, image_url) VALUES (257, '소년 동주', 18, 123, 15300, 850, '2025-11-20', '', 'https://image.aladin.co.kr/product/37789/82/cover200/k002033662_1.jpg');
INSERT INTO author (author_id, name) VALUES (300, '정도상');
INSERT INTO book_author (book_id, author_id) VALUES (257, 300);
INSERT INTO publisher (publisher_id, name) VALUES (124, 'GCBooks(GC북스)');
INSERT INTO book (book_id, title, subcategory_id, publisher_id, price, point, published_date, description, image_url) VALUES (258, '[세트] 리뉴얼판 은하영웅전설 외전 1~5 세트 - 전5권', 6, 124, 67500, 3750, '2025-08-31', '', 'https://image.aladin.co.kr/product/37789/79/cover200/k072033662_1.jpg');
INSERT INTO author (author_id, name) VALUES (301, '다나카 요시키');
INSERT INTO author (author_id, name) VALUES (302, '미츠하라 카츠미 (그림)');
INSERT INTO translator (translator_id, name) VALUES (41, '김완');
INSERT INTO book_author (book_id, author_id) VALUES (258, 301);
INSERT INTO book_author (book_id, author_id) VALUES (258, 302);
INSERT INTO book_translator (book_id, translator_id) VALUES (258, 41);
INSERT INTO book (book_id, title, subcategory_id, publisher_id, price, point, published_date, description, image_url) VALUES (259, '[세트] 리뉴얼판 은하영웅전설 1~10 세트 - 전10권', 6, 124, 144000, 8000, '2025-08-31', '', 'https://image.aladin.co.kr/product/37789/77/cover200/k052033662_1.jpg');
INSERT INTO book_author (book_id, author_id) VALUES (259, 301);
INSERT INTO book_author (book_id, author_id) VALUES (259, 302);
INSERT INTO book_translator (book_id, translator_id) VALUES (259, 41);
INSERT INTO publisher (publisher_id, name) VALUES (125, '길벗');
INSERT INTO book (book_id, title, subcategory_id, publisher_id, price, point, published_date, description, image_url) VALUES (260, '그림으로 이해하는 도커와 쿠버네티스 - 도커와 쿠버네티스, 쉽고 재미있게 시작하자!', 15, 125, 19800, 1100, '2025-11-20', '', 'https://image.aladin.co.kr/product/37789/76/cover200/k922033662_1.jpg');
INSERT INTO author (author_id, name) VALUES (303, '토쿠나가 코헤이');
INSERT INTO translator (translator_id, name) VALUES (42, '서수환');
INSERT INTO book_author (book_id, author_id) VALUES (260, 303);
INSERT INTO book_translator (book_id, translator_id) VALUES (260, 42);
INSERT INTO publisher (publisher_id, name) VALUES (126, '바른북스');
INSERT INTO book (book_id, title, subcategory_id, publisher_id, price, point, published_date, description, image_url) VALUES (261, '너의 봄은 어떠니', 6, 126, 13500, 750, '2025-11-24', '', 'https://image.aladin.co.kr/product/37789/76/cover200/k932033662_1.jpg');
INSERT INTO author (author_id, name) VALUES (304, '김푸름');
INSERT INTO book_author (book_id, author_id) VALUES (261, 304);
INSERT INTO publisher (publisher_id, name) VALUES (127, '샘터사');
INSERT INTO book (book_id, title, subcategory_id, publisher_id, price, point, published_date, description, image_url) VALUES (262, '나비를 날려 보낸 날', 10, 127, 12600, 700, '2025-11-27', '2025년 47회째를 맞는 샘터 동화상의 대상작 &lt;나비를 날려 보낸 날&gt;(김나영)과 우수상으로 선정된 &lt;지렁이 구조대&gt;(고수진), &lt;시소의 계절&gt;(이하람)을 묶어 한 권의 수상작품집으로 선보인다.', 'https://image.aladin.co.kr/product/37789/76/cover200/8946475161_1.jpg');
INSERT INTO author (author_id, name) VALUES (305, '김나영');
INSERT INTO author (author_id, name) VALUES (306, '고수진');
INSERT INTO author (author_id, name) VALUES (307, '이하람');
INSERT INTO author (author_id, name) VALUES (308, '어수현 (그림)');
INSERT INTO book_author (book_id, author_id) VALUES (262, 305);
INSERT INTO book_author (book_id, author_id) VALUES (262, 306);
INSERT INTO book_author (book_id, author_id) VALUES (262, 307);
INSERT INTO book_author (book_id, author_id) VALUES (262, 308);
INSERT INTO publisher (publisher_id, name) VALUES (128, '제이펍');
INSERT INTO book (book_id, title, subcategory_id, publisher_id, price, point, published_date, description, image_url) VALUES (263, '처음부터 끝까지 피그마로 팀플하기 - 팀원 모두가 활용하며 함께 성장하는 피그마 실무 가이드', 15, 128, 21600, 1200, '2025-11-20', '피그마를 처음 접하는 사람도 자연스럽게 실무에서 피그마를 시작할 수 있게 하는 피그마 입문서다. 오토레이아웃, 컴포넌트, 변수와 같은 기본 기능은 물론, 피그마 버즈와 AI 기능까지 실제 업무에 바로 적용할 수 있는 예제를 통해 단계별로 익힐 수 있다.', 'https://image.aladin.co.kr/product/37789/75/cover200/k962033662_1.jpg');
INSERT INTO author (author_id, name) VALUES (309, '이혜진');
INSERT INTO book_author (book_id, author_id) VALUES (263, 309);
INSERT INTO publisher (publisher_id, name) VALUES (129, '허블');
INSERT INTO book (book_id, title, subcategory_id, publisher_id, price, point, published_date, description, image_url) VALUES (264, '안의 크기', 6, 129, 15300, 850, '2025-11-24', '2018년 『페인트』로 창비청소년문학상을 수상한 이래, 인간 내면의 상처와 욕망을 세밀하게 포착하는 정서와 상상력, 그리고 이를 끝까지 밀어붙이는 탄탄한 서사로 수십만 독자의 지지를 받아온 이희영 작가가 데뷔 13년 만에 성인 독자를 대상으로 완성한 장편소설 『안의 크기』를 허블에서 출간했다.', 'https://image.aladin.co.kr/product/37789/73/cover200/k952033662_1.jpg');
INSERT INTO author (author_id, name) VALUES (310, '이희영');
INSERT INTO book_author (book_id, author_id) VALUES (264, 310);
INSERT INTO publisher (publisher_id, name) VALUES (130, '글로벌워십미니스트리(잡지)');
INSERT INTO book (book_id, title, subcategory_id, publisher_id, price, point, published_date, description, image_url) VALUES (265, '현대 예배의 역사는 무엇인가? - 다음 세대와 미래 예배를 준비하는 현대 예배의 역사와 흐름', 7, 130, 16200, 540, '2025-11-20', '목회자, 예배 인도자, 찬양 사역자, 모든 예배자가 꼭 알아야 할 필독서다.', 'https://image.aladin.co.kr/product/37789/69/cover200/k762033661_1.jpg');
INSERT INTO author (author_id, name) VALUES (311, '레스터 루스');
INSERT INTO translator (translator_id, name) VALUES (43, '가진수');
INSERT INTO book_author (book_id, author_id) VALUES (265, 311);
INSERT INTO book_translator (book_id, translator_id) VALUES (265, 43);
INSERT INTO publisher (publisher_id, name) VALUES (131, '도서출판 비채');
INSERT INTO book (book_id, title, subcategory_id, publisher_id, price, point, published_date, description, image_url) VALUES (266, '색채심리 - 마음이 선택한 색, 나를 찾아가는 여정', 12, 131, 25000, NULL, '2025-11-06', '', 'https://image.aladin.co.kr/product/37789/68/cover200/k672033661_1.jpg');
INSERT INTO author (author_id, name) VALUES (312, '박경화');
INSERT INTO book_author (book_id, author_id) VALUES (266, 312);
INSERT INTO publisher (publisher_id, name) VALUES (132, '천개의바람');
INSERT INTO book (book_id, title, subcategory_id, publisher_id, price, point, published_date, description, image_url) VALUES (267, '메리식당', 13, 132, 12600, 700, '2025-11-20', '', 'https://image.aladin.co.kr/product/37789/67/cover200/k682033661_1.jpg');
INSERT INTO author (author_id, name) VALUES (313, '김유');
INSERT INTO author (author_id, name) VALUES (314, '소복이 (그림)');
INSERT INTO book_author (book_id, author_id) VALUES (267, 313);
INSERT INTO book_author (book_id, author_id) VALUES (267, 314);
INSERT INTO publisher (publisher_id, name) VALUES (133, '커뮤니케이션북스');
INSERT INTO book (book_id, title, subcategory_id, publisher_id, price, point, published_date, description, image_url) VALUES (268, '[큰글자책] AI 로봇과 안전', 15, 133, 25000, 750, '2025-11-28', 'AI 로봇이 낳는 권리·재산·물리적·사회적 위험을 체계적으로 분류하고, 이를 측정할 수 있는 지표(11개 항목, 52개 지표)를 제시한다. 기술·윤리·정책을 아우르며 AI 로봇 시대의 공존 조건을 정밀하게 해설한다.', 'https://image.aladin.co.kr/product/37789/67/cover200/k532033661_1.jpg');
INSERT INTO author (author_id, name) VALUES (315, '문미리');
INSERT INTO book_author (book_id, author_id) VALUES (268, 315);
INSERT INTO publisher (publisher_id, name) VALUES (134, '렛츠북');
INSERT INTO book (book_id, title, subcategory_id, publisher_id, price, point, published_date, description, image_url) VALUES (269, '왜·소행성 미스터리 - THE MYSTERY OF DWARF PLANETS AND ASTEROIDS', 11, 134, 17100, 950, '2025-11-17', '태양계의 중심에서 비켜나 있지만, 그 속에 더 깊고 오래된 비밀을 품고 있는 천체들. 왜행성, 소행성, 혜성, 그리고 태양계를 스쳐간 이방의 천체까지. 《달의 미스터리》, 《화성의 미스터리》, 《지구의 미스터리》, 《외행성계 미스터리》로 이어지는 ‘태양계 미스터리 시리즈’의 최신작.', 'https://image.aladin.co.kr/product/37789/62/cover200/k582033661_1.jpg');
INSERT INTO author (author_id, name) VALUES (316, '김종태');
INSERT INTO book_author (book_id, author_id) VALUES (269, 316);
INSERT INTO book (book_id, title, subcategory_id, publisher_id, price, point, published_date, description, image_url) VALUES (270, '폴 세잔처럼 세상 보기 - 세상을 단순한 도형으로 바라보다', 10, 97, 16110, 890, '2025-11-19', 'DK와 메트로폴리탄 미술관이 함께 만든 시리즈로, 세잔의 명작을 통해 사물의 본질을 바라보는 시선을 배우게 한다. 관찰과 반복으로 완성된 작품 세계와 직접 따라 해보는 활동까지 담아 어린이가 자신만의 창의적 시선을 키우도록 이끈다.', 'https://image.aladin.co.kr/product/37789/61/cover200/k572033661_1.jpg');
INSERT INTO author (author_id, name) VALUES (317, '에이미 굴리엘모');
INSERT INTO author (author_id, name) VALUES (318, '라우라 마르틴 (그림)');
INSERT INTO translator (translator_id, name) VALUES (44, '하지은');
INSERT INTO book_author (book_id, author_id) VALUES (270, 317);
INSERT INTO book_author (book_id, author_id) VALUES (270, 318);
INSERT INTO book_translator (book_id, translator_id) VALUES (270, 44);
INSERT INTO publisher (publisher_id, name) VALUES (135, '어크로스');
INSERT INTO book (book_id, title, subcategory_id, publisher_id, price, point, published_date, description, image_url) VALUES (271, 'AI 마케터가 온다 - 대화형 발견, 감정 설계, 몰입형 경험으로 판도를 뒤집는', 4, 135, 17820, 990, '2025-11-20', '', 'https://image.aladin.co.kr/product/37789/60/cover200/k442033661_1.jpg');
INSERT INTO author (author_id, name) VALUES (319, '이승윤');
INSERT INTO book_author (book_id, author_id) VALUES (271, 319);
INSERT INTO book (book_id, title, subcategory_id, publisher_id, price, point, published_date, description, image_url) VALUES (272, 'AI 로봇과 안전', 15, 133, 12000, 360, '2025-11-28', 'AI 로봇이 낳는 권리·재산·물리적·사회적 위험을 체계적으로 분류하고, 이를 측정할 수 있는 지표(11개 항목, 52개 지표)를 제시한다. 기술·윤리·정책을 아우르며 AI 로봇 시대의 공존 조건을 정밀하게 해설한다.', 'https://image.aladin.co.kr/product/37789/58/cover200/k422033661_1.jpg');
INSERT INTO author (author_id, name) VALUES (320, '송현경');
INSERT INTO book_author (book_id, author_id) VALUES (272, 320);
INSERT INTO book (book_id, title, subcategory_id, publisher_id, price, point, published_date, description, image_url) VALUES (273, '한여름에도 철 지난 패딩을 꺼내 입고', 6, 12, 10800, 600, '2025-11-17', '부크크에서 많은 사랑을 받았던 시집 &lt;네 향수가 그리운 어느 여름밤을 닮아서&gt;가 미공개 시와 새로운 제목 &lt;한 여름에도 철 지난 패딩을 꺼내 입고&gt;로 찾아왔다.', 'https://image.aladin.co.kr/product/37789/58/cover200/k432033661_1.jpg');
INSERT INTO author (author_id, name) VALUES (321, '김나윤');
INSERT INTO book_author (book_id, author_id) VALUES (273, 321);
INSERT INTO publisher (publisher_id, name) VALUES (136, '다봄');
INSERT INTO book (book_id, title, subcategory_id, publisher_id, price, point, published_date, description, image_url) VALUES (274, '[세트] 다봄 사회 정서 그림책 세트 - 전3권', 13, 136, 37800, 2100, '2025-11-10', '‘사회정서 그림책’은 아이가 자기 마음을 이해하고 타인의 감정을 공감하는 힘을 기르는 데 꼭 필요한 첫걸음이다. 감정은 억누르거나 회피할 대상이 아니라, 알아차리고 표현하며 다루는 과정 속에서 건강하게 자란다. 『나는 어떤 아이일까』는 자기 인식을, 『내가 말할 차례야』는 소통과 경청을, 『화가 나면 열을 세어 봐』는 자기 조절을 다룬다.', 'https://image.aladin.co.kr/product/37789/57/cover200/k482033661_1.jpg');
INSERT INTO author (author_id, name) VALUES (322, '앨리슨 스체친스키');
INSERT INTO author (author_id, name) VALUES (323, '프란체스카 달폰소');
INSERT INTO author (author_id, name) VALUES (324, '크리스티나 테바르');
INSERT INTO author (author_id, name) VALUES (325, '딘 그레이');
INSERT INTO author (author_id, name) VALUES (326, '마르 페레로 (그림)');
INSERT INTO author (author_id, name) VALUES (327, '한혜원');
INSERT INTO author (author_id, name) VALUES (328, '이승수');
INSERT INTO translator (translator_id, name) VALUES (45, '유아가다');
INSERT INTO book_author (book_id, author_id) VALUES (274, 322);
INSERT INTO book_author (book_id, author_id) VALUES (274, 323);
INSERT INTO book_author (book_id, author_id) VALUES (274, 324);
INSERT INTO book_author (book_id, author_id) VALUES (274, 325);
INSERT INTO book_author (book_id, author_id) VALUES (274, 326);
INSERT INTO book_author (book_id, author_id) VALUES (274, 327);
INSERT INTO book_author (book_id, author_id) VALUES (274, 328);
INSERT INTO book_translator (book_id, translator_id) VALUES (274, 45);
INSERT INTO book (book_id, title, subcategory_id, publisher_id, price, point, published_date, description, image_url) VALUES (275, '공간을 열다 문화를 짓다', 4, 52, 15120, 840, '2025-11-13', '커피를 팔고, 책을 진열하고, 테이블 몇 개를 놓는다고 해서 공간이 되는 건 아니었다. 나는 처음부터 ‘장소’를 만들고 싶었다. 누군가에게 특별한 기억이 생기는 곳, 다시 오고 싶은 이유가 만들어지는 곳. 그저 스쳐 가는 카페가 아니라, 머물고 싶은 이야기의 한 페이지가 되는 공간.', 'https://image.aladin.co.kr/img/noimg_b.gif');
INSERT INTO author (author_id, name) VALUES (329, '강온유');
INSERT INTO book_author (book_id, author_id) VALUES (275, 329);
INSERT INTO publisher (publisher_id, name) VALUES (137, '부민문화사');
INSERT INTO book (book_id, title, subcategory_id, publisher_id, price, point, published_date, description, image_url) VALUES (276, '2026 산림기사 산업기사 CBT 기출·복원문제 해설 30회 - 개정 출제기준에 의한 국가기술자격검정, 산림자원직공무원 시험 대비', 3, 137, 24000, 1200, '2026-01-15', '', 'https://image.aladin.co.kr/product/37789/56/cover200/8938504883_1.jpg');
INSERT INTO author (author_id, name) VALUES (330, '부민문화사 자연과학부');
INSERT INTO book_author (book_id, author_id) VALUES (276, 330);
INSERT INTO publisher (publisher_id, name) VALUES (138, '북라이프');
INSERT INTO subcategory (subcategory_id, category_id, subcategory_name) VALUES (27, 1, '좋은부모');
INSERT INTO book (book_id, title, subcategory_id, publisher_id, price, point, published_date, description, image_url) VALUES (277, '최고의 공부는 집에서 시작된다 - 스스로 묻고 끝까지 생각하는 아이로 키우는 법', 27, 138, 18900, 1050, '2025-11-24', '', 'https://image.aladin.co.kr/product/37789/55/cover200/k332033661_1.jpg');
INSERT INTO author (author_id, name) VALUES (331, '켄 베인');
INSERT INTO author (author_id, name) VALUES (332, '마샤 마셜 베인');
INSERT INTO translator (translator_id, name) VALUES (46, '정윤미');
INSERT INTO book_author (book_id, author_id) VALUES (277, 331);
INSERT INTO book_author (book_id, author_id) VALUES (277, 332);
INSERT INTO book_translator (book_id, translator_id) VALUES (277, 46);
INSERT INTO publisher (publisher_id, name) VALUES (139, '희담');
INSERT INTO book (book_id, title, subcategory_id, publisher_id, price, point, published_date, description, image_url) VALUES (278, '작별 너머 - 돌아올 수 없는 여행의 문', 6, 139, 24500, 1220, '2025-11-19', '단 두 권의 소설로 부커상을 거머쥔 천재적인 작가, 다비드 디옵의 세 번째 소설이다. 소설은 아프리카 세네갈과 프랑스를 오가며 펼쳐지는 모험담과 역사에 얽힌 비극적 사랑 이야기가 교차하며 작가 특유의 마술적 서사가 화려하게 펼쳐진다.', 'https://image.aladin.co.kr/product/37789/55/cover200/k322033661_1.jpg');
INSERT INTO author (author_id, name) VALUES (333, '다비드 디옵');
INSERT INTO translator (translator_id, name) VALUES (47, '목수정');
INSERT INTO book_author (book_id, author_id) VALUES (278, 333);
INSERT INTO book_translator (book_id, translator_id) VALUES (278, 47);
INSERT INTO book (book_id, title, subcategory_id, publisher_id, price, point, published_date, description, image_url) VALUES (279, '연두를 기다리며 - 연두의 순간은 언젠가 다시 찾아온다', 9, 126, 13500, 750, '2025-11-21', '연두가 품은 생명력 같은 일상의 순간을 계절·취향·영화와 연결해 다시 읽는 에세이다. 사소한 장면 속 위로와 성찰, 사계절의 감각을 담아 평범한 하루에도 숨어 있는 아름다움을 발견하게 한다.', 'https://image.aladin.co.kr/product/37789/54/cover200/k312033661_1.jpg');
INSERT INTO author (author_id, name) VALUES (334, '박현명');
INSERT INTO book_author (book_id, author_id) VALUES (279, 334);
INSERT INTO publisher (publisher_id, name) VALUES (140, '대경북스');
INSERT INTO book (book_id, title, subcategory_id, publisher_id, price, point, published_date, description, image_url) VALUES (280, 'Thomas Bach: The Olympic Reformer - Governance, Grace, and Global Games', 21, 140, 22500, 750, '2025-10-25', 'IOC 제9대 위원장 토마스 바흐의 비전과 리더십을 조명하며 올림픽 정신의 재정립을 담은 책이다. 평화와 통합의 가치, 그리고 이어지는 올림피즘의 울림을 깊이 있게 전한다.', 'https://image.aladin.co.kr/product/37789/52/cover200/k392033661_1.jpg');
INSERT INTO author (author_id, name) VALUES (335, '윤강로');
INSERT INTO book_author (book_id, author_id) VALUES (280, 335);
INSERT INTO book (book_id, title, subcategory_id, publisher_id, price, point, published_date, description, image_url) VALUES (281, '[큰글자책] 고광 스님의 불교 도장 깨기 - 새롭게 다가오는 붓다의 말, 더욱 선명해지는 삶의 지혜', 7, 44, 38000, NULL, '2025-11-17', '', 'https://image.aladin.co.kr/product/37789/51/cover200/k382033661_1.jpg');
INSERT INTO author (author_id, name) VALUES (336, '고광');
INSERT INTO book_author (book_id, author_id) VALUES (281, 336);
INSERT INTO book (book_id, title, subcategory_id, publisher_id, price, point, published_date, description, image_url) VALUES (282, '프리다 칼로처럼 세상 보기 - 자화상으로 세상을 마주 보다', 10, 97, 16110, 890, '2025-11-19', '《예술가의 창의적 시선》은 세계적인 영국 출판사 DK와 뉴욕 메트로폴리탄 미술관(The Met)의 합작으로 탄생했다. 이 시리즈는 메트로폴리탄에 소장된 작품을 중심으로 위대한 예술가들의 작품을 만날 수 있다. 시리즈의 두 번째 책은 천과 바늘로 세상을 수놓은 루이즈 부르주아의 이야기다.', 'https://image.aladin.co.kr/product/37789/50/cover200/k232033661_1.jpg');
INSERT INTO author (author_id, name) VALUES (337, '나탈리아 로하스 카스트로 (그림)');
INSERT INTO book_author (book_id, author_id) VALUES (282, 317);
INSERT INTO book_author (book_id, author_id) VALUES (282, 337);
INSERT INTO book_translator (book_id, translator_id) VALUES (282, 44);
INSERT INTO publisher (publisher_id, name) VALUES (141, '선율');
INSERT INTO book (book_id, title, subcategory_id, publisher_id, price, point, published_date, description, image_url) VALUES (283, '영성챙김 - 내 안의 빛을 찾아가는 여정', 7, 141, 18000, 1000, '2025-11-20', '불교나 힌두교의 해석에서 멈춰있던 마음챙김을 한국 개신교의 관점에서 교회사와 신학과 의학적으로 가장 적극적으로 해석한 책이기도 하다. 그렇게 이 책은 명상의 정신의학적, 심리학적 개념 정리로부터 시작해 성서적, 교회사적 근거를 제시할 뿐만 아니라 당장 실행 가능한 13가지 활용법을 담은 유도문까지 제시한다.', 'https://image.aladin.co.kr/product/37789/48/cover200/k142033661_1.jpg');
INSERT INTO author (author_id, name) VALUES (338, '채정호');
INSERT INTO book_author (book_id, author_id) VALUES (283, 338);
INSERT INTO publisher (publisher_id, name) VALUES (142, '스터짐북스');
INSERT INTO book (book_id, title, subcategory_id, publisher_id, price, point, published_date, description, image_url) VALUES (284, '스터짐 약술논술 완전해설편 수학 : 가천대 대비 (2026년)', 25, 142, 22500, 1250, '2025-11-05', '2025학년도 가천대학교 약술형논술 기출 전 문항을 EBS 수능특강·수능완성과의 연계 분석을 통해 완전 복원한 실전 대비서다. 출제자의 사고 구조를 역추적하여 서술 과정 자체를 훈련하도록 설계되었다. 수학Ⅰ·수학Ⅱ 전 범위의 개념을 융합적으로 연결하였다.', 'https://image.aladin.co.kr/product/37789/48/cover200/k262033661_1.jpg');
INSERT INTO author (author_id, name) VALUES (339, '스터짐 교재연구팀');
INSERT INTO book_author (book_id, author_id) VALUES (284, 339);
INSERT INTO book (book_id, title, subcategory_id, publisher_id, price, point, published_date, description, image_url) VALUES (285, '스터짐 파이널 모의고사 약술 논술 수학 (2026년)', 25, 142, 27000, 1500, '2025-11-05', '수학 약술논술 시행 대학 대비를 위한 실전 시뮬레이션 교재다. EBS 제시문을 논술 형식으로 변환해 실제 시험의 시간·문항·난이도를 반영했고, 논리적 서술력과 개념 연결력, 감점 없는 답안 구성력까지 훈련하도록 설계됐다. 실전 직전 완성 훈련서로 활용할 수 있다.', 'https://image.aladin.co.kr/product/37789/48/cover200/k252033661_1.jpg');
INSERT INTO book_author (book_id, author_id) VALUES (285, 339);
INSERT INTO publisher (publisher_id, name) VALUES (143, '세종출판사(이길안)');
INSERT INTO book (book_id, title, subcategory_id, publisher_id, price, point, published_date, description, image_url) VALUES (286, '국어사전이 기가 막혀', 6, 143, 12350, 650, '2025-10-31', '', 'https://image.aladin.co.kr/product/37789/46/cover200/k192033661_1.jpg');
INSERT INTO author (author_id, name) VALUES (340, '김일우');
INSERT INTO book_author (book_id, author_id) VALUES (286, 340);
INSERT INTO publisher (publisher_id, name) VALUES (144, '팩토리나인');
INSERT INTO book (book_id, title, subcategory_id, publisher_id, price, point, published_date, description, image_url) VALUES (287, '기이한 골동품 상점', 6, 144, 16020, 890, '2025-11-26', '궁서체로 ‘골동품점’이라 쓰인 간판을 걸고 기이한 물건들을 파는 골동품 상점. 마치 팝업스토어처럼 자리를 옮겨 다니며 나타나는 이 가게에는, 사연 많은 주인과 더 사연 많은 물건들이 모여 있다. 왕족의 태항아리부터 가문의 저주가 서린 놋그릇, 불멸의 사랑이라는 염원이 담긴 옥비녀에 이르기까지. 베일에 싸인 기이한 골동품들이 상점을 방문한 손님들의 마음을 흔들어놓는다. 과연 이 물건들은 축복이 될 것인가, 저주가 될 것인가?', 'https://image.aladin.co.kr/product/37789/45/cover200/k042033661_1.jpg');
INSERT INTO author (author_id, name) VALUES (341, '허아른');
INSERT INTO book_author (book_id, author_id) VALUES (287, 341);
INSERT INTO book (book_id, title, subcategory_id, publisher_id, price, point, published_date, description, image_url) VALUES (288, '스터짐 파이널 모의고사 가천대 논술 수학 심화 (2026년)', 25, 142, 27000, 1500, '2025-11-05', '2026학년도 약술논술 대비를 위한 실전 파이널 시뮬레이션 교재다. EBS 심화 문항을 기반으로 실제 출제 경향을 분석해 가천대·삼육대식 심화 논술을 재현했고, 각 회차마다 출제 원리와 서술 구조, 모범답안, 손글씨 해설을 체계적으로 제공한다. 한 권으로 실전 감각과 논리적 서술력을 완성할 수 있다.', 'https://image.aladin.co.kr/product/37789/45/cover200/k082033661_1.jpg');
INSERT INTO book_author (book_id, author_id) VALUES (288, 339);
INSERT INTO book (book_id, title, subcategory_id, publisher_id, price, point, published_date, description, image_url) VALUES (289, '스터짐 약술논술 완전해설편 수학 : 국민대 대비 (2026년)', 25, 142, 22500, 1250, '2025-11-05', '2026학년도 국민대 약술형논술을 공식 모의문제로 완전 분석해 출제 경향과 문항 구조를 복원한 대비서다. EBS 연계 분석, 핵심 개념 구조도, 실전 답안 손글씨 해설, 감점 없이 쓰는 문장 훈련을 담아 출제 의도부터 답안 작성 흐름까지 한 권으로 익히게 한다.', 'https://image.aladin.co.kr/product/37789/43/cover200/k872033660_1.jpg');
INSERT INTO book_author (book_id, author_id) VALUES (289, 339);
INSERT INTO publisher (publisher_id, name) VALUES (145, '문학과지성사');
INSERT INTO book (book_id, title, subcategory_id, publisher_id, price, point, published_date, description, image_url) VALUES (290, '자개장의 용도', 6, 145, 15300, 850, '2025-11-11', '뚜렷한 색채와 감각적인 표현으로 독보적인 존재감을 구축해온 소설가 함윤이의 첫번째 소설집 『자개장의 용도』가 문학과지성사에서 출간되었다. 평단의 주목과 독자의 성원을 고루 받은 「강가/Ganga」 「천사들(가제)」, 2023년 젊은작가상 수상작 「자개장의 용도」 등 일곱 단편이 묶여 있다.', 'https://image.aladin.co.kr/product/37789/42/cover200/8932044694_1.jpg');
INSERT INTO author (author_id, name) VALUES (342, '함윤이');
INSERT INTO book_author (book_id, author_id) VALUES (290, 342);
INSERT INTO publisher (publisher_id, name) VALUES (146, '워십리더');
INSERT INTO book (book_id, title, subcategory_id, publisher_id, price, point, published_date, description, image_url) VALUES (291, '현대 예배와 찬양이란 무엇인가? - 현대 예배와 찬양 신학의 성경적 기초와 본질', 7, 146, 16200, 900, '2025-11-20', '현대 예배와 찬양의 세계 최고 권위자, 레스터 루스 교수의 신간이다. 다음 세대와 미래 예배를 준비하기 위한 현대 예배와 찬양의 성경적 본질과 기초를 담았다.', 'https://image.aladin.co.kr/product/37789/40/cover200/k852033660_1.jpg');
INSERT INTO book_author (book_id, author_id) VALUES (291, 311);
INSERT INTO book_translator (book_id, translator_id) VALUES (291, 43);
INSERT INTO publisher (publisher_id, name) VALUES (147, '글벗');
INSERT INTO book (book_id, title, subcategory_id, publisher_id, price, point, published_date, description, image_url) VALUES (292, '바람에도 향기가 있다', 6, 147, 13500, 750, '2025-10-24', '2025년 계간 글벗에 시조로 등단한 안철수 시인이 췌장암과 간암으로 투병 중에 이를 극복하기 위해 열정으로 쓴 첫 번째 시와 시조 작품집이다. 첫 시집『바람에도 향기가 있다』는 시를 쓰는 일은 암 투병의 기록이자 그 아픔을 극복하고자 노력하는 자신의 삶과 생각을 담았다.', 'https://image.aladin.co.kr/product/37789/39/cover200/8965333067_1.jpg');
INSERT INTO author (author_id, name) VALUES (343, '안철수');
INSERT INTO book_author (book_id, author_id) VALUES (292, 343);
INSERT INTO book (book_id, title, subcategory_id, publisher_id, price, point, published_date, description, image_url) VALUES (293, '빈센트 반 고흐처럼 세상 보기 - 태양의 색채로 세상을 그리다', 10, 97, 16110, 890, '2025-11-19', '《예술가의 창의적 시선》은 세계적인 영국 출판사 DK와 뉴욕 메트로폴리탄 미술관(The Met)의 합작으로 탄생했다. 이 시리즈는 메트로폴리탄에 소장된 작품을 중심으로 위대한 예술가들의 작품을 만날 수 있다. 대표작을 통해 예술가들이 어떤 삶을 살았는지, 어떤 감정을 품었는지, 어떤 고민을 하며 걸작을 완성했는지를 생생해 보여 준다.', 'https://image.aladin.co.kr/product/37789/39/cover200/k712033660_1.jpg');
INSERT INTO author (author_id, name) VALUES (344, '페트라 브라운 (그림)');
INSERT INTO book_author (book_id, author_id) VALUES (293, 317);
INSERT INTO book_author (book_id, author_id) VALUES (293, 344);
INSERT INTO book_translator (book_id, translator_id) VALUES (293, 44);
INSERT INTO publisher (publisher_id, name) VALUES (148, '문학동네');
INSERT INTO book (book_id, title, subcategory_id, publisher_id, price, point, published_date, description, image_url) VALUES (294, '[세트] 나나 올리브에게 + 긴긴밤 - 전2권', 10, 148, 24750, 1370, '2025-11-20', '', 'https://image.aladin.co.kr/product/37789/39/cover200/k782033660_1.jpg');
INSERT INTO author (author_id, name) VALUES (345, '루리');
INSERT INTO book_author (book_id, author_id) VALUES (294, 345);
INSERT INTO publisher (publisher_id, name) VALUES (149, '인싸이트(학지사심리검사연구소)');
INSERT INTO book (book_id, title, subcategory_id, publisher_id, price, point, published_date, description, image_url) VALUES (295, '레디~액션! 의사소통 게임', 14, 149, 35000, 1750, '2025-11-17', '<레디~액션! 의사소통 게임>은 상황카드를 활용한 대사 및 이야기 만들기 활동을 통해 표현력, 관찰력, 타인조망능력, 상호작용능력 등 대인관계능력을 길러주는 게임이다.', 'https://image.aladin.co.kr/product/37789/36/cover200/k682033660_1.jpg');
INSERT INTO author (author_id, name) VALUES (346, '서미정');
INSERT INTO author (author_id, name) VALUES (347, '안성호');
INSERT INTO book_author (book_id, author_id) VALUES (295, 346);
INSERT INTO book_author (book_id, author_id) VALUES (295, 347);
INSERT INTO publisher (publisher_id, name) VALUES (150, '위즈덤하우스');
INSERT INTO book (book_id, title, subcategory_id, publisher_id, price, point, published_date, description, image_url) VALUES (296, '하루 3분 초등 읽기머리 퀴즈 365 (스프링)', 27, 150, 19800, 1100, '2025-11-19', '초등학생의 문해력과 독해력을 키우기 위해 만들어진 최초의 교과형 일력이다. 하루 한 장 퀴즈 형식으로 구성되어 아이가 흥미를 잃지 않고 꾸준히 읽기 습관을 형성하도록 돕는다. 국어, 사회, 역사, 과학, 시사 등 다양한 교과 기반 지문으로 교과 상식과 사고력 또한 함께 키울 수 있다.', 'https://image.aladin.co.kr/product/37789/34/cover200/k652033660_1.jpg');
INSERT INTO author (author_id, name) VALUES (348, '오현선');
INSERT INTO book_author (book_id, author_id) VALUES (296, 348);
INSERT INTO publisher (publisher_id, name) VALUES (151, '한국학력평가원');
INSERT INTO book (book_id, title, subcategory_id, publisher_id, price, point, published_date, description, image_url) VALUES (297, '연마 중학 수학 2-1 (2025년) - 2022 개정 교육과정, 연산으로 마스터하는', 23, 151, 11700, 650, '2025-11-18', '', 'https://image.aladin.co.kr/product/37789/34/cover200/895914634x_1.jpg');
INSERT INTO author (author_id, name) VALUES (349, '한국학력평가원 편집부');
INSERT INTO book_author (book_id, author_id) VALUES (297, 349);
INSERT INTO book (book_id, title, subcategory_id, publisher_id, price, point, published_date, description, image_url) VALUES (298, '루이즈 부르주아처럼 세상 보기 - 섬세한 바느질로 세상을 수놓다', 10, 97, 16110, 890, '2025-11-19', '《예술가의 창의적 시선》은 세계적인 영국 출판사 DK와 뉴욕 메트로폴리탄 미술관(The Met)의 합작으로 탄생했다. 이 시리즈는 메트로폴리탄에 소장된 작품을 중심으로 위대한 예술가들의 작품을 만날 수 있다. 시리즈의 두 번째 책은 천과 바늘로 세상을 수놓은 루이즈 부르주아의 이야기다.', 'https://image.aladin.co.kr/product/37789/30/cover200/k442033660_1.jpg');
INSERT INTO author (author_id, name) VALUES (350, '케이티 냅 (그림)');
INSERT INTO book_author (book_id, author_id) VALUES (298, 317);
INSERT INTO book_author (book_id, author_id) VALUES (298, 350);
INSERT INTO book_translator (book_id, translator_id) VALUES (298, 44);
INSERT INTO book (book_id, title, subcategory_id, publisher_id, price, point, published_date, description, image_url) VALUES (299, '밀알 하나의 자화상', 6, 143, 12350, 650, '2025-11-10', '', 'https://image.aladin.co.kr/product/37789/29/cover200/k412033660_1.jpg');
INSERT INTO author (author_id, name) VALUES (351, '김봉성');
INSERT INTO book_author (book_id, author_id) VALUES (299, 351);
INSERT INTO book (book_id, title, subcategory_id, publisher_id, price, point, published_date, description, image_url) VALUES (300, '나나 올리브에게', 10, 148, 13500, 750, '2025-11-20', '', 'https://image.aladin.co.kr/product/37789/25/cover200/k392033660_1.jpg');
INSERT INTO book_author (book_id, author_id) VALUES (300, 345);
INSERT INTO publisher (publisher_id, name) VALUES (152, '한림출판사');
INSERT INTO book (book_id, title, subcategory_id, publisher_id, price, point, published_date, description, image_url) VALUES (301, '나는 청이 아빠입니다', 13, 152, 14400, 800, '2025-11-10', '앞을 보지 못하는 청이 아빠가 제일 보고 싶은 것은 청이 얼굴이다. 청이는 아빠의 눈을 뜨게 해 줄 공양미 삼백 석을 구하기 위해 바다로 가는 것을 고민하는데, 이를 알게 된 마을 사람들은 청이 가족을 지키기 위해 청이 아빠에게 필요한 것을 만들어 준다. 청이는 아빠와 행복하게 살 수 있을까?', 'https://image.aladin.co.kr/product/37789/24/cover200/k242033660_1.jpg');
INSERT INTO author (author_id, name) VALUES (352, '최수정');
INSERT INTO book_author (book_id, author_id) VALUES (301, 352);
INSERT INTO publisher (publisher_id, name) VALUES (153, '북포럼');
INSERT INTO book (book_id, title, subcategory_id, publisher_id, price, point, published_date, description, image_url) VALUES (302, '첫사랑은 꽃잎을 스치는 봄바람처럼 살랑살랑 그렇게', 6, 153, 18000, 900, '2025-11-27', '', 'https://image.aladin.co.kr/product/37789/24/cover200/k232033660_1.jpg');
INSERT INTO author (author_id, name) VALUES (353, '박일윤');
INSERT INTO book_author (book_id, author_id) VALUES (302, 353);
INSERT INTO book (book_id, title, subcategory_id, publisher_id, price, point, published_date, description, image_url) VALUES (303, '레 미제라블 1 : 발장의 새로운 시작', 10, 97, 15210, 840, '2025-11-19', '프랑스의 위대한 작가 빅토르 위고는 《레 미제라블》이라는 명작을 남겼다. 프랑스 혁명이라는 격변의 시대를 배경으로 한 이 작품은 장 발장을 비롯한 인물들이 시대의 거센 흐름 속에서 살아가는 모습을 생생하게 그려 낸다.', 'https://image.aladin.co.kr/product/37789/24/cover200/k222033660_2.jpg');
INSERT INTO author (author_id, name) VALUES (354, '빅토르 위고 (원작)');
INSERT INTO author (author_id, name) VALUES (355, '안경순 (글)');
INSERT INTO author (author_id, name) VALUES (356, '연무 (그림)');
INSERT INTO book_author (book_id, author_id) VALUES (303, 354);
INSERT INTO book_author (book_id, author_id) VALUES (303, 355);
INSERT INTO book_author (book_id, author_id) VALUES (303, 356);
INSERT INTO book (book_id, title, subcategory_id, publisher_id, price, point, published_date, description, image_url) VALUES (304, '클로드 모네처럼 세상 보기 - 빛과 색으로 세상의 순간을 담다', 10, 97, 16110, 890, '2025-11-19', '예술가의 창의적 시선 시리즈에서는 메트로폴리탄에 소장된 작품을 중심으로 위대한 예술가들의 작품을 만날 수 있다. 대표작을 통해 예술가들이 어떤 삶을 살았는지, 어떤 감정을 품었는지, 어떤 고민을 하며 걸작을 완성했는지를 생생해 보여 준다.', 'https://image.aladin.co.kr/product/37789/23/cover200/k202033660_1.jpg');
INSERT INTO author (author_id, name) VALUES (357, '지니 수 (그림)');
INSERT INTO book_author (book_id, author_id) VALUES (304, 317);
INSERT INTO book_author (book_id, author_id) VALUES (304, 357);
INSERT INTO book_translator (book_id, translator_id) VALUES (304, 44);
INSERT INTO publisher (publisher_id, name) VALUES (154, '구미서관');
INSERT INTO book (book_id, title, subcategory_id, publisher_id, price, point, published_date, description, image_url) VALUES (305, '철도교통 안전관리자 - 철도종사자를 위한 전문서, 교통안전관리론/교통법규/철도공학/열차운전/예상문제 수록', 3, 154, 34200, 1800, '2025-11-01', '철도교통 안전관리자 시험의 취지를 반영해 최신 출제경향과 개정 법령을 체계적으로 정리하고, 다양한 문제와 상세한 해설로 단기간에도 혼자서 학습 가능하도록 구성한 교재다.', 'https://image.aladin.co.kr/product/37789/23/cover200/k292033660_1.jpg');
INSERT INTO author (author_id, name) VALUES (358, '박정수');
INSERT INTO book_author (book_id, author_id) VALUES (305, 358);
INSERT INTO book (book_id, title, subcategory_id, publisher_id, price, point, published_date, description, image_url) VALUES (306, '꿈, 어느 봄날', 6, 143, 11400, 600, '2025-11-12', '', 'https://image.aladin.co.kr/product/37789/20/cover200/k262033660_1.jpg');
INSERT INTO author (author_id, name) VALUES (359, '황분선');
INSERT INTO book_author (book_id, author_id) VALUES (306, 359);
INSERT INTO book (book_id, title, subcategory_id, publisher_id, price, point, published_date, description, image_url) VALUES (307, '지친 영혼에게 보내는 엽서 - 흔들리는 날에도 내일을 부르는 이야기', 9, 27, 16200, 900, '2025-12-02', '삶의 어느 시점에서 멈춰 선 사람들을 위한 위로의 기록이다. 상실, 우울, 외로움, 그리고 회복. 이 책은 아픔을 피하지 않고 정면으로 바라보며, 그 속에서도 어떻게 다시 삶의 의지를 회복하는지를 담담히 써 내려간다.', 'https://image.aladin.co.kr/product/37789/19/cover200/k142033660_1.jpg');
INSERT INTO author (author_id, name) VALUES (360, '보나쓰');
INSERT INTO book_author (book_id, author_id) VALUES (307, 360);
INSERT INTO publisher (publisher_id, name) VALUES (155, '학문아카이브');
INSERT INTO book (book_id, title, subcategory_id, publisher_id, price, point, published_date, description, image_url) VALUES (308, '토핑보카 교과서 영단어·영영풀이 중2-1 통합편 (2026년) - 2022 개정교육과정', 23, 155, 13500, 750, '2025-11-25', '중학교 2학년 10종 영어교과서 1학기 전 과정의 신출 단어를 분석하여 학습단어로 선정하였다. 중학교 교과서 점유율순으로 중복을 제외하면서 신출필수단어를 수록하였다. 따라쓰고 스텝별 체크를 통해 따라가면 자동암기되는 시스템이다.', 'https://image.aladin.co.kr/product/37789/18/cover200/k252033660_1.jpg');
INSERT INTO author (author_id, name) VALUES (361, '김행필');
INSERT INTO book_author (book_id, author_id) VALUES (308, 361);
INSERT INTO publisher (publisher_id, name) VALUES (156, '빅데스크');
INSERT INTO book (book_id, title, subcategory_id, publisher_id, price, point, published_date, description, image_url) VALUES (309, '어린이 감정 요가', 10, 156, 13500, 750, '2025-10-21', '어린이가 감정을 다스리는 방법을 배우며 바른 체형을 기르는 데 도움을 주는 요가책이다. 들뜬 마음을 가라앉히고 우울·분노·불안을 조절하며 평온함을 확장하는 다양한 요가 동작을 기분에 따라 골라 하도록 구성했다. 스스로 감정을 조정하는 경험을 통해 잔소리로는 전하기 어려운 자기 관리 능력을 자연스럽게 익히게 한다.', 'https://image.aladin.co.kr/product/37789/18/cover200/k112033660_1.jpg');
INSERT INTO author (author_id, name) VALUES (362, '아녜스 글리오조');
INSERT INTO author (author_id, name) VALUES (363, '마리 포르 엠브와즈 (삽화)');
INSERT INTO book_author (book_id, author_id) VALUES (309, 362);
INSERT INTO book_author (book_id, author_id) VALUES (309, 363);
INSERT INTO publisher (publisher_id, name) VALUES (157, '작업실유령');
INSERT INTO book (book_id, title, subcategory_id, publisher_id, price, point, published_date, description, image_url) VALUES (310, '음향 덩어리의 전조', 2, 157, 25200, 1400, '2025-11-14', '‘악보들’ 시리즈의 마지막 권으로, 멜로디의 선이 흐트러지고 음향의 덩어리가 등장한 동시대 음악의 기원을 탐구한다. 바레즈와 스트라빈스키 등 혁신적 작곡가들의 작업을 통해 조성의 경계 바깥에서 확장된 듣기의 방식을 제안한다.', 'https://image.aladin.co.kr/product/37789/15/cover200/k042033660_1.jpg');
INSERT INTO author (author_id, name) VALUES (364, '신예슬');
INSERT INTO author (author_id, name) VALUES (365, '오민');
INSERT INTO author (author_id, name) VALUES (366, '문석민');
INSERT INTO book_author (book_id, author_id) VALUES (310, 364);
INSERT INTO book_author (book_id, author_id) VALUES (310, 365);
INSERT INTO book_author (book_id, author_id) VALUES (310, 366);
INSERT INTO publisher (publisher_id, name) VALUES (158, '나눔book');
INSERT INTO book (book_id, title, subcategory_id, publisher_id, price, point, published_date, description, image_url) VALUES (311, '2026 청소년상담사 3급 이론서 전과목 통합서', 3, 158, 39600, 2200, '2026-01-02', '청소년상담사 3급 필기 합격을 위해 과목별 출제기준에 맞춰 이론을 정리하고 기출 핵심을 반영했다. 실력다지기·심화학습·기출 확인학습으로 효율을 높였고, 저자 직강 영상강의와 Q&A 게시판, 학습 커뮤니티까지 활용해 체계적으로 준비할 수 있다.', 'https://image.aladin.co.kr/product/37789/15/cover200/k012033660_1.jpg');
INSERT INTO author (author_id, name) VALUES (367, '김형준');
INSERT INTO author (author_id, name) VALUES (368, '유상현');
INSERT INTO book_author (book_id, author_id) VALUES (311, 367);
INSERT INTO book_author (book_id, author_id) VALUES (311, 368);
INSERT INTO publisher (publisher_id, name) VALUES (159, '연극과인간');
INSERT INTO book (book_id, title, subcategory_id, publisher_id, price, point, published_date, description, image_url) VALUES (312, '배우의 지혜 - 배우의 도구들', 2, 159, 17000, 170, '2025-11-11', '“배우의 도구들”이라는 부제처럼 배우가 연기를 시작해 무대에 오르기까지 거치는 모든 순간을 실질적으로 안내하는 책이다. 배우는 자신이면서 동시에 등장인물로 존재해야 하기에, 자기 이해와 상대와의 소통, 역할 분석, 무대에서의 수행까지 복합적인 과정을 경험한다.
', 'https://image.aladin.co.kr/product/37789/15/cover200/k082033660_1.jpg');
INSERT INTO author (author_id, name) VALUES (369, '김석만');
INSERT INTO book_author (book_id, author_id) VALUES (312, 369);
INSERT INTO publisher (publisher_id, name) VALUES (160, '동아시아');
INSERT INTO book (book_id, title, subcategory_id, publisher_id, price, point, published_date, description, image_url) VALUES (313, '우주탐사의 역사 - 물리학 지식과 함께하는 인류의 우주탐사 발자취', 11, 160, 19800, 1100, '2025-11-20', '현재의 우주탐사의 모습은 물론이고, 인류가 어떻게 우주탐사를 시작했으며 어떠한 노력과 과정을 거쳐 발전시켜 왔는지, 그 모든 역사에 대해 상세히 서술한 친절한 안내서다. 물리학적 지식을 곁들여 과학적인 정보를 풍부히 제공하면서도, 역사적 서술을 따라가는 재미 또한 놓치지 않았다.', 'https://image.aladin.co.kr/product/37789/10/cover200/8962626829_1.jpg');
INSERT INTO author (author_id, name) VALUES (370, '윤복원');
INSERT INTO book_author (book_id, author_id) VALUES (313, 370);
INSERT INTO publisher (publisher_id, name) VALUES (161, '시그마북스');
INSERT INTO book (book_id, title, subcategory_id, publisher_id, price, point, published_date, description, image_url) VALUES (314, '하루 한 장 부처의 가르침 - 당신의 오늘을 밝혀줄 366가지 지혜', 12, 161, 15120, 840, '2025-12-01', '', 'https://image.aladin.co.kr/product/37789/8/cover200/k952033660_1.jpg');
INSERT INTO author (author_id, name) VALUES (371, '알루보물레 스마나사라');
INSERT INTO translator (translator_id, name) VALUES (48, '심지애');
INSERT INTO book_author (book_id, author_id) VALUES (314, 371);
INSERT INTO book_translator (book_id, translator_id) VALUES (314, 48);
INSERT INTO book (book_id, title, subcategory_id, publisher_id, price, point, published_date, description, image_url) VALUES (315, '재료열역학 - 처음 배우는 학생을 위한 열역학', 14, 126, 22500, 1250, '2025-12-01', '열과 일의 원리를 다루는 열역학을 재료공학 관점에서 쉽게 설명하며, 엔트로피와 자유에너지로 자연현상을 해석하고 이상기체·용액 모델을 실제 평형 문제에 적용하는 방법을 단계적으로 안내한다.', 'https://image.aladin.co.kr/product/37789/8/cover200/k842033669_1.jpg');
INSERT INTO author (author_id, name) VALUES (372, '한주환');
INSERT INTO book_author (book_id, author_id) VALUES (315, 372);
INSERT INTO publisher (publisher_id, name) VALUES (162, '하늘퍼블리싱');
INSERT INTO book (book_id, title, subcategory_id, publisher_id, price, point, published_date, description, image_url) VALUES (316, '홀리와 아이비', 10, 162, 15300, 850, '2025-11-22', '', 'https://image.aladin.co.kr/product/37789/7/cover200/k832033669_1.jpg');
INSERT INTO author (author_id, name) VALUES (373, '마거릿 루머 고든');
INSERT INTO author (author_id, name) VALUES (374, '마렌 브리스발터 (그림)');
INSERT INTO translator (translator_id, name) VALUES (49, '한미경');
INSERT INTO book_author (book_id, author_id) VALUES (316, 373);
INSERT INTO book_author (book_id, author_id) VALUES (316, 374);
INSERT INTO book_translator (book_id, translator_id) VALUES (316, 49);
INSERT INTO book (book_id, title, subcategory_id, publisher_id, price, point, published_date, description, image_url) VALUES (317, '2026 청소년상담사 2급 이론서 전과목 통합서', 3, 158, 41400, 2300, '2026-01-02', '청소년상담사 2급 필기시험을 대비할 수 있는 이론서다. 한국산업인력공단의 과목별 출제기준에 맞춘 이론을 수록하였다. 역대 기출문제의 핵심 중요내용을 반영하였고, [실력다지기], [심화학습], [기출 확인학습]으로 학습 효율성을 UP시킬 수 있다.', 'https://image.aladin.co.kr/product/37789/6/cover200/k882033669_1.jpg');
INSERT INTO book_author (book_id, author_id) VALUES (317, 367);
INSERT INTO book_author (book_id, author_id) VALUES (317, 368);
INSERT INTO publisher (publisher_id, name) VALUES (163, '건기원');
INSERT INTO book (book_id, title, subcategory_id, publisher_id, price, point, published_date, description, image_url) VALUES (318, '2026 합격Easy 정보처리기사 필기 - 전2권 - 2025년 CBT 기출복원문제 수록+CBT 모의고사+합격Easy 학습지원센터', 3, 163, 31500, 1750, '2025-11-25', 'CBT 2025 기출복원과 2026 대비 모의고사로 실전 감각을 높이고 최빈출 핵심만 수록해 빠르게 점수를 완성한다. QR 무료특강과 친절한 해설로 비전공자도 쉽게 이해하며 학습지원센터의 실시간 피드백과 최신 경향 업데이트로 단기간 합격을 돕는 정보처리기사 필기 대비 교재다.', 'https://image.aladin.co.kr/product/37789/5/cover200/k852033669_1.jpg');
INSERT INTO author (author_id, name) VALUES (375, '남궁일주');
INSERT INTO author (author_id, name) VALUES (376, '남궁영');
INSERT INTO author (author_id, name) VALUES (377, '장석준');
INSERT INTO book_author (book_id, author_id) VALUES (318, 375);
INSERT INTO book_author (book_id, author_id) VALUES (318, 376);
INSERT INTO book_author (book_id, author_id) VALUES (318, 377);
INSERT INTO book (book_id, title, subcategory_id, publisher_id, price, point, published_date, description, image_url) VALUES (319, '기울어지는 쪽으로 꽃이 핀다 - 시산작가회 2025년도 작품집', 6, 126, 13500, 750, '2025-11-25', '‘시산작가회’ 2025년도 작품집이다. ‘시산작가회’는 산골에서 고요 지키는 다복솔로 살거나, 들녘 정적 메우는 쑥부쟁이로 지내면서 깜냥깜냥 문학을 누리고 나누는 모둠이다. 네이버 카페 ‘시산문’ 회원 30여 명으로 이루어졌으며 해마다 작품집을 세상으로 보낸다.', 'https://image.aladin.co.kr/product/37789/4/cover200/k712033669_1.jpg');
INSERT INTO author (author_id, name) VALUES (378, '시산작가회');
INSERT INTO book_author (book_id, author_id) VALUES (319, 378);
INSERT INTO publisher (publisher_id, name) VALUES (164, '부키');
INSERT INTO book (book_id, title, subcategory_id, publisher_id, price, point, published_date, description, image_url) VALUES (320, '우리에게는 매일 철학이 필요하다 - 니체, 노자, 데카르트의 생각법이 오늘 내 고민에 답이 되는 순간', 12, 164, 16020, 890, '2025-12-03', '오컴의 면도날, 노자의 무위, 키르케고르의 도약, 니체의 긍정을 연애·번아웃·결혼 등 생활 속 상황에 적용하며 철학을 실용적 언어로 풀어낸다. 고민만 하던 독자도 다양한 렌즈로 문제를 바라보며 더 명료하고 자신감 있게 결정하도록 돕는 안내서다.', 'https://image.aladin.co.kr/product/37789/4/cover200/k782033669_1.jpg');
INSERT INTO author (author_id, name) VALUES (379, '피터 홀린스');
INSERT INTO translator (translator_id, name) VALUES (50, '김고명');
INSERT INTO book_author (book_id, author_id) VALUES (320, 379);
INSERT INTO book_translator (book_id, translator_id) VALUES (320, 50);
INSERT INTO subcategory (subcategory_id, category_id, subcategory_name) VALUES (28, 1, '요리/살림');
INSERT INTO book (book_id, title, subcategory_id, publisher_id, price, point, published_date, description, image_url) VALUES (321, '스눕 독의 도파민 키친 - 힙합 레전드에서 요리 천재로 거듭난 스눕 독의 소울 푸드 레시피 50', 28, 150, 26100, 1450, '2025-11-19', '스눕 독 첫 요리책은 미국 150만 부 밀리언셀러로 뉴욕타임스 1위를 기록했다. 마사 스튜어트 서문과 50가지 레시피, 감각적 사진과 ‘진 앤 주스’까지 담아 힙합 아이콘의 부엌을 집에서 그대로 경험할 수 있다.', 'https://image.aladin.co.kr/product/37789/2/cover200/k612033669_1.jpg');
INSERT INTO author (author_id, name) VALUES (380, '스눕 독 (Snoop Dogg)');
INSERT INTO translator (translator_id, name) VALUES (51, '박아람');
INSERT INTO book_author (book_id, author_id) VALUES (321, 380);
INSERT INTO book_translator (book_id, translator_id) VALUES (321, 51);
INSERT INTO publisher (publisher_id, name) VALUES (165, '생각의힘');
INSERT INTO book (book_id, title, subcategory_id, publisher_id, price, point, published_date, description, image_url) VALUES (322, '정희원의 저속노화 명심 필사 노트', 21, 165, 19800, 1100, '2025-12-01', '대한민국이 공감한 저속노화 신드롬의 주인공, 전 아산병원 노년내과 정희원 교수의 첫 번째 필사집. 일명 ‘정희원 어록’으로 화제가 된 SNS 포스팅부터 그동안 펴낸 책들에서 길어 올린 건강 철학들, 인터뷰와 강연 등에서 거듭 강조했던 핵심들까지 폭넓게 정리하고, 그중 가장 중요한 지침 101개만을 철저히 엄선해 수록했다.', 'https://image.aladin.co.kr/product/37789/0/cover200/k682033669_1.jpg');
INSERT INTO author (author_id, name) VALUES (381, '정희원');
INSERT INTO book_author (book_id, author_id) VALUES (322, 381);
INSERT INTO publisher (publisher_id, name) VALUES (166, '드베(DBE)');
INSERT INTO book (book_id, title, subcategory_id, publisher_id, price, point, published_date, description, image_url) VALUES (323, '상당문학 제7집 - 가을에 꿈을 적시니 해맑다', 6, 166, 13500, 750, '2025-11-10', '', 'https://image.aladin.co.kr/product/37788/94/cover200/k652033669_1.jpg');
INSERT INTO author (author_id, name) VALUES (382, '상당문학회');
INSERT INTO book_author (book_id, author_id) VALUES (323, 382);
INSERT INTO publisher (publisher_id, name) VALUES (167, '황금알');
INSERT INTO book (book_id, title, subcategory_id, publisher_id, price, point, published_date, description, image_url) VALUES (324, '삶은 팍팍하고 생은 울컥한다', 6, 167, 12000, 600, '2025-11-28', '김연종 시인의 외면은 시류를 따라가는 듯 범속해 보이나 사실 그의 내면은 일상의 탁류를 증류하는 추상의 물결로 일렁인다. 걸쭉한 해학과 날랜 재담의 행간에서 그의 유심은 변방의 지장(知將)처럼 삶의 경계선 너머를 날카롭게 응시한다.', 'https://image.aladin.co.kr/product/37788/93/cover200/k662033669_1.jpg');
INSERT INTO author (author_id, name) VALUES (383, '김연종');
INSERT INTO book_author (book_id, author_id) VALUES (324, 383);
INSERT INTO publisher (publisher_id, name) VALUES (168, '북스톤');
INSERT INTO book (book_id, title, subcategory_id, publisher_id, price, point, published_date, description, image_url) VALUES (325, '에브리웨어 경제학 - 글로벌 시대의 경제 문해력 수업', 4, 168, 17100, 950, '2025-12-02', '전쟁, 금리, 환율, 기술 혁신, 인구 변화 같은 ‘머나먼 세계의 이야기’가 어떻게 우리의 점심값, 월세, 대출이자, 일자리, 소비 습관에 파고들까? 《에브리웨어 경제학》은 글로벌 뉴스와 거시경제가 개인의 일상과 정교하게 맞닿아 있음을, 구체적인 사례와 함께 누구나 쉽게 이해할 수 있는 언어로 설명한다.', 'https://image.aladin.co.kr/product/37788/90/cover200/k512033669_2.jpg');
INSERT INTO author (author_id, name) VALUES (384, '김경곤');
INSERT INTO book_author (book_id, author_id) VALUES (325, 384);
INSERT INTO publisher (publisher_id, name) VALUES (169, '비즈니스북스');
INSERT INTO book (book_id, title, subcategory_id, publisher_id, price, point, published_date, description, image_url) VALUES (326, '신 로지컬 씽킹 - 압도적 성과를 만드는 새로운 논리적 사고의 교과서', 4, 169, 17550, 970, '2025-11-24', 'AI 시대에 스스로 생각하는 힘을 되찾아야 한다는 화두를 던지며 로지컬 씽킹의 가치를 다시 짚는다. 4년 연속 최우수 직원으로 선정된 컨설턴트 모치즈키 안디가 회의·보고·기획·영업 등 실전에서 논리를 창의적으로 쓰는 법을 구체적으로 안내해 누구나 기본기를 다지고 설득력을 높일 수 있게 한다.', 'https://image.aladin.co.kr/product/37788/87/cover200/k552033669_1.jpg');
INSERT INTO author (author_id, name) VALUES (385, '모치즈키 안디');
INSERT INTO translator (translator_id, name) VALUES (52, '김윤경');
INSERT INTO author (author_id, name) VALUES (386, '이준희 (감수)');
INSERT INTO book_author (book_id, author_id) VALUES (326, 385);
INSERT INTO book_author (book_id, author_id) VALUES (326, 386);
INSERT INTO book_translator (book_id, translator_id) VALUES (326, 52);
INSERT INTO publisher (publisher_id, name) VALUES (170, '피앤씨미디어');
INSERT INTO book (book_id, title, subcategory_id, publisher_id, price, point, published_date, description, image_url) VALUES (327, 'AI가 빚어내는 도시재생사업 혁신 알고리즘', 14, 170, 20000, 600, '2025-11-20', 'AI가 도시재생의 사고방식과 전략을 바꾸며 노후 도시의 문제를 새롭게 해석한다. 가상사례로 머신 러닝·딥 러닝·생성형 AI의 활용을 쉽게 보여주고, 경제·상권·주거·공동체 재생을 종합적으로 설명한다. 전공자와 일반 독자가 미래 도시의 변화를 상상하며 AI 기반 도시재생의 가능성을 이해하도록 돕는다.', 'https://image.aladin.co.kr/product/37788/86/cover200/k432033669_1.jpg');
INSERT INTO author (author_id, name) VALUES (387, '원제무');
INSERT INTO book_author (book_id, author_id) VALUES (327, 387);
INSERT INTO publisher (publisher_id, name) VALUES (171, '푸른역사');
INSERT INTO book (book_id, title, subcategory_id, publisher_id, price, point, published_date, description, image_url) VALUES (328, '조선과 명나라의 사행 외교사 2 - 의례, 인식, 교류, 주변', 5, 171, 26100, 1450, '2025-11-19', '', 'https://image.aladin.co.kr/product/37788/85/cover200/k442033669_1.jpg');
INSERT INTO author (author_id, name) VALUES (388, '조영헌');
INSERT INTO author (author_id, name) VALUES (389, '권내현 (기획)');
INSERT INTO book_author (book_id, author_id) VALUES (328, 388);
INSERT INTO book_author (book_id, author_id) VALUES (328, 389);
INSERT INTO publisher (publisher_id, name) VALUES (172, '알라딘 이벤트');
INSERT INTO book (book_id, title, subcategory_id, publisher_id, price, point, published_date, description, image_url) VALUES (329, '[세트] 우리가 봄을 건너는 법 + 기소영의 친구들 - 전2권', 10, 172, 24300, 1350, '2025-11-30', '', 'https://image.aladin.co.kr/product/37788/79/cover200/k452033669_1.jpg');
INSERT INTO author (author_id, name) VALUES (390, '정은주');
INSERT INTO author (author_id, name) VALUES (391, '해랑');
INSERT INTO author (author_id, name) VALUES (392, '김푸른 (그림)');
INSERT INTO book_author (book_id, author_id) VALUES (329, 390);
INSERT INTO book_author (book_id, author_id) VALUES (329, 391);
INSERT INTO book_author (book_id, author_id) VALUES (329, 392);
INSERT INTO publisher (publisher_id, name) VALUES (173, '알에이치코리아(RHK)');
INSERT INTO book (book_id, title, subcategory_id, publisher_id, price, point, published_date, description, image_url) VALUES (330, '극한 생존 - 지구상 가장 혹독한 환경에서 피어난 생명의 경이로움', 11, 173, 19800, 1100, '2025-12-03', '극한 환경의 생명들을 탐구한 알렉스 라일리의 기록으로, 거북부터 체르노빌 미생물까지 경이로운 생존 전략을 보여주며 최재천 교수가 추천한 작품이다.', 'https://image.aladin.co.kr/product/37788/78/cover200/8925572966_1.jpg');
INSERT INTO author (author_id, name) VALUES (393, '알렉스 라일리');
INSERT INTO translator (translator_id, name) VALUES (53, '엄성수');
INSERT INTO book_author (book_id, author_id) VALUES (330, 393);
INSERT INTO book_translator (book_id, translator_id) VALUES (330, 53);
INSERT INTO publisher (publisher_id, name) VALUES (174, '반달서재');
INSERT INTO book (book_id, title, subcategory_id, publisher_id, price, point, published_date, description, image_url) VALUES (331, '매운맛 복수', 10, 174, 12150, 670, '2025-11-20', '동구네 할아버지는 한자리에서 50년째 이발소를 운영 중이다. 낡은 방식이긴 하지만 솜씨와 자부심 하나로 살아왔다. 동구는 그런 할아버지가 무척 자랑스럽다. 할아버지를 닮아서 그런지 가위질도 학교에서 제일 잘하고, 이다음에 크면 할아버지처럼 멋진 이발사가 되는 게 꿈이다. 그런데 어느 날 할아버지가 꽈당 넘어지는 바람에 입원을 하고, 이발소 문을 잠시 닫아야 하는 일이 벌어진다.', 'https://image.aladin.co.kr/product/37788/77/cover200/k302033669_1.jpg');
INSERT INTO author (author_id, name) VALUES (394, '김영인');
INSERT INTO author (author_id, name) VALUES (395, '김잔디 (그림)');
INSERT INTO book_author (book_id, author_id) VALUES (331, 394);
INSERT INTO book_author (book_id, author_id) VALUES (331, 395);
INSERT INTO publisher (publisher_id, name) VALUES (175, '북랩');
INSERT INTO book (book_id, title, subcategory_id, publisher_id, price, point, published_date, description, image_url) VALUES (332, '북한의 위기 조성과 기회의 창', 17, 175, 16200, 900, '2025-12-19', '북한은 왜 위기를 만든 후 대화를 청하는가? 그 속에는 협상과 생존의 논리가 숨어 있다! ‘기회의 창’ 이론으로 북한의 행동을 꿰뚫은 31년 통일 전문가의 실전 분석 보고서. 31년간 통일부에서 남북관계를 담당한 전문가가 밝히는 북한 위기 전략의 모든 것을 담았다.', 'https://image.aladin.co.kr/product/37788/76/cover200/k372033669_1.jpg');
INSERT INTO author (author_id, name) VALUES (396, '이주태');
INSERT INTO book_author (book_id, author_id) VALUES (332, 396);
INSERT INTO book (book_id, title, subcategory_id, publisher_id, price, point, published_date, description, image_url) VALUES (333, 'AI 이후의 예술철학', 15, 133, 12000, 360, '2025-11-28', '생성형 AI와 휴머노이드의 등장으로 흔들리는 예술의 개념을 들뢰즈와 베르그송, 문인화의 미학을 통해 다시 성찰한다. 인간과 비인간의 공동 창작 시대를 철학적으로 해설하며, 예술의 주체·감각·윤리를 새롭게 사유할 지평을 제시한다.', 'https://image.aladin.co.kr/product/37788/72/cover200/k212033669_1.jpg');
INSERT INTO author (author_id, name) VALUES (397, '맹혜영');
INSERT INTO book_author (book_id, author_id) VALUES (333, 397);
INSERT INTO publisher (publisher_id, name) VALUES (176, '우리학교');
INSERT INTO book (book_id, title, subcategory_id, publisher_id, price, point, published_date, description, image_url) VALUES (334, '우리가 봄을 건너는 법', 10, 176, 13500, 750, '2025-11-30', '', 'https://image.aladin.co.kr/product/37788/72/cover200/k112033669_1.jpg');
INSERT INTO book_author (book_id, author_id) VALUES (334, 390);
INSERT INTO book_author (book_id, author_id) VALUES (334, 392);
INSERT INTO publisher (publisher_id, name) VALUES (177, '윌북주니어');
INSERT INTO book (book_id, title, subcategory_id, publisher_id, price, point, published_date, description, image_url) VALUES (335, '[세트] 지리마블 아프리카 + 인도 - 전2권', 10, 177, 27000, 1500, '2025-11-24', '', 'https://image.aladin.co.kr/product/37788/71/cover200/k152033669_1.jpg');
INSERT INTO author (author_id, name) VALUES (398, '아티누케');
INSERT INTO author (author_id, name) VALUES (399, '자스빈더 빌란');
INSERT INTO author (author_id, name) VALUES (400, '모우니 페다그');
INSERT INTO author (author_id, name) VALUES (401, '니나 샤크라바티 (그림)');
INSERT INTO translator (translator_id, name) VALUES (54, '김미선');
INSERT INTO book_author (book_id, author_id) VALUES (335, 398);
INSERT INTO book_author (book_id, author_id) VALUES (335, 399);
INSERT INTO book_author (book_id, author_id) VALUES (335, 400);
INSERT INTO book_author (book_id, author_id) VALUES (335, 401);
INSERT INTO book_translator (book_id, translator_id) VALUES (335, 54);
INSERT INTO publisher (publisher_id, name) VALUES (178, '아이누리');
INSERT INTO book (book_id, title, subcategory_id, publisher_id, price, point, published_date, description, image_url) VALUES (336, '프린세스 캐치 티니핑 분장놀이 : 뽀니핑', 13, 178, 9000, 500, '2025-11-19', '눈코입 스티커를 붙이면 귀여운 프린세스 티니핑들이 짠! 하고 나타난다. 12매의 얼굴 꾸미기 내지에 다양한 분장 스티커를 붙여 핑들을 자유롭게 꾸며 보자.', 'https://image.aladin.co.kr/product/37788/69/cover200/k982033669_1.jpg');
INSERT INTO author (author_id, name) VALUES (402, '아이누리 편집부 (엮은이)');
INSERT INTO book_author (book_id, author_id) VALUES (336, 402);
INSERT INTO publisher (publisher_id, name) VALUES (179, '세종(세종서적)');
INSERT INTO book (book_id, title, subcategory_id, publisher_id, price, point, published_date, description, image_url) VALUES (337, '액땜 이론 - 손실을 기회로 바꾸는 리스크 사고의 기술', 4, 179, 20700, 1150, '2025-11-25', '한국인의 ‘액땜’을 현대 경영철학으로 확장해 실패를 전략적 자산으로 전환하는 책이다. 작은 실패를 설계해 위기 대응력을 높이는 7가지 원칙을 제시하고 스페이스X와 타이레놀 등 실제 사례로 학습과 반복의 생존 전략을 설명한다. K-경영의 새로운 가능성을 보여준다.', 'https://image.aladin.co.kr/product/37788/69/cover200/k832033668_1.jpg');
INSERT INTO author (author_id, name) VALUES (403, '이동우');
INSERT INTO book_author (book_id, author_id) VALUES (337, 403);
INSERT INTO publisher (publisher_id, name) VALUES (180, '동일출판사');
INSERT INTO book (book_id, title, subcategory_id, publisher_id, price, point, published_date, description, image_url) VALUES (338, '2026 소방시설관리사 제2차 소방시설의 설계 및 시공', 3, 180, 27000, 1500, '2025-12-30', '출제경향을 분석해 집필한 소방시설관리사 Non-Stop High-Pass 교재다. 소방기계·전기·화재안전기준·법령 핵심 요점정리와 충분한 예상문제를 한 권에 담고, 계산·심화문제와 7～25회 기출문제로 실전 대비까지 완성한다.', 'https://image.aladin.co.kr/product/37788/65/cover200/8938117510_1.jpg');
INSERT INTO author (author_id, name) VALUES (404, '김상현');
INSERT INTO book_author (book_id, author_id) VALUES (338, 404);
INSERT INTO publisher (publisher_id, name) VALUES (181, '옐로스톤');
INSERT INTO book (book_id, title, subcategory_id, publisher_id, price, point, published_date, description, image_url) VALUES (339, '그림책으로 나누는 비폭력대화 - 마음을 이어주는 한마디 말, 한 줄의 시, 한 권의 그림책', 12, 181, 16200, 900, '2025-11-24', '소통이 어려운 사람들의 욕구에 쉽게 다가가고 부드럽게 응답하는 책으로, 그림책을 활용하는 활동가와 비폭력대화 실천가, 그리고 이러한 두 분야를 접목하려는 독자들에게 새로운 실천의 지평을 제시한다.', 'https://image.aladin.co.kr/product/37788/65/cover200/k552033668_1.jpg');
INSERT INTO author (author_id, name) VALUES (405, '허경자');
INSERT INTO book_author (book_id, author_id) VALUES (339, 405);
INSERT INTO publisher (publisher_id, name) VALUES (182, '요단출판사');
INSERT INTO book (book_id, title, subcategory_id, publisher_id, price, point, published_date, description, image_url) VALUES (340, '이 방은 왜 만드는 걸까? - 아빠가 읽어주는 가슴 벅찬 하나님의 사랑이야기', 7, 182, 10800, 600, '2025-11-11', '창세기 1~2장의 창조를 아빠가 태어날 아기를 위해 방을 꾸미는 일주일과 병치해 ‘사랑의 준비’로 재해석한 그림책이다. 아빠의 시선으로 들려주는 형식이 신앙 동화의 새로운 가능성을 제시하며, 신학·과학 논쟁을 넘어 ‘준비하고 기다리는 마음’이라는 감정으로 접근해 모든 세대가 공감하도록 이끈다.', 'https://image.aladin.co.kr/product/37788/63/cover200/8935020222_2.jpg');
INSERT INTO author (author_id, name) VALUES (406, '김태진');
INSERT INTO book_author (book_id, author_id) VALUES (340, 406);
INSERT INTO book (book_id, title, subcategory_id, publisher_id, price, point, published_date, description, image_url) VALUES (341, '[세트] 진짜VS가짜 짜짜뉴스 제작소 1~2 세트 - 전2권', 10, 97, 30240, 1680, '2025-11-19', '', 'https://image.aladin.co.kr/product/37788/63/cover200/k372033668_1.jpg');
INSERT INTO author (author_id, name) VALUES (407, '서후 (글)');
INSERT INTO author (author_id, name) VALUES (408, '이정태 (그림)');
INSERT INTO author (author_id, name) VALUES (409, '이은경 (기획)');
INSERT INTO book_author (book_id, author_id) VALUES (341, 407);
INSERT INTO book_author (book_id, author_id) VALUES (341, 408);
INSERT INTO book_author (book_id, author_id) VALUES (341, 409);
INSERT INTO book (book_id, title, subcategory_id, publisher_id, price, point, published_date, description, image_url) VALUES (342, '조선과 명나라의 사행 외교사 1 - 전환, 운영, 노정, 접경', 5, 171, 29700, 1650, '2025-11-19', '', 'https://image.aladin.co.kr/product/37788/63/cover200/k242033668_1.jpg');
INSERT INTO book_author (book_id, author_id) VALUES (342, 388);
INSERT INTO book_author (book_id, author_id) VALUES (342, 389);
INSERT INTO book (book_id, title, subcategory_id, publisher_id, price, point, published_date, description, image_url) VALUES (343, '한탄강 여울소리', 6, 147, 10800, 600, '2025-10-08', '언어학 박사이자 세계사이버대학 실용영어학과 겸임교수인 심재황 시인의 열세 번째 시집이다. 국제문학에 시와 수필로 등단한 시인은 현재 글벗문학회 회원으로 활동하면서 다양한 서적을 출간하고 있다. 이번 시집『한탄강 여울소리』는 연천의 유적지와 명소를 찾아서 느낀 감회와 느낌을 적은 시와 시조집이다.', 'https://image.aladin.co.kr/product/37788/62/cover200/8965333059_1.jpg');
INSERT INTO author (author_id, name) VALUES (410, '심재황');
INSERT INTO book_author (book_id, author_id) VALUES (343, 410);
INSERT INTO publisher (publisher_id, name) VALUES (183, '동아일보사(잡지)');
INSERT INTO book (book_id, title, subcategory_id, publisher_id, price, point, published_date, description, image_url) VALUES (344, '신동아 2025.12', 22, 183, 13300, 140, '2025-11-20', '', 'https://image.aladin.co.kr/product/37788/61/cover200/k162033668_1.jpg');
INSERT INTO author (author_id, name) VALUES (411, '신동아 편집부');
INSERT INTO book_author (book_id, author_id) VALUES (344, 411);
INSERT INTO book (book_id, title, subcategory_id, publisher_id, price, point, published_date, description, image_url) VALUES (345, '2026 소방시설관리사 제2차 소방시설의 점검실무행정', 3, 180, 27000, 1500, '2025-12-30', '화재안전 중요성이 높아지는 시대에 소방시설관리사 수요가 커지고 있다. 출제경향을 반영한 Non-Stop High-Pass 교재로 실무 사진, 핵심 예상문제, 실무형 문제, 7-25회 기출까지 담아 실전 대비력을 높인 내용이다.', 'https://image.aladin.co.kr/product/37788/60/cover200/8938117529_1.jpg');
INSERT INTO book_author (book_id, author_id) VALUES (345, 404);
INSERT INTO book (book_id, title, subcategory_id, publisher_id, price, point, published_date, description, image_url) VALUES (346, '진짜VS가짜 짜짜뉴스 제작소 2 - 기후 위기를 막아라!', 10, 97, 15120, 840, '2025-11-19', '', 'https://image.aladin.co.kr/product/37788/60/cover200/k042033668_1.jpg');
INSERT INTO book_author (book_id, author_id) VALUES (346, 407);
INSERT INTO book_author (book_id, author_id) VALUES (346, 408);
INSERT INTO book_author (book_id, author_id) VALUES (346, 409);
INSERT INTO publisher (publisher_id, name) VALUES (184, '학자원');
INSERT INTO book (book_id, title, subcategory_id, publisher_id, price, point, published_date, description, image_url) VALUES (347, '국역 담교당강수집', 6, 184, 30000, 1500, '2025-11-20', '『담교당강수집(澹交堂講修集)』은 달촌(達村)윤국형(尹國馨)과 담교당(澹交堂)우벽(禹璧)의 후손들이 윤국형과 우벽의 시에 차운한 시를 모아 엮은 책이다. 두 집안의 후손들이 선조의 교분을 천양(闡揚)하기 위해 대를 이어 차운시를 짓고 그 시들을 모아 시집으로 간행한 유일한 책이라는 점에서 의미를 지닌다.', 'https://image.aladin.co.kr/product/37788/59/cover200/k082033668_1.jpg');
INSERT INTO author (author_id, name) VALUES (412, '윤국형');
INSERT INTO author (author_id, name) VALUES (413, '윤경환 (엮은이)');
INSERT INTO translator (translator_id, name) VALUES (55, '윤재환');
INSERT INTO book_author (book_id, author_id) VALUES (347, 412);
INSERT INTO book_author (book_id, author_id) VALUES (347, 413);
INSERT INTO book_translator (book_id, translator_id) VALUES (347, 55);
INSERT INTO publisher (publisher_id, name) VALUES (185, '봄툰');
INSERT INTO book (book_id, title, subcategory_id, publisher_id, price, point, published_date, description, image_url) VALUES (348, '월요일의 구원자 1', 1, 185, 15300, 850, '2025-09-20', '독특한 이름 때문에 월요일마다 괴롭힘을 당하던 ‘원요일’. 두려움을 견디고 복학한 고등학교에서, 까칠한 짝꿍 ‘구윤원’을 만난다. 요일에게 짓궂게 굴다가도 다가오기를 반복하던 윤원은, 어느 날 두 번째 동생이 되겠다며 각서를 들이민다. 그런데 이 동생, 어쩐지 수상하다…?!', 'https://image.aladin.co.kr/product/37788/58/cover200/k072033668_1.jpg');
INSERT INTO author (author_id, name) VALUES (414, '와글');
INSERT INTO book_author (book_id, author_id) VALUES (348, 414);
INSERT INTO book (book_id, title, subcategory_id, publisher_id, price, point, published_date, description, image_url) VALUES (349, '[큰글자책] AI 이후의 예술철학', 15, 133, 25000, 750, '2025-11-28', '생성형 AI와 휴머노이드의 등장으로 흔들리는 예술의 개념을 들뢰즈와 베르그송, 문인화의 미학을 통해 다시 성찰한다. 인간과 비인간의 공동 창작 시대를 철학적으로 해설하며, 예술의 주체·감각·윤리를 새롭게 사유할 지평을 제시한다.', 'https://image.aladin.co.kr/product/37788/58/cover200/k062033668_1.jpg');
INSERT INTO book_author (book_id, author_id) VALUES (349, 397);
INSERT INTO publisher (publisher_id, name) VALUES (186, '데이스타');
INSERT INTO book (book_id, title, subcategory_id, publisher_id, price, point, published_date, description, image_url) VALUES (350, '냥라대왕 3 - 왕따 화살을 쏜 범인을 찾아라!', 10, 186, 15120, 840, '2025-12-10', '박진감 넘치는 전개와 그 속에 숨겨진 따뜻하고 감동적인 메시지로 현직 사서 및 어린이 서평단에게 호평을 받은 《냥라대왕 1:  거미 괴물을 잡아라!》와 스컹크와 코브라의 운명을 건 최후의 전쟁을 통해 ‘공존’과 ‘배려’의 메시지를 담은 《냥라대왕 2 : 동물 나라의 평화를 지켜라!》의 뒤를 이어 ‘우정’과 ‘왕따 문제’를 다룬 《냥라대왕 3: 왕따 화살을 쏜 범인을 찾아라!》가 출간되었다.', 'https://image.aladin.co.kr/product/37788/57/cover200/k892033567_1.jpg');
INSERT INTO author (author_id, name) VALUES (415, '신은영');
INSERT INTO author (author_id, name) VALUES (416, '국민지 (그림)');
INSERT INTO book_author (book_id, author_id) VALUES (350, 415);
INSERT INTO book_author (book_id, author_id) VALUES (350, 416);
INSERT INTO publisher (publisher_id, name) VALUES (187, '주니어RHK(주니어랜덤)');
INSERT INTO book (book_id, title, subcategory_id, publisher_id, price, point, published_date, description, image_url) VALUES (351, '아모스 할아버지의 눈 오는 날', 13, 187, 15300, 850, '2025-11-25', '', 'https://image.aladin.co.kr/product/37788/56/cover200/8925573075_1.jpg');
INSERT INTO author (author_id, name) VALUES (417, '필립 C. 스테드');
INSERT INTO author (author_id, name) VALUES (418, '에린 E. 스테드 (그림)');
INSERT INTO translator (translator_id, name) VALUES (56, '강무홍');
INSERT INTO book_author (book_id, author_id) VALUES (351, 417);
INSERT INTO book_author (book_id, author_id) VALUES (351, 418);
INSERT INTO book_translator (book_id, translator_id) VALUES (351, 56);
INSERT INTO publisher (publisher_id, name) VALUES (188, '경남');
INSERT INTO book (book_id, title, subcategory_id, publisher_id, price, point, published_date, description, image_url) VALUES (352, '인생, 순간이고 바람이었다 - 차상주 수필집', 9, 188, 13500, 750, '2025-11-15', '창원시 진해구에서 활동하는 차상주 수필가의 다섯 번째 수필집.', 'https://image.aladin.co.kr/product/37788/56/cover200/k722033567_1.jpg');
INSERT INTO author (author_id, name) VALUES (419, '차상주');
INSERT INTO book_author (book_id, author_id) VALUES (352, 419);
INSERT INTO publisher (publisher_id, name) VALUES (189, '알키미스트');
INSERT INTO book (book_id, title, subcategory_id, publisher_id, price, point, published_date, description, image_url) VALUES (353, '인생은 숙제가 아니라 축제입니다', 12, 189, 15750, 870, '2025-11-19', '인생이 정말 길어졌다. 그야말로 ‘100세 시대’가 눈앞이어서 요즘 60·70대는 예전과 달리 노인이라는 말이 어색할 정도로 동안에다가 기운도 넘친다. 하지만 아직도 노년의 삶이라고 하면 왠지 쓸쓸하고 허전하지 않을까 불안해하는 이가 많다. 그 이유는 뭘까?', 'https://image.aladin.co.kr/product/37788/54/cover200/k702033567_1.jpg');
INSERT INTO author (author_id, name) VALUES (420, '호사카 다카시');
INSERT INTO translator (translator_id, name) VALUES (57, '황혜숙');
INSERT INTO book_author (book_id, author_id) VALUES (353, 420);
INSERT INTO book_translator (book_id, translator_id) VALUES (353, 57);
INSERT INTO publisher (publisher_id, name) VALUES (190, '해냄');
INSERT INTO book (book_id, title, subcategory_id, publisher_id, price, point, published_date, description, image_url) VALUES (354, '나는 글쓰기 모임에서 만난 모든 글을 기억한다 - 계속 쓰는 사람 정지우의 연결과 확장', 9, 190, 16200, 900, '2025-11-20', '10년간 글쓰기 모임을 꾸려온 정지우 작가가 글이 사람을 연결하는 힘을 들려준다. 3장 구성과 모임원 14인의 글로 ‘같이 쓰기’의 세계를 보여주며, 함께 읽고 나누는 글쓰기가 삶을 확장하는 과정을 담았다.', 'https://image.aladin.co.kr/product/37788/53/cover200/k792033567_1.jpg');
INSERT INTO author (author_id, name) VALUES (421, '정지우');
INSERT INTO book_author (book_id, author_id) VALUES (354, 421);
INSERT INTO book (book_id, title, subcategory_id, publisher_id, price, point, published_date, description, image_url) VALUES (355, '프린세스 캐치 티니핑 분장놀이 : 하츄핑', 13, 178, 9000, 500, '2025-10-28', '눈코입 스티커를 붙이면 귀여운 프린세스 티니핑들이 짠! 하고 나타난다. 12매의 얼굴 꾸미기 내지에 다양한 분장 스티커를 붙여 핑들을 자유롭게 꾸며 보자.', 'https://image.aladin.co.kr/product/37788/52/cover200/k762033567_1.jpg');
INSERT INTO book_author (book_id, author_id) VALUES (355, 402);
INSERT INTO publisher (publisher_id, name) VALUES (191, '워크룸프레스(Workroom)');
INSERT INTO book (book_id, title, subcategory_id, publisher_id, price, point, published_date, description, image_url) VALUES (356, '버리기 전에 듣는 음악', 2, 191, 18000, 1000, '2025-11-14', '“‘나’를 안 쓰며 ‘나’를 성취하는 예술”로 기사를 써 온 전업 ‘글쟁이’ 정우영이 ‘음반쟁이’로 보낸 시간과 아직 버리지 못한 음반을 되짚어 보는 작별의 에세이다. 그는 이 책을 통해 그에게 시효를 다한 음반을 ‘버리기 전에’ 한 번 더 소화해 본다.', 'https://image.aladin.co.kr/product/37788/52/cover200/k752033567_1.jpg');
INSERT INTO author (author_id, name) VALUES (422, '정우영');
INSERT INTO book_author (book_id, author_id) VALUES (356, 422);
INSERT INTO publisher (publisher_id, name) VALUES (192, '지식을만드는지식');
INSERT INTO book (book_id, title, subcategory_id, publisher_id, price, point, published_date, description, image_url) VALUES (357, '원서발췌 고대 그리스와 로마의 교육', 17, 192, 14060, 440, '2025-11-20', '삶을 그 자체로부터 ‘이해’하려는 정신과학의 토대 위에 설정된 딜타이의 교육학은 민족성·역사성·사회성·문화성·체계성과 같은 특성을 지닌다. 딜타이는 이러한 기반 위에서 교육사의 한 단면으로서 고대 그리스와 로마의 교육을 살펴보고 있다.', 'https://image.aladin.co.kr/product/37788/51/cover200/k642033567_1.jpg');
INSERT INTO author (author_id, name) VALUES (423, '빌헬름 딜타이');
INSERT INTO translator (translator_id, name) VALUES (58, '손승남');
INSERT INTO book_author (book_id, author_id) VALUES (357, 423);
INSERT INTO book_translator (book_id, translator_id) VALUES (357, 58);
INSERT INTO book (book_id, title, subcategory_id, publisher_id, price, point, published_date, description, image_url) VALUES (358, '반가운 손님', 6, 159, 15000, 150, '2025-11-17', '부산 산복마을에서 반세기를 함께 살아온 노인 영숙과 일곱 살 귀신 사치코의 세월은 정화수처럼 고요하고 눈깔사탕처럼 달콤하지만, 오래된 공동묘지 위에 지어진 집들처럼 언제나 서늘한 결을 안고 있다. 일본에서 여동생의 유골을 찾으러 온 청년 히로시의 등장으로 평온하던 일상이 흔들리며, 마을 사람들은 전쟁·실향·가난이 남긴 오래된 흔적과 마주하게 된다.', 'https://image.aladin.co.kr/product/37788/50/cover200/k692033567_1.jpg');
INSERT INTO author (author_id, name) VALUES (424, '김지숙');
INSERT INTO book_author (book_id, author_id) VALUES (358, 424);
INSERT INTO book (book_id, title, subcategory_id, publisher_id, price, point, published_date, description, image_url) VALUES (359, '맞춤법만 지켰는데 최강 아이돌이 됨', 10, 97, 13410, 740, '2025-11-19', '어린이 창작동화 〈생일엔 마라탕〉 시리즈의 류미정 작가와 네이버 웹툰 〈짝사랑 마들렌〉의 미이 작가, 그리고 EBS 대표 국어 강사 강용철 선생님이 만나 ‘초등 맞춤법의 결정판’을 완성했다. 《맞춤법만 지켰는데 최강 아이돌이 됨》은 ‘맞춤법 파괴 아이돌’로 낙인찍힌 케이팝 보이 그룹 글로윈의 좌충우돌 맞춤법 생존기를 그린 문해력 성장 동화이다.', 'https://image.aladin.co.kr/product/37788/49/cover200/k652033567_1.jpg');
INSERT INTO author (author_id, name) VALUES (425, '류미정');
INSERT INTO author (author_id, name) VALUES (426, '미이 (그림)');
INSERT INTO author (author_id, name) VALUES (427, '강용철 (감수)');
INSERT INTO book_author (book_id, author_id) VALUES (359, 425);
INSERT INTO book_author (book_id, author_id) VALUES (359, 426);
INSERT INTO book_author (book_id, author_id) VALUES (359, 427);
INSERT INTO publisher (publisher_id, name) VALUES (193, '대원키즈');
INSERT INTO book (book_id, title, subcategory_id, publisher_id, price, point, published_date, description, image_url) VALUES (360, '주니토니 마법의 아클라봉 색칠북', 13, 193, 10800, 600, '2025-11-19', '인기 유튜브 채널 &lt;주니토니&gt;를 색칠북으로 만나 보자. 언제나 밝고 활기찬 주니와 세상 모든 것이 궁금한 토니. 새콤달콤 과일과 알록달록 채소로 변신한 주니토니를 색칠하며 창의력과 표현력을 키울 수 있다.', 'https://image.aladin.co.kr/product/37788/47/cover200/k522033567_1.jpg');
INSERT INTO author (author_id, name) VALUES (428, '대원키즈 편집부 (엮은이)');
INSERT INTO book_author (book_id, author_id) VALUES (360, 428);
INSERT INTO book (book_id, title, subcategory_id, publisher_id, price, point, published_date, description, image_url) VALUES (361, '10대를 위한 데일 카네기 자기관리론', 18, 35, 10800, 600, '2025-11-30', '전 세계 수많은 사람들의 삶을 바꾼 데일 카네기의 고전 《자기관리론》을 오늘의 청소년 감성으로 다시 쓴 ‘세대를 잇는 자기계발서’다. 하루에도 수십 번 흔들리는 감정, SNS 속 비교와 불안, 친구 관계의 오해, 그리고 스스로를 믿기 어려운 날들 속에서 이 책은 단 한 가지를 말한다.', 'https://image.aladin.co.kr/product/37788/46/cover200/k512033567_1.jpg');
INSERT INTO translator (translator_id, name) VALUES (59, '김민성');
INSERT INTO book_author (book_id, author_id) VALUES (361, 88);
INSERT INTO book_translator (book_id, translator_id) VALUES (361, 59);
INSERT INTO book (book_id, title, subcategory_id, publisher_id, price, point, published_date, description, image_url) VALUES (362, '[큰글자책] 원서발췌 해석학의 탄생', 12, 192, 30000, 900, '2025-11-20', '딜타이 ≪전집(Gesammelte Schriften)≫ 중에서 해석학의 탄생과 관련된 부분을 발췌·번역한 것이다. 각기 다른 세 개의 번역문을 관통하고 있는 핵심적 사유는 어떤 과정을 거쳐 근대에 ‘보편적 해석학’이 정립될 수 있었느냐 하는 것이다. 이 과정에서 단연 중심인물로 거론되는 사람이 슐라이어마허이다. 딜타이는 그를 독일의 위대한 철학자로 그리고 고전어의 대가로 존경과 흠모를 아끼지 않았다.', 'https://image.aladin.co.kr/product/37788/45/cover200/k502033567_1.jpg');
INSERT INTO book_author (book_id, author_id) VALUES (362, 423);
INSERT INTO book_translator (book_id, translator_id) VALUES (362, 58);
INSERT INTO publisher (publisher_id, name) VALUES (194, '문학바탕');
INSERT INTO book (book_id, title, subcategory_id, publisher_id, price, point, published_date, description, image_url) VALUES (363, '가을 시', 6, 194, 11700, 650, '2025-11-21', '', 'https://image.aladin.co.kr/product/37788/44/cover200/k422033567_1.jpg');
INSERT INTO author (author_id, name) VALUES (429, '민용태');
INSERT INTO book_author (book_id, author_id) VALUES (363, 429);
INSERT INTO book (book_id, title, subcategory_id, publisher_id, price, point, published_date, description, image_url) VALUES (364, '바다의 날개', 6, 167, 15000, 750, '2025-11-11', '바다와 날개 두 상징으로 생명의 근원과 기억, 인간의 열망을 그려낸 시집이다. 네 개의 부를 따라 일상과 기억, 자연과 신성으로의 회귀를 보여주며 언어의 생명성과 일상의 신성화, 그리움의 윤리를 섬세하게 드러낸다.', 'https://image.aladin.co.kr/product/37788/44/cover200/k442033567_1.jpg');
INSERT INTO author (author_id, name) VALUES (430, '차수경');
INSERT INTO book_author (book_id, author_id) VALUES (364, 430);
INSERT INTO publisher (publisher_id, name) VALUES (195, '펜과오늘');
INSERT INTO book (book_id, title, subcategory_id, publisher_id, price, point, published_date, description, image_url) VALUES (365, '시사 오늘 제345호 : 2025.12.31', 22, 195, 3800, 40, '2025-11-18', '', 'https://image.aladin.co.kr/product/37788/43/cover200/k432033567_1.jpg');
INSERT INTO author (author_id, name) VALUES (431, '펜과오늘 편집부');
INSERT INTO book_author (book_id, author_id) VALUES (365, 431);
INSERT INTO publisher (publisher_id, name) VALUES (196, '생각나눔(기획실크)');
INSERT INTO book (book_id, title, subcategory_id, publisher_id, price, point, published_date, description, image_url) VALUES (366, '詩 쓰는 농부의 귀농별곡', 9, 196, 14400, 800, '2025-11-18', '대구광역시 친환경 인증 제1호 농부로 30년을 살아온 저자의 귀농 기록과 농사 철학을 담은 『시 쓰는 농부의 귀농별곡』이 출간됐다. 산문과 시가 함께 구성된 시집(詩輯) 형태의 귀농 에세이로, 농촌의 고단함과 기쁨, 갈등과 화해를 시적 감성으로 담아냈다. 귀농 준비자와 초보 농부는 물론, 스마트팜과 미래 농업에 관심 있는 독자에게 실용적인 나침판이 되는 책이다.', 'https://image.aladin.co.kr/product/37788/41/cover200/k462033567_1.jpg');
INSERT INTO author (author_id, name) VALUES (432, '곽해묵');
INSERT INTO book_author (book_id, author_id) VALUES (366, 432);
INSERT INTO book (book_id, title, subcategory_id, publisher_id, price, point, published_date, description, image_url) VALUES (367, 'AI가 골라 담는 ETF - 95개 가상사례로 읽는 AI 기반 ETF 투자 전략', 4, 170, 23000, 690, '2025-11-20', 'AI가 어떻게 시장의 소음을 걸러내고 본질을 꿰뚫어 보는지, 그리고 투자자가 어떻게 이 강력한 도구와 파트너가 되어 함께 성장할 수 있는지를 심도 있게 탐구한다. AI는 감정의 파도에 휩쓸리지 않는 조타수이며, 인간은 최종 목적지를 설정하는 선장이다.', 'https://image.aladin.co.kr/product/37788/41/cover200/k452033567_1.jpg');
INSERT INTO book_author (book_id, author_id) VALUES (367, 387);
INSERT INTO book (book_id, title, subcategory_id, publisher_id, price, point, published_date, description, image_url) VALUES (368, '거울상 이성질체', 6, 110, 9000, 500, '2025-11-19', '5부 55편으로 구성된 세 번째 시집으로 ‘거울상이성질체’의 과학적 개념을 통해 닮았으나 일치할 수 없는 타자적 관계를 탐구한다. 조미경 작가는 이 개념이 사회적 불평등과 비대칭의 현실로 확장되는 과정을 짚으며 시가 소외된 존재를 향한 시선과 시대적 책임을 드러낸다고 해설한다.', 'https://image.aladin.co.kr/product/37788/39/cover200/k342033567_1.jpg');
INSERT INTO author (author_id, name) VALUES (433, '양동림');
INSERT INTO book_author (book_id, author_id) VALUES (368, 433);
INSERT INTO book (book_id, title, subcategory_id, publisher_id, price, point, published_date, description, image_url) VALUES (369, '원서발췌 해석학의 탄생', 12, 192, 14060, 440, '2025-11-20', '딜타이 ≪전집(Gesammelte Schriften)≫ 중에서 해석학의 탄생과 관련된 부분을 발췌·번역한 것이다. 각기 다른 세 개의 번역문을 관통하고 있는 핵심적 사유는 어떤 과정을 거쳐 근대에 ‘보편적 해석학’이 정립될 수 있었느냐 하는 것이다.', 'https://image.aladin.co.kr/product/37788/38/cover200/k332033567_1.jpg');
INSERT INTO book_author (book_id, author_id) VALUES (369, 423);
INSERT INTO book_translator (book_id, translator_id) VALUES (369, 58);
INSERT INTO book (book_id, title, subcategory_id, publisher_id, price, point, published_date, description, image_url) VALUES (370, '[큰글자책] 원서발췌 증여론', 12, 192, 30000, 900, '2025-11-20', '주어야 할 의무, 받아야 할 의무, 되돌려 주어야 할 의무를 수행하는 것은 동서고금을 불문하고 사회를 유지하고 결속하는 중요한 힘이다. 마르셀 모스는 이러한 기본적인 사회 유지의 원칙을 증여와 교환이라는 원리로서 설명한다. 증여의 원칙이 인간 상호 간의 조화와 평화를 이루는 것임을 강조하고 있다.', 'https://image.aladin.co.kr/product/37788/37/cover200/k382033567_1.jpg');
INSERT INTO author (author_id, name) VALUES (434, '마르셀 모스');
INSERT INTO translator (translator_id, name) VALUES (60, '류정아');
INSERT INTO book_author (book_id, author_id) VALUES (370, 434);
INSERT INTO book_translator (book_id, translator_id) VALUES (370, 60);
INSERT INTO book (book_id, title, subcategory_id, publisher_id, price, point, published_date, description, image_url) VALUES (371, '터닝메카드 갓 스티커 색칠북', 13, 193, 7200, 400, '2025-11-18', '에반과 타나토스, 미리내와 테로까지! 터닝메카드 갓을 색칠 놀이로 만나 보자. 보기의 그림을 보고 똑같이 색칠해도 좋고, 내가 색칠하고 싶은 색깔로 칠해서 나만의 메카니멀로 만들어 봐도 좋다.', 'https://image.aladin.co.kr/product/37788/37/cover200/k352033567_1.jpg');
INSERT INTO author (author_id, name) VALUES (435, '대원키즈 편집부');
INSERT INTO book_author (book_id, author_id) VALUES (371, 435);
INSERT INTO publisher (publisher_id, name) VALUES (197, '아이스크림미디어');
INSERT INTO book (book_id, title, subcategory_id, publisher_id, price, point, published_date, description, image_url) VALUES (372, '두근두근 나의 1학년 마음 준비 - 첫 학교생활을 위한 미술 활동책', 27, 197, 12600, 700, '2025-11-21', '예비 초등학생이 낯선 환경에서 자신의 감정을 이해하고 조절할 수 있도록 돕는 사회정서학습 기반 미술 활동책이다. 감정을 알아차리고 마음을 단단히 만드는 경험을 제공해 첫 학교생활을 안정적으로 준비하도록 이끈다.', 'https://image.aladin.co.kr/product/37788/35/cover200/k232033567_1.jpg');
INSERT INTO author (author_id, name) VALUES (436, '박진희');
INSERT INTO author (author_id, name) VALUES (437, '이선혜');
INSERT INTO author (author_id, name) VALUES (438, '구경주');
INSERT INTO author (author_id, name) VALUES (439, '유민희');
INSERT INTO author (author_id, name) VALUES (440, '서민재 (그림)');
INSERT INTO book_author (book_id, author_id) VALUES (372, 436);
INSERT INTO book_author (book_id, author_id) VALUES (372, 437);
INSERT INTO book_author (book_id, author_id) VALUES (372, 438);
INSERT INTO book_author (book_id, author_id) VALUES (372, 439);
INSERT INTO book_author (book_id, author_id) VALUES (372, 440);
INSERT INTO publisher (publisher_id, name) VALUES (198, '학은미디어(구 학원미디어)');
INSERT INTO book (book_id, title, subcategory_id, publisher_id, price, point, published_date, description, image_url) VALUES (373, '3.4학년이 꼭 읽어야 할 동시집', 10, 198, 15300, 850, '2025-12-25', '', 'https://image.aladin.co.kr/product/37788/34/cover200/898140707x_1.jpg');
INSERT INTO author (author_id, name) VALUES (441, '김종상 (엮은이)');
INSERT INTO author (author_id, name) VALUES (442, '이경진 (그림)');
INSERT INTO book_author (book_id, author_id) VALUES (373, 441);
INSERT INTO book_author (book_id, author_id) VALUES (373, 442);
INSERT INTO book (book_id, title, subcategory_id, publisher_id, price, point, published_date, description, image_url) VALUES (374, '원서발췌 증여론', 12, 192, 14060, 440, '2025-11-20', '주어야 할 의무, 받아야 할 의무, 되돌려 주어야 할 의무를 수행하는 것은 동서고금을 불문하고 사회를 유지하고 결속하는 중요한 힘이다. 마르셀 모스는 이러한 기본적인 사회 유지의 원칙을 증여와 교환이라는 원리로서 설명한다. 증여의 원칙이 인간 상호 간의 조화와 평화를 이루는 것임을 강조하고 있다.', 'https://image.aladin.co.kr/product/37788/33/cover200/k222033567_1.jpg');
INSERT INTO book_author (book_id, author_id) VALUES (374, 434);
INSERT INTO book_translator (book_id, translator_id) VALUES (374, 60);
INSERT INTO book (book_id, title, subcategory_id, publisher_id, price, point, published_date, description, image_url) VALUES (375, '우리 동네 유행가들 - 노래가 머문 그곳', 2, 15, 18000, 1000, '2025-11-17', '서울, 인천·경기, 부산·울산·경남, 대구·경북, 광주·전남·전북, 대전·충남·충북, 강원, 제주 등 8개 지역으로 나눠 총 66곡의 지역을 배경으로 한 노래 이야기를 실었다. 특히 그동안 대중들에게 그리 알려지지 않은 새롭고 재미있는 내용들도 많이 담았다.', 'https://image.aladin.co.kr/product/37788/33/cover200/k272033567_1.jpg');
INSERT INTO author (author_id, name) VALUES (443, '이영훈');
INSERT INTO book_author (book_id, author_id) VALUES (375, 443);
INSERT INTO publisher (publisher_id, name) VALUES (199, '재남');
INSERT INTO book (book_id, title, subcategory_id, publisher_id, price, point, published_date, description, image_url) VALUES (376, '사랑은 앞으로 나아간다 - 2025 한국의사수필가협회 공동수필 제17집', 9, 199, 11700, 650, '2025-11-19', '회원들의 옥구슬 같은 글을 한 알 한 알 모은 한국의사수필가협회 동인지 제17집이다. 간행이사와 집행부의 열정, 문인화 표지가 더해져 한 해를 마무리하며 새 희망을 돌아보게 한다.', 'https://image.aladin.co.kr/product/37788/31/cover200/k252033567_1.jpg');
INSERT INTO author (author_id, name) VALUES (444, '한국의사수필가협회');
INSERT INTO book_author (book_id, author_id) VALUES (376, 444);
INSERT INTO publisher (publisher_id, name) VALUES (200, '두산매거진');
INSERT INTO book (book_id, title, subcategory_id, publisher_id, price, point, published_date, description, image_url) VALUES (377, '지큐 GQ Korea 2025.12 (표지 : 마크) - 주요기사 : 마크, 올데이 프로젝트, 이재욱, 추영우, 박규영, 포르쉐, 브루넬로 쿠치넬리', 22, 200, 7600, 80, '2025-11-18', '', 'https://image.aladin.co.kr/product/37788/30/cover200/k122033567_1.jpg');
INSERT INTO author (author_id, name) VALUES (445, '두산매거진 편집부');
INSERT INTO book_author (book_id, author_id) VALUES (377, 445);
INSERT INTO book (book_id, title, subcategory_id, publisher_id, price, point, published_date, description, image_url) VALUES (378, '오래된 집, 봄날의 향기처럼', 9, 188, 13500, 750, '2025-11-17', '첫 수필집 〈마음만 받을게요〉에 이은 박귀영 수필가의 두 번째 수필집이다.', 'https://image.aladin.co.kr/product/37788/29/cover200/k102033567_1.jpg');
INSERT INTO author (author_id, name) VALUES (446, '박귀영');
INSERT INTO book_author (book_id, author_id) VALUES (378, 446);
INSERT INTO publisher (publisher_id, name) VALUES (201, '꿈꾸는달팽이(꿈달)');
INSERT INTO book (book_id, title, subcategory_id, publisher_id, price, point, published_date, description, image_url) VALUES (379, '찾아라! 크리스마스 놀이 - 액티비티', 13, 201, 9000, 500, '2025-11-03', '', 'https://image.aladin.co.kr/product/37788/28/cover200/k192033567_1.jpg');
INSERT INTO author (author_id, name) VALUES (447, '바이올렛 페토');
INSERT INTO author (author_id, name) VALUES (448, '엠마 트리하트 (그림)');
INSERT INTO translator (translator_id, name) VALUES (61, '박보영');
INSERT INTO book_author (book_id, author_id) VALUES (379, 447);
INSERT INTO book_author (book_id, author_id) VALUES (379, 448);
INSERT INTO book_translator (book_id, translator_id) VALUES (379, 61);
INSERT INTO publisher (publisher_id, name) VALUES (202, '바바북스');
INSERT INTO book (book_id, title, subcategory_id, publisher_id, price, point, published_date, description, image_url) VALUES (380, '앙리 마티스 - 꼬마예술가', 13, 202, 16650, 920, '2025-08-27', '색과 형태의 마법사 앙리 마티스의 작품을 아이 눈높이에서 만나는 보드북으로, 작가별 명화를 한 문장씩만 담아 설명을 최소화하고 상상을 무한하게 열어둔다. 그림 자체가 주인공이 되어 지식보다 감상, 암기보다 느끼는 힘을 자연스럽게 이끌어 준다.', 'https://image.aladin.co.kr/product/37788/26/cover200/k042033567_1.jpg');
INSERT INTO author (author_id, name) VALUES (449, '박수경');
INSERT INTO author (author_id, name) VALUES (450, '이희재');
INSERT INTO book_author (book_id, author_id) VALUES (380, 449);
INSERT INTO book_author (book_id, author_id) VALUES (380, 450);
INSERT INTO book (book_id, title, subcategory_id, publisher_id, price, point, published_date, description, image_url) VALUES (381, '리뉴얼판 은하영웅전설 외전 5 - 나선 미궁', 6, 124, 13500, 750, '2025-08-31', '우주력 788년, 민간인 300만 명을 구출해 행성 엘 파실에서 귀환한 양 웬리는 43년 전에 전사한 전설의 영웅 브루스 애쉬비 제독의 죽음에 얽힌 진상을 찾도록 명령받는다. 단서를 찾아 애쉬비의 옛 간부 중 하나인 노제독의 집을 방문한 양은 애쉬비 제독의 행적에 의문을 품는다. 그리고 조사할수록 드러나는 애쉬비 제독의 행적은 동맹과 제국 간의 비리에 관한 의혹으로 이어진다.', 'https://image.aladin.co.kr/product/37788/26/cover200/k032033567_1.jpg');
INSERT INTO book_author (book_id, author_id) VALUES (381, 301);
INSERT INTO book_author (book_id, author_id) VALUES (381, 302);
INSERT INTO book_translator (book_id, translator_id) VALUES (381, 41);
INSERT INTO book (book_id, title, subcategory_id, publisher_id, price, point, published_date, description, image_url) VALUES (382, '리뉴얼판 은하영웅전설 외전 4 - 천억의 별, 천억의 빛', 6, 124, 13500, 750, '2025-08-31', '우주력 794년 위성 반플리트 42에 주둔하던 동맹군에게, 제국군이 위성 반대편에 도착했다는 속보가 날아든다. 정찰 명령을 받은 ‘로젠리터’ 연대는 마찬가지로 정찰 중이던 제국군과 조우한다. 가차 없는 공격을 감행하는 제국군 속에는 망명한 선대 연대장 뤼네부르크의 모습이 있었다.', 'https://image.aladin.co.kr/product/37788/25/cover200/k002033567_1.jpg');
INSERT INTO book_author (book_id, author_id) VALUES (382, 301);
INSERT INTO book_author (book_id, author_id) VALUES (382, 302);
INSERT INTO book_translator (book_id, translator_id) VALUES (382, 41);
INSERT INTO book (book_id, title, subcategory_id, publisher_id, price, point, published_date, description, image_url) VALUES (383, '리뉴얼판 은하영웅전설 외전 3 - 율리안의 이제르론 일기', 6, 124, 13500, 750, '2025-08-31', '우주력 796년, 젊은 나이에 ‘국가영웅’이 된 양 웬리는 이제르론 요새 사령관으로 부임했다. 최전선이면서 군인들과 그 가족들의 거주지이기도 한 거대한 인공행성 이제르론 요새. 그리고 그곳은 양의 피보호자이며 군인이 되기를 바라는 소년 율리안 민츠에게 새로운 생활의 터전이기도 했다. 열네 살 율리안의 일기로 엮어낸, 활달하고 믿음직스러운 사나이들의 개인사.', 'https://image.aladin.co.kr/product/37788/24/cover200/k072033567_1.jpg');
INSERT INTO book_author (book_id, author_id) VALUES (383, 301);
INSERT INTO book_author (book_id, author_id) VALUES (383, 302);
INSERT INTO book_translator (book_id, translator_id) VALUES (383, 41);
INSERT INTO book (book_id, title, subcategory_id, publisher_id, price, point, published_date, description, image_url) VALUES (384, '리뉴얼판 은하영웅전설 외전 2 - 별을 부수는 자', 6, 124, 13500, 750, '2025-08-31', '라인하르트의 누이 그뤼네발트 백작부인이 위기에 처한다! 후궁 베네뮌데 부인의 악의에서 누이를 지키기 위해 분주하는 라인하르트와 그의 친우 키르히아이스. 한편, 청렴 강직한 무장 미터마이어가 귀족들의 함정에 빠지고, 친우 로이엔탈이 그의 구명을 위해 라인하르트의 도움을 청한다.', 'https://image.aladin.co.kr/product/37788/23/cover200/k942033567_1.jpg');
INSERT INTO book_author (book_id, author_id) VALUES (384, 301);
INSERT INTO book_author (book_id, author_id) VALUES (384, 302);
INSERT INTO book_translator (book_id, translator_id) VALUES (384, 41);
INSERT INTO book (book_id, title, subcategory_id, publisher_id, price, point, published_date, description, image_url) VALUES (385, '리뉴얼판 은하영웅전설 외전 1 - 황금의 날개', 6, 124, 13500, 750, '2025-08-31', '국내 미공개 외전소설, 드디어 출간! 라인하르트와 키르히아이스의 유대를 그린 표제작 ‘황금의 날개’ 외에, 미스터리 풍 단편 ‘아침의 꿈, 밤의 노래’ 등 은하영웅전설의 모든 단편을 처음으로 한데 수록한 대망의 단행본.', 'https://image.aladin.co.kr/product/37788/23/cover200/k912033567_1.jpg');
INSERT INTO book_author (book_id, author_id) VALUES (385, 301);
INSERT INTO book_author (book_id, author_id) VALUES (385, 302);
INSERT INTO book_translator (book_id, translator_id) VALUES (385, 41);
INSERT INTO book (book_id, title, subcategory_id, publisher_id, price, point, published_date, description, image_url) VALUES (386, '리뉴얼판 은하영웅전설 10 - 낙일편', 6, 124, 14400, 800, '2025-08-31', '페잔 란데스헤르 루빈스키와 지구교의 마지막 음모가 황제와 황후를 노린다. 한편 양의 양자 율리안은 이제르론을 거점으로 민주주의의 부활을 계획한다. 전제주의와 민주주의의 마지막 대결이 한치 양보도 없이 펼쳐지고, 전설의 끝이 다가온다.', 'https://image.aladin.co.kr/product/37788/23/cover200/k982033567_1.jpg');
INSERT INTO book_author (book_id, author_id) VALUES (386, 301);
INSERT INTO book_author (book_id, author_id) VALUES (386, 302);
INSERT INTO book_translator (book_id, translator_id) VALUES (386, 41);
INSERT INTO publisher (publisher_id, name) VALUES (203, '한빛지적재산권센터');
INSERT INTO book (book_id, title, subcategory_id, publisher_id, price, point, published_date, description, image_url) VALUES (387, '민법 최근 5년 최신 판례집 - 2025~2021, 변리사시험 1차 대비, 제17판', 3, 203, 22500, 1250, '2025-11-14', '민법 판례의 최신 경향을 반영해 최근 5년간 출제가능성이 높은 재산법 판례를 엄선해 담았다. 2025년 9월 4일 선고분까지 모두 반영했고 교과서·알짜민법·‘변시객관식 민법’의 기본판례를 보완해 고득점 대비에 적합하다.', 'https://image.aladin.co.kr/product/37788/22/cover200/k952033567_1.jpg');
INSERT INTO author (author_id, name) VALUES (451, '함성배');
INSERT INTO book_author (book_id, author_id) VALUES (387, 451);
INSERT INTO book (book_id, title, subcategory_id, publisher_id, price, point, published_date, description, image_url) VALUES (388, '리뉴얼판 은하영웅전설 9 - 회천편', 6, 124, 14400, 800, '2025-08-31', '', 'https://image.aladin.co.kr/product/37788/21/cover200/k832033566_1.jpg');
INSERT INTO book_author (book_id, author_id) VALUES (388, 301);
INSERT INTO book_author (book_id, author_id) VALUES (388, 302);
INSERT INTO book_translator (book_id, translator_id) VALUES (388, 41);
INSERT INTO book (book_id, title, subcategory_id, publisher_id, price, point, published_date, description, image_url) VALUES (389, '리뉴얼판 은하영웅전설 8 - 난리편', 6, 124, 14400, 800, '2025-08-31', '', 'https://image.aladin.co.kr/product/37788/21/cover200/k802033566_1.jpg');
INSERT INTO book_author (book_id, author_id) VALUES (389, 301);
INSERT INTO book_author (book_id, author_id) VALUES (389, 302);
INSERT INTO book_translator (book_id, translator_id) VALUES (389, 41);
INSERT INTO book (book_id, title, subcategory_id, publisher_id, price, point, published_date, description, image_url) VALUES (390, '리뉴얼판 은하영웅전설 7 - 노도편', 6, 124, 14400, 800, '2025-08-31', '', 'https://image.aladin.co.kr/product/37788/20/cover200/k882033566_1.jpg');
INSERT INTO book_author (book_id, author_id) VALUES (390, 301);
INSERT INTO book_author (book_id, author_id) VALUES (390, 302);
INSERT INTO book_translator (book_id, translator_id) VALUES (390, 41);
INSERT INTO book (book_id, title, subcategory_id, publisher_id, price, point, published_date, description, image_url) VALUES (391, '리뉴얼판 은하영웅전설 6 - 비상편', 6, 124, 14400, 800, '2025-08-31', '우주력 799년, 라인하르트는 마침내 은하제국 황제가 되어 동맹령을 영토로 삼는 데 성공한다. 그러나 페잔과 결탁했던 지구교는 황제 암살 계획을 꾸민다. 한편 퇴역하여 아내 프레데리카와 신혼살림을 차린 양은 갑자기 ‘반평화활동방지법 위반’이란 명목으로 정부에 소환되어 말살당할 위기에 처한다.', 'https://image.aladin.co.kr/product/37788/20/cover200/k852033566_1.jpg');
INSERT INTO book_author (book_id, author_id) VALUES (391, 301);
INSERT INTO book_author (book_id, author_id) VALUES (391, 302);
INSERT INTO book_translator (book_id, translator_id) VALUES (391, 41);
INSERT INTO book (book_id, title, subcategory_id, publisher_id, price, point, published_date, description, image_url) VALUES (392, '리뉴얼판 은하영웅전설 5 - 풍운편', 6, 124, 14400, 800, '2025-08-31', '페잔 자치령을 제국군에게 점령당한 자유혹성동맹의 운동은 풍전등화. 모든 운명은 양 웬리의 두 어깨에 얹혀 있었다. 제국군의 충성을 한 몸에 모으는 존재 라인하르트를 타도하는 것만이 동맹에 남은 유일한 승산이라고 생각한 양은 이제르론을 떠나 라인하르트에게 정면 도전장을 던지고, 제국과 동맹의 존망을 건 전투가 막을 연다.', 'https://image.aladin.co.kr/product/37788/19/cover200/k722033566_1.jpg');
INSERT INTO book_author (book_id, author_id) VALUES (392, 301);
INSERT INTO book_author (book_id, author_id) VALUES (392, 302);
INSERT INTO book_translator (book_id, translator_id) VALUES (392, 41);
INSERT INTO book (book_id, title, subcategory_id, publisher_id, price, point, published_date, description, image_url) VALUES (393, '큐 특허법 판례 - 제3판', 3, 203, 28800, 1600, '2025-11-11', '', 'https://image.aladin.co.kr/product/37788/19/cover200/k712033566_1.jpg');
INSERT INTO author (author_id, name) VALUES (452, '박규민');
INSERT INTO book_author (book_id, author_id) VALUES (393, 452);
INSERT INTO book (book_id, title, subcategory_id, publisher_id, price, point, published_date, description, image_url) VALUES (394, '리뉴얼판 은하영웅전설 4 - 책모편', 6, 124, 14400, 800, '2025-08-31', '‘페잔의 검은 여우’ 루빈스키의 책략으로, 제국 황제 에르빈 요제프가 동맹령으로 망명하는 초유의 사태가 벌어진다. 이를 빌미로 라인하르트는 동맹령에 선전 포고를 내린다. 제국군의 대규모 침공, ‘라그나뢰크 작전’이 시작된다.', 'https://image.aladin.co.kr/product/37788/19/cover200/k782033566_1.jpg');
INSERT INTO book_author (book_id, author_id) VALUES (394, 301);
INSERT INTO book_author (book_id, author_id) VALUES (394, 302);
INSERT INTO book_translator (book_id, translator_id) VALUES (394, 41);
INSERT INTO book (book_id, title, subcategory_id, publisher_id, price, point, published_date, description, image_url) VALUES (395, '[큰글자책] 원서발췌 고대 그리스와 로마의 교육', 17, 192, 30000, 900, '2025-11-20', '삶을 그 자체로부터 ‘이해’하려는 정신과학의 토대 위에 설정된 딜타이의 교육학은 민족성·역사성·사회성·문화성·체계성과 같은 특성을 지닌다. 딜타이는 이러한 기반 위에서 교육사의 한 단면으로서 고대 그리스와 로마의 교육을 살펴보고 있다.', 'https://image.aladin.co.kr/product/37788/18/cover200/k632033566_1.jpg');
INSERT INTO book_author (book_id, author_id) VALUES (395, 423);
INSERT INTO book_translator (book_id, translator_id) VALUES (395, 58);
INSERT INTO book (book_id, title, subcategory_id, publisher_id, price, point, published_date, description, image_url) VALUES (396, '종소리가 울리면', 13, 110, 14400, 800, '2025-11-30', '', 'https://image.aladin.co.kr/product/37788/16/cover200/k542033566_1.jpg');
INSERT INTO author (author_id, name) VALUES (453, '시린');
INSERT INTO author (author_id, name) VALUES (454, '푸후 (그림)');
INSERT INTO book_author (book_id, author_id) VALUES (396, 453);
INSERT INTO book_author (book_id, author_id) VALUES (396, 454);
INSERT INTO book (book_id, title, subcategory_id, publisher_id, price, point, published_date, description, image_url) VALUES (397, '리뉴얼판 은하영웅전설 3 - 자복편', 6, 124, 14400, 800, '2025-08-31', '‘사문회’에 소환당한 양이 동맹군 주둔요새 이제르론을 떠난 틈에 제국군의 라인하르트가 기발한 방법으로 이제르론을 침공한다. 초장거리 워프로 가이에스부르크 요새를 이제르론 요새 코앞에 옮겨놓은 것이다. 요새 대 요새의 장절한 전투로 우주가 진동한다.', 'https://image.aladin.co.kr/product/37788/15/cover200/k532033566_1.jpg');
INSERT INTO book_author (book_id, author_id) VALUES (397, 301);
INSERT INTO book_author (book_id, author_id) VALUES (397, 302);
INSERT INTO book_translator (book_id, translator_id) VALUES (397, 41);
INSERT INTO book (book_id, title, subcategory_id, publisher_id, price, point, published_date, description, image_url) VALUES (398, '리뉴얼판 은하영웅전설 2 - 야망편', 6, 124, 14400, 800, '2025-08-31', '오랜 기간에 걸친 전쟁은 조금씩 동맹의 질서를 좀먹으며 정부의 부패를 낳고 있었다. 라인하르트의 조종에 의해 동맹 내부 군사 쿠데타가 일어난다. 한편 제국에서는 황제 붕어를 계기로 귀족들의 권력투쟁이 격화되고 있었다. 야심을 드러낸 브라운슈바이크 공작은 귀족연합군 수장이 되어 라인하르트를 공격하고, 이윽고 ‘립슈타트 전역’이 시작된다.', 'https://image.aladin.co.kr/product/37788/15/cover200/k522033566_1.jpg');
INSERT INTO book_author (book_id, author_id) VALUES (398, 301);
INSERT INTO book_author (book_id, author_id) VALUES (398, 302);
INSERT INTO book_translator (book_id, translator_id) VALUES (398, 41);
INSERT INTO book (book_id, title, subcategory_id, publisher_id, price, point, published_date, description, image_url) VALUES (399, '흐린 날의 춤', 6, 110, 9000, 500, '2025-11-20', '강은미 시인의 신작 시집으로, 총 3부에 걸쳐 63편의 시를 실었다. 시인은 잔잔한 회상을 택하지 않는다. 때로 날것의 시어로 폐부를 찌르고, 잔잔한 수면에 돌을 던짐으로써 가라앉았던 이야기를 꺼낸다. 우리들의 침착한 미소 아래 묻혀 있는 시간들을 한 겹 한 겹 걷어내는 시편들을 읽으며, 전율과 공감을 함께 느끼게 한다.', 'https://image.aladin.co.kr/product/37788/14/cover200/k552033566_1.jpg');
INSERT INTO author (author_id, name) VALUES (455, '강은미');
INSERT INTO book_author (book_id, author_id) VALUES (399, 455);
INSERT INTO publisher (publisher_id, name) VALUES (204, 'GDC미디어');
INSERT INTO book (book_id, title, subcategory_id, publisher_id, price, point, published_date, description, image_url) VALUES (400, '한 권으로 끝내는 항공교통안전관리자 - 항공교통안전관리자 기출유형문제 순차해설서', 3, 204, 28800, 1600, '2025-11-03', '항공교통안전관리자 시험의 교통법규·관리론·항공기체·항공기상을 최신 기출유형으로 정리한 실전형 학습서다. 법규는 출제비중에 맞춰 압축했고, 항공기체와 기상은 그림과 단계별 설명으로 비전공자도 이해하기 쉽게 구성했다. 기출유형 몰아보기와 모의고사로 CBT에 빠르게 적응하도록 돕는다.', 'https://image.aladin.co.kr/product/37788/14/cover200/k442033566_1.jpg');
INSERT INTO author (author_id, name) VALUES (456, '이두형');
INSERT INTO author (author_id, name) VALUES (457, '김영록');
INSERT INTO book_author (book_id, author_id) VALUES (400, 456);
INSERT INTO book_author (book_id, author_id) VALUES (400, 394);
INSERT INTO book_author (book_id, author_id) VALUES (400, 457);
INSERT INTO book (book_id, title, subcategory_id, publisher_id, price, point, published_date, description, image_url) VALUES (401, '특허의 정석 판례집 - 변리사 2차시험 대비, 제3판', 3, 203, 32400, 1800, '2025-11-10', '최근 선고된 중요 판례를 반영하고 중복·비중이 낮은 판례는 정리해 효율적으로 학습할 수 있게 구성했다. 판례 원문을 충실히 싣고 체계적 목차를 더했으며, 필요한 경우 주요 학계 논의도 함께 정리해 판례를 깊이 있게 이해할 수 있게 했다.', 'https://image.aladin.co.kr/product/37788/14/cover200/k562033566_1.jpg');
INSERT INTO author (author_id, name) VALUES (458, '문현돈');
INSERT INTO book_author (book_id, author_id) VALUES (401, 458);
INSERT INTO publisher (publisher_id, name) VALUES (205, '학산문화사(만화)');
INSERT INTO book (book_id, title, subcategory_id, publisher_id, price, point, published_date, description, image_url) VALUES (402, '늦잠 자는 남자 2', 1, 205, 6300, 350, '2025-11-19', '', 'https://image.aladin.co.kr/product/37788/13/cover200/k412033566_1.jpg');
INSERT INTO author (author_id, name) VALUES (459, '아구로 코키');
INSERT INTO book_author (book_id, author_id) VALUES (402, 459);
INSERT INTO book (book_id, title, subcategory_id, publisher_id, price, point, published_date, description, image_url) VALUES (403, '최강의 시 3', 1, 205, 5400, 300, '2025-11-19', '', 'https://image.aladin.co.kr/product/37788/12/cover200/k482033566_1.jpg');
INSERT INTO author (author_id, name) VALUES (460, '미야타 다이스케');
INSERT INTO book_author (book_id, author_id) VALUES (403, 460);
INSERT INTO book (book_id, title, subcategory_id, publisher_id, price, point, published_date, description, image_url) VALUES (404, '리뉴얼판 은하영웅전설 1 - 여명편', 6, 124, 14400, 800, '2025-08-31', '', 'https://image.aladin.co.kr/product/37788/12/cover200/k472033566_1.jpg');
INSERT INTO book_author (book_id, author_id) VALUES (404, 301);
INSERT INTO book_author (book_id, author_id) VALUES (404, 302);
INSERT INTO book_translator (book_id, translator_id) VALUES (404, 41);
INSERT INTO book (book_id, title, subcategory_id, publisher_id, price, point, published_date, description, image_url) VALUES (405, '이검전기 베른디오 8', 1, 205, 5400, 300, '2025-11-19', '', 'https://image.aladin.co.kr/product/37788/12/cover200/k322033566_1.jpg');
INSERT INTO author (author_id, name) VALUES (461, '나나오 나나키');
INSERT INTO book_author (book_id, author_id) VALUES (405, 461);
INSERT INTO book (book_id, title, subcategory_id, publisher_id, price, point, published_date, description, image_url) VALUES (406, '켄투리아 3', 1, 205, 5400, 300, '2025-11-19', '', 'https://image.aladin.co.kr/product/37788/11/cover200/k372033566_1.jpg');
INSERT INTO author (author_id, name) VALUES (462, '쿠라모리 토오루');
INSERT INTO book_author (book_id, author_id) VALUES (406, 462);
INSERT INTO book (book_id, title, subcategory_id, publisher_id, price, point, published_date, description, image_url) VALUES (407, '바텐더 Eden Hall', 1, 205, 5400, 300, '2025-11-19', '긴자 「Eden hall」에서 일하는 사사쿠라 류를 찾아온 견습 바텐더 켈빈 첸. 그는 사사쿠라로부터 「바텐더로서 산다」라는 게 어떤 것인지 배우러 왔는데…. 이것은, 당신의 영혼을 치유하기 위해 최고의 한잔을 찾는 바텐더들의 이야기.', 'https://image.aladin.co.kr/product/37788/10/cover200/k362033566_1.jpg');
INSERT INTO author (author_id, name) VALUES (463, '조 아라키');
INSERT INTO author (author_id, name) VALUES (464, '나가모토 겐지 (그림)');
INSERT INTO book_author (book_id, author_id) VALUES (407, 463);
INSERT INTO book_author (book_id, author_id) VALUES (407, 464);
INSERT INTO book (book_id, title, subcategory_id, publisher_id, price, point, published_date, description, image_url) VALUES (408, '가스등 들개 탐정단 4', 1, 205, 5400, 300, '2025-11-19', '', 'https://image.aladin.co.kr/product/37788/10/cover200/k212033566_1.jpg');
INSERT INTO author (author_id, name) VALUES (465, '마츠바라 토시미츠');
INSERT INTO author (author_id, name) VALUES (466, '아오사키 유고 (원작)');
INSERT INTO book_author (book_id, author_id) VALUES (408, 465);
INSERT INTO book_author (book_id, author_id) VALUES (408, 466);
INSERT INTO book (book_id, title, subcategory_id, publisher_id, price, point, published_date, description, image_url) VALUES (409, '아카네 이야기 13', 1, 205, 5400, 300, '2025-11-19', '', 'https://image.aladin.co.kr/product/37788/9/cover200/k282033566_1.jpg');
INSERT INTO author (author_id, name) VALUES (467, '유키 스에나가');
INSERT INTO author (author_id, name) VALUES (468, '모에 타카마사 (그림)');
INSERT INTO book_author (book_id, author_id) VALUES (409, 467);
INSERT INTO book_author (book_id, author_id) VALUES (409, 468);
INSERT INTO book (book_id, title, subcategory_id, publisher_id, price, point, published_date, description, image_url) VALUES (410, '공주님 고문의 시간입니다 16', 1, 205, 5400, 300, '2025-11-19', '', 'https://image.aladin.co.kr/product/37788/8/cover200/k252033566_1.jpg');
INSERT INTO author (author_id, name) VALUES (469, '하루하라 로빈슨');
INSERT INTO author (author_id, name) VALUES (470, '히라케이 (그림)');
INSERT INTO book_author (book_id, author_id) VALUES (410, 469);
INSERT INTO book_author (book_id, author_id) VALUES (410, 470);
INSERT INTO publisher (publisher_id, name) VALUES (206, 'GREENSEED(그린씨드)');
INSERT INTO book (book_id, title, subcategory_id, publisher_id, price, point, published_date, description, image_url) VALUES (411, '단단한 삶 - 일과 삶 속에서 나답게 살아가는 법', 20, 206, 17820, 990, '2025-11-20', '각자 일에서 성취를 이룬 선배 워킹우먼들이 일과 삶 속에서 자주 흔들리는 후배들의 고민에 공감하며, 나답게 살아가기 위해 단단한 마음을 가질 수 있도록 응원과 함께 전하는 지혜로운 이야기.', 'https://image.aladin.co.kr/product/37788/5/cover200/k122033566_1.jpg');
INSERT INTO author (author_id, name) VALUES (471, '김경하');
INSERT INTO author (author_id, name) VALUES (472, '김남주');
INSERT INTO author (author_id, name) VALUES (473, '김영희');
INSERT INTO author (author_id, name) VALUES (474, '신승연');
INSERT INTO author (author_id, name) VALUES (475, '오은영');
INSERT INTO author (author_id, name) VALUES (476, '이경숙');
INSERT INTO author (author_id, name) VALUES (477, '이서연');
INSERT INTO author (author_id, name) VALUES (478, '이에스더');
INSERT INTO author (author_id, name) VALUES (479, '정선미');
INSERT INTO author (author_id, name) VALUES (480, '주현영');
INSERT INTO author (author_id, name) VALUES (481, '하정미');
INSERT INTO book_author (book_id, author_id) VALUES (411, 471);
INSERT INTO book_author (book_id, author_id) VALUES (411, 472);
INSERT INTO book_author (book_id, author_id) VALUES (411, 473);
INSERT INTO book_author (book_id, author_id) VALUES (411, 474);
INSERT INTO book_author (book_id, author_id) VALUES (411, 475);
INSERT INTO book_author (book_id, author_id) VALUES (411, 476);
INSERT INTO book_author (book_id, author_id) VALUES (411, 477);
INSERT INTO book_author (book_id, author_id) VALUES (411, 478);
INSERT INTO book_author (book_id, author_id) VALUES (411, 479);
INSERT INTO book_author (book_id, author_id) VALUES (411, 480);
INSERT INTO book_author (book_id, author_id) VALUES (411, 481);
INSERT INTO publisher (publisher_id, name) VALUES (207, '삼인');
INSERT INTO book (book_id, title, subcategory_id, publisher_id, price, point, published_date, description, image_url) VALUES (412, '함석헌 평전', 12, 207, 18000, 1000, '2025-11-20', '', 'https://image.aladin.co.kr/product/37788/5/cover200/8964362926_1.jpg');
INSERT INTO author (author_id, name) VALUES (482, '김성수');
INSERT INTO book_author (book_id, author_id) VALUES (412, 482);
INSERT INTO publisher (publisher_id, name) VALUES (208, '해광');
INSERT INTO book (book_id, title, subcategory_id, publisher_id, price, point, published_date, description, image_url) VALUES (413, '화재의 예방 및 안전관리에 관한 법률 (약칭 : 화재예방법) - 법령·시행령·시행규칙', 14, 208, 17000, 850, '2025-11-20', '', 'https://image.aladin.co.kr/product/37788/4/cover200/k192033566_1.jpg');
INSERT INTO author (author_id, name) VALUES (483, '해광 편집부');
INSERT INTO book_author (book_id, author_id) VALUES (413, 483);
INSERT INTO publisher (publisher_id, name) VALUES (209, '&(앤드)');
INSERT INTO book (book_id, title, subcategory_id, publisher_id, price, point, published_date, description, image_url) VALUES (414, '[블루] 나태주 시인의 감사 & 필사 세트 - 전2권', 9, 209, 35820, 1990, '2025-11-25', '나태주 시인의 평소 인생 철학과 시적 감수성을 보여주는 감사의 기록과 필사의 시간. 이 두 가지 소중한 가치를 아우르는 두 권의 책이 한 세트로 탄생했다. ‘풀꽃의 시학’을 바탕으로 한 일상 사색의 언어들과 독자들에게 전하는 깊은 감사의 마음, 그리고 풍요로운 문학의 세계가 알차게 담겨 있다.', 'https://image.aladin.co.kr/product/37788/3/cover200/k162033566_1.jpg');
INSERT INTO author (author_id, name) VALUES (484, '나태주 (엮은이)');
INSERT INTO book_author (book_id, author_id) VALUES (414, 484);
INSERT INTO publisher (publisher_id, name) VALUES (210, '키움(학습)');
INSERT INTO book (book_id, title, subcategory_id, publisher_id, price, point, published_date, description, image_url) VALUES (415, '왓칭 16종 교과서 문학 1권으로 끝내기 (2026년) - 2022 개정 교육과정', 25, 210, 23400, 1300, '2025-11-20', '', 'https://image.aladin.co.kr/product/37788/3/cover200/k152033566_1.jpg');
INSERT INTO author (author_id, name) VALUES (485, '박종오');
INSERT INTO author (author_id, name) VALUES (486, '박성채');
INSERT INTO author (author_id, name) VALUES (487, '한보람');
INSERT INTO book_author (book_id, author_id) VALUES (415, 485);
INSERT INTO book_author (book_id, author_id) VALUES (415, 486);
INSERT INTO book_author (book_id, author_id) VALUES (415, 487);
INSERT INTO book (book_id, title, subcategory_id, publisher_id, price, point, published_date, description, image_url) VALUES (416, '날아다니는 책장수', 10, 162, 18000, 1000, '2025-12-07', '올해 겨울, 온 가족을 위한 따뜻한 어린이 책《날아다니는 책장수》는 크리스마스를 배경으로, 아이들의 마음이 알아보는 ‘단 하나의 책’ 을 찾아다니는 신비로운 책장수의 이야기 외에 열 다섯 편의 마법같은 크리스마스 동화가 들어있다.', 'https://image.aladin.co.kr/product/37788/1/cover200/k002033566_1.jpg');
INSERT INTO author (author_id, name) VALUES (488, '야로슬라바 블랙');
INSERT INTO author (author_id, name) VALUES (489, '마리나 얀돌렌코 (그림)');
INSERT INTO book_author (book_id, author_id) VALUES (416, 488);
INSERT INTO book_author (book_id, author_id) VALUES (416, 489);
INSERT INTO book_translator (book_id, translator_id) VALUES (416, 49);
INSERT INTO publisher (publisher_id, name) VALUES (211, '솔과학');
INSERT INTO book (book_id, title, subcategory_id, publisher_id, price, point, published_date, description, image_url) VALUES (417, '마음달의 뿌리', 6, 211, 50000, 2500, '2025-11-10', '저자가 은퇴 후 10년 가까운 세월 동안 불한티산방에서 SNS로 발송한 『벌바위통신(羅石通信)』과, 미발표 철학적 4행의 단상들을 함께 묶은 것이다. 모두 7권에 걸쳐 900여 수의 작품을 하나의 시문집으로 오롯이 담고 있다.', 'https://image.aladin.co.kr/product/37788/0/cover200/k092033566_1.jpg');
INSERT INTO author (author_id, name) VALUES (490, '손병철');
INSERT INTO book_author (book_id, author_id) VALUES (417, 490);
INSERT INTO publisher (publisher_id, name) VALUES (212, '비단숲');
INSERT INTO book (book_id, title, subcategory_id, publisher_id, price, point, published_date, description, image_url) VALUES (418, '하루의 말이 평생의 아이를 바꾼다 - 아이를 살리는 말, 망치는 말', 27, 212, 19800, 1100, '2025-12-01', '“부모의 말이 곧 아이의 미래를 만든다.” 매일 아이에게 건네는 그 한마디가 자존감, 사고력, 관계까지 바꿀 수 있다. 이 책은 15년간 수천 명 이상의 부모와 아이를 상담해 온 아동 발달 언어 치료 전문가 원민우 교수가 전하는 “부모 언어 습관 코칭북”이다.', 'https://image.aladin.co.kr/product/37787/99/cover200/k082033566_1.jpg');
INSERT INTO author (author_id, name) VALUES (491, '원민우');
INSERT INTO book_author (book_id, author_id) VALUES (418, 491);
INSERT INTO book (book_id, title, subcategory_id, publisher_id, price, point, published_date, description, image_url) VALUES (419, '택지개발촉진법 - 법령, 시행령, 시행규칙', 14, 208, 16000, 800, '2025-11-13', '방대한 법전을 보지 않고 간편하게 해당되는 법령만 참고해서 볼 수 있도록 하였다. 공공기관이나 관련 종사자들이 쉽고 간편하게 해당 법령을 참조 할 수 있도록 하였다. 특히 해당법률은 물론 관련 시행령, 시행규칙을 함께 실어 관련법을 서로 참고할 수 있게 하였다.', 'https://image.aladin.co.kr/product/37787/98/cover200/k072033566_1.jpg');
INSERT INTO book_author (book_id, author_id) VALUES (419, 483);
INSERT INTO publisher (publisher_id, name) VALUES (213, '대학으로잇다');
INSERT INTO book (book_id, title, subcategory_id, publisher_id, price, point, published_date, description, image_url) VALUES (420, '2027 장애인 등 대상자 특별전형으로 대학가기 - 특수교육대상자전형', 25, 213, 61200, 3400, '2025-10-27', '', 'https://image.aladin.co.kr/product/37787/97/cover200/k942033566_1.jpg');
INSERT INTO author (author_id, name) VALUES (492, '김성일');
INSERT INTO author (author_id, name) VALUES (493, '이건임');
INSERT INTO author (author_id, name) VALUES (494, '오정현');
INSERT INTO book_author (book_id, author_id) VALUES (420, 492);
INSERT INTO book_author (book_id, author_id) VALUES (420, 493);
INSERT INTO book_author (book_id, author_id) VALUES (420, 494);
INSERT INTO publisher (publisher_id, name) VALUES (214, '현자');
INSERT INTO book (book_id, title, subcategory_id, publisher_id, price, point, published_date, description, image_url) VALUES (421, '사유하는 풍경 언어 - 착각의 시학 시끌리오 창간 20주년 기념 사화집', 6, 214, 22500, 1250, '2025-11-12', '착각의 시학 시끌리오 창간 20주년 기념 사화집은, 문인 131명의 작품을 실었다. 2025년 대한민국은 역사적 사건들이 끊임없이 이어졌다. 다사다난한 한 해를 보내며 문인 스스로 내면의 사유와 서로 어우러지는 풍경의 시계(視界)를 문학에 담아내었다.', 'https://image.aladin.co.kr/product/37787/97/cover200/k972033566_1.jpg');
INSERT INTO author (author_id, name) VALUES (495, '한국착각의시학작가회');
INSERT INTO book_author (book_id, author_id) VALUES (421, 495);
INSERT INTO publisher (publisher_id, name) VALUES (215, '로앤오더');
INSERT INTO book (book_id, title, subcategory_id, publisher_id, price, point, published_date, description, image_url) VALUES (422, '2026 위패스 공인중개사 1차 기본서 민법 및 민사특별법', 3, 215, 32000, NULL, '2025-11-02', '논리적 사고로 민법을 정복하도록 돕는 실전형 기본서다. 법조문 어휘 중심 구성으로 출제 논점을 정확히 파악하게 하고, 모든 민법 기출과 핵심 판례만 엄선해 학습 효율을 높인다. 기본서와 동일 체계의 요약서로 복습까지 빠르게 연결된다.', 'https://image.aladin.co.kr/product/37787/97/cover200/k962033566_1.jpg');
INSERT INTO author (author_id, name) VALUES (496, '김묘엽');
INSERT INTO book_author (book_id, author_id) VALUES (422, 496);
INSERT INTO publisher (publisher_id, name) VALUES (216, '조선뉴스프레스(잡지)');
INSERT INTO book (book_id, title, subcategory_id, publisher_id, price, point, published_date, description, image_url) VALUES (423, '월간조선 2025.12', 22, 216, 14250, 150, '2025-11-18', '', 'https://image.aladin.co.kr/product/37787/96/cover200/k842033565_1.jpg');
INSERT INTO author (author_id, name) VALUES (497, '월간조선 편집부');
INSERT INTO book_author (book_id, author_id) VALUES (423, 497);
INSERT INTO publisher (publisher_id, name) VALUES (217, '천년의시작');
INSERT INTO book (book_id, title, subcategory_id, publisher_id, price, point, published_date, description, image_url) VALUES (424, '울 줄 알아야지', 6, 217, 9900, 550, '2025-11-17', '길영수 시인의 시집 『울 줄 알아야지』가 시작시인선 0552번으로 출간되었다. 길영수 시인은 두 번째 시집 『울 줄 알아야지』를 통해 첫 시집 『꽃도 우는가』의 강렬함에서 한층 순화된 서정적 정서를 선보인다. 그의 시는 유년의 고향, 선친과 모친에 대한 그리움, 손주들과 자녀들에 대한 애틋한 시선을 담아 지나온 인생을 따뜻하게 회고한다.', 'https://image.aladin.co.kr/product/37787/96/cover200/8960218308_1.jpg');
INSERT INTO author (author_id, name) VALUES (498, '길영수');
INSERT INTO book_author (book_id, author_id) VALUES (424, 498);
INSERT INTO publisher (publisher_id, name) VALUES (218, '다산어린이');
INSERT INTO book (book_id, title, subcategory_id, publisher_id, price, point, published_date, description, image_url) VALUES (425, '톡 : 소문 말고 진실', 10, 218, 12600, 700, '2025-11-19', '직접 만나서 하는 대화, 전화보다 카톡이나 SNS를 통한 소통이 편한 독자들을 위해 문학 역시 줄글이 아닌 새로운 형식으로 쓰여야 하지 않을까? 이 질문의 답으로 탄생한 새로운 문학 작품 《톡: 소문 말고 진실》(이하 《톡》)이 출간되었다.', 'https://image.aladin.co.kr/product/37787/94/cover200/k892033565_1.jpg');
INSERT INTO author (author_id, name) VALUES (499, '황지영');
INSERT INTO author (author_id, name) VALUES (500, '송효정 (그림)');
INSERT INTO book_author (book_id, author_id) VALUES (425, 499);
INSERT INTO book_author (book_id, author_id) VALUES (425, 500);
INSERT INTO book (book_id, title, subcategory_id, publisher_id, price, point, published_date, description, image_url) VALUES (426, '[레드] 나태주 시인의 감사 & 필사 세트', 9, 209, 35820, 1990, '2025-11-25', '나태주 시인의 평소 인생 철학과 시적 감수성을 보여주는 감사의 기록과 필사의 시간. 이 두 가지 소중한 가치를 아우르는 두 권의 책이 한 세트로 탄생했다. ‘풀꽃의 시학’을 바탕으로 한 일상 사색의 언어들과 독자들에게 전하는 깊은 감사의 마음, 그리고 풍요로운 문학의 세계가 알차게 담겨 있다.', 'https://image.aladin.co.kr/product/37787/93/cover200/k852033565_1.jpg');
INSERT INTO book_author (book_id, author_id) VALUES (426, 484);
INSERT INTO publisher (publisher_id, name) VALUES (219, '마지원');
INSERT INTO book (book_id, title, subcategory_id, publisher_id, price, point, published_date, description, image_url) VALUES (427, '바이오 기사ㆍ산업기사 필답형 문제집', 3, 219, 25200, 1400, '2025-11-17', '문제-정답-해설 흐름으로 회독 과정을 단순화하고 과목별 개념·계산·절차를 실제 풀이 루틴에 맞게 배열한다. 단답·서술·계산·절차형을 유기적으로 연결해 통합학습이 가능하며, 최신 개정 내용도 현장 SOP와 연계해 반영한다.', 'https://image.aladin.co.kr/product/37787/93/cover200/k862033565_1.jpg');
INSERT INTO author (author_id, name) VALUES (501, '바이오교재연구회');
INSERT INTO book_author (book_id, author_id) VALUES (427, 501);
INSERT INTO publisher (publisher_id, name) VALUES (220, '엠디월드');
INSERT INTO book (book_id, title, subcategory_id, publisher_id, price, point, published_date, description, image_url) VALUES (428, '리프팅학', 26, 220, 142500, 7500, '2025-11-15', '', 'https://image.aladin.co.kr/product/37787/93/cover200/k792033565_1.jpg');
INSERT INTO author (author_id, name) VALUES (502, '장두열');
INSERT INTO book_author (book_id, author_id) VALUES (428, 502);
INSERT INTO publisher (publisher_id, name) VALUES (221, '해조음');
INSERT INTO book (book_id, title, subcategory_id, publisher_id, price, point, published_date, description, image_url) VALUES (429, '붓다에게 물어봐!', 7, 221, 11700, 650, '2025-12-04', '', 'https://image.aladin.co.kr/product/37787/92/cover200/k772033565_1.jpg');
INSERT INTO author (author_id, name) VALUES (503, '박영동');
INSERT INTO book_author (book_id, author_id) VALUES (429, 503);
INSERT INTO publisher (publisher_id, name) VALUES (222, '허들링북스');
INSERT INTO book (book_id, title, subcategory_id, publisher_id, price, point, published_date, description, image_url) VALUES (430, '항상성 노화 - 과속 노화를 멈추고 느리게 나이 드는 법', 21, 222, 18000, 1000, '2025-12-01', '나이 드는 속도는 바꿀 수 있을까? 《항상성 노화》는 이 질문에 과학적으로 답하는 책이다. 저자 박민수 원장은 몸이 스스로 균형을 되찾는 힘, 즉 ‘항상성’을 노화 관리의 핵심 키워드로 제시하며, 같은 나이라도 어떤 사람은 빠르게 늙고 어떤 사람은 천천히 늙는 이유를 집요하게 파고든다.', 'https://image.aladin.co.kr/product/37787/91/cover200/k632033565_1.jpg');
INSERT INTO author (author_id, name) VALUES (504, '박민수');
INSERT INTO book_author (book_id, author_id) VALUES (430, 504);
INSERT INTO publisher (publisher_id, name) VALUES (223, '봄봄스쿨');
INSERT INTO book (book_id, title, subcategory_id, publisher_id, price, point, published_date, description, image_url) VALUES (431, 'Paper Cutting 종이오리기 124 - 사각사각 손에서 피어나는 종이 팬시', 21, 223, 15120, 840, '2025-11-17', '페이퍼 커팅 아트는 사각사각 소리에 집중하며 잡념을 비우는 아날로그 힐링 취미다. 종이의 감성을 느끼며 즐길 수 있는 방법을 『종이오리기 124』로 누구나 쉽게 배울 수 있다.', 'https://image.aladin.co.kr/product/37787/91/cover200/k642033565_1.jpg');
INSERT INTO author (author_id, name) VALUES (505, '구마다 마리');
INSERT INTO translator (translator_id, name) VALUES (62, '아르고나인 스튜디오');
INSERT INTO book_author (book_id, author_id) VALUES (431, 505);
INSERT INTO book_translator (book_id, translator_id) VALUES (431, 62);
INSERT INTO publisher (publisher_id, name) VALUES (224, '한빛아카데미(교재)');
INSERT INTO book (book_id, title, subcategory_id, publisher_id, price, point, published_date, description, image_url) VALUES (432, '제대로 배우는 MATLAB & Simulink - 2판', 15, 224, 34000, 1700, '2025-11-17', 'MATLAB과 Simulink를 처음 접하는 전기·전자 공학도를 대상으로 한다. MATLAB의 기본 사용법부터 분야별 활용 방법까지 핵심 기능을 중심으로 설명하고 공학 예제를 통해 다양하게 적용해볼 수 있게 했다. 또한S imulink로 시뮬레이션할 수 있게 시스템 모델을 설계해본다.', 'https://image.aladin.co.kr/product/37787/89/cover200/k692033565_1.jpg');
INSERT INTO author (author_id, name) VALUES (506, '방성완');
INSERT INTO book_author (book_id, author_id) VALUES (432, 506);
INSERT INTO publisher (publisher_id, name) VALUES (225, 'KONG');
INSERT INTO book (book_id, title, subcategory_id, publisher_id, price, point, published_date, description, image_url) VALUES (433, '쿼카처럼 촘촘하게 느슨하게', 13, 225, 15120, 840, '2025-11-19', '‘세상에서 가장 행복한 동물’로 불리는 쿼카를 주인공으로, 바쁘게 하루를 살아가는 아이들에게 다정한 응원을 전하는 그림책이다. 앞뒤 어느 방향으로도 읽을 수 있는 독특한 구성을 통해, 때로는 바쁘고 빠르게, 때로는 여유를 가지고 천천히 살아가는 모든 순간의 소중함을 전한다.', 'https://image.aladin.co.kr/product/37787/88/cover200/k652033565_1.jpg');
INSERT INTO author (author_id, name) VALUES (507, '어른이');
INSERT INTO book_author (book_id, author_id) VALUES (433, 507);
INSERT INTO book (book_id, title, subcategory_id, publisher_id, price, point, published_date, description, image_url) VALUES (434, '투시 스케치 기법', 2, 223, 13500, 750, '2025-11-17', '', 'https://image.aladin.co.kr/product/37787/82/cover200/k532033565_1.jpg');
INSERT INTO author (author_id, name) VALUES (508, '나카야마 시게노부');
INSERT INTO translator (translator_id, name) VALUES (63, '김현화');
INSERT INTO book_author (book_id, author_id) VALUES (434, 508);
INSERT INTO book_translator (book_id, translator_id) VALUES (434, 63);
INSERT INTO book (book_id, title, subcategory_id, publisher_id, price, point, published_date, description, image_url) VALUES (435, '미녀와 야수 디즈니 프린세스 따서 조립하기', 13, 201, 13050, 720, '2025-09-26', '전 세계가 사랑한 디즈니 애니메이션 &lt;미녀와 야수&gt;가 따서 조립하기로 나왔다. 재미있는 그림책도 읽고, 영화 속 등장 인물과 물건들도 직접 만들어 보자. 멋진 성안의 계단과 화려한 침대 등 예쁜 공주 장난감을 17개나 만들 수 있다.', 'https://image.aladin.co.kr/product/37787/75/cover200/k582033565_1.jpg');
INSERT INTO author (author_id, name) VALUES (509, '디즈니');
INSERT INTO book_author (book_id, author_id) VALUES (435, 509);
INSERT INTO publisher (publisher_id, name) VALUES (226, '곰단지');
INSERT INTO book (book_id, title, subcategory_id, publisher_id, price, point, published_date, description, image_url) VALUES (436, '잊힌 골목에서 꺼낸 질문들 - 콤코무리한 이야기들 - 옥봉', 9, 226, 13500, 750, '2025-11-10', '세월의 골목에 웅크린 진주 옥봉을 사진과 글로 기록한다. 색으로 집을 구분하던 대문, 오래 불리지 않은 초인종, “악착같이 살았다”는 어르신들의 태도가 오래된 삶의 정체성을 보여준다. 잊힌 곳의 풍경을 따라가며 조용히 살아낸 시간의 힘을 느끼게 한다.', 'https://image.aladin.co.kr/product/37787/70/cover200/k552033565_1.jpg');
INSERT INTO author (author_id, name) VALUES (510, '박성진');
INSERT INTO book_author (book_id, author_id) VALUES (436, 510);
INSERT INTO book (book_id, title, subcategory_id, publisher_id, price, point, published_date, description, image_url) VALUES (437, '삐뚤삐뚤 춤추는 인생', 6, 147, 10800, 600, '2025-10-24', '산여울 신순희 시인의 다섯 번째 시집이다. 바람이 불면 기울고, 물결이 일면 젖기도 한 인생의 모습을 다양한 사물에 비유하면서 멀리 떠나고, 헤매고, 잊혀진 듯하다가도 다시 마음 깊으로 곳으로 돌아오는 자신의 모습을 그린 마음의 기록이다. 이 시집은 누군가의 일상에 한 줄기 빛이나 혹은 숨결이 되었으면 하는 바람으로 쓴 시집이다.', 'https://image.aladin.co.kr/product/37787/62/cover200/8965333075_1.jpg');