INSERT INTO book (book_id, title, subcategory_id, publisher_id, price, point, published_date, description, image_url) VALUES (662, '[세트] MBTI 유형별 유튜브 콘텐츠 컨설턴트 + 2026 MBTI 일력 - 전2권', 20, 347, 35500, 2120, '2025-10-14', '', 'https://image.aladin.co.kr/product/37771/46/cover200/k512033568_1.jpg');
INSERT INTO book_author (book_id, author_id) VALUES (662, 779);
INSERT INTO publisher (publisher_id, name) VALUES (357, '신구문화사');
INSERT INTO book (book_id, title, subcategory_id, publisher_id, price, point, published_date, description, image_url) VALUES (663, '산사 - 한국의 산지 승원', 7, 357, 25000, 1250, '2025-11-20', '일반적으로 산사를 찾는 감상으로 먼저 편안하게 길을 열고, 끝에 각 산사의 세계유산적 가치와 역사를 덧붙이는 순서로 살펴보도록 구성했다. 세계유산적 가치와 역사는 산사 등재신청서에 수록되어 있는 것을 소개하는 데 중점을 두었다.', 'https://image.aladin.co.kr/product/37771/45/cover200/8976682912_1.jpg');
INSERT INTO author (author_id, name) VALUES (790, '정병삼');
INSERT INTO book_author (book_id, author_id) VALUES (663, 790);
INSERT INTO book (book_id, title, subcategory_id, publisher_id, price, point, published_date, description, image_url) VALUES (664, '유시 파리카', 17, 133, 12000, 360, '2025-11-21', '유시 파리카는 다양한 비인간 존재가 인간의 전유물로 여겨져 온 기술과 문화를 어떻게 능동적으로 구성하는지 밝히는 문화역사가다. 미디어가 되기 이전 상태부터 버려진 이후까지 미디어의 전 과정을 탐색하며 동시대의 다중적 시간성을 드러낸다. 인간과 비인간, 자연과 기술이 복합적으로 작동하는 오늘날의 세계를 깊숙이 이해할 수 있다.', 'https://image.aladin.co.kr/product/37771/43/cover200/k592033568_1.jpg');
INSERT INTO author (author_id, name) VALUES (791, '심효원');
INSERT INTO book_author (book_id, author_id) VALUES (664, 791);
INSERT INTO publisher (publisher_id, name) VALUES (358, '기린미디어');
INSERT INTO book (book_id, title, subcategory_id, publisher_id, price, point, published_date, description, image_url) VALUES (665, '부동산 탐험, 우리 집 찾기 프로젝트!', 10, 358, 11700, 650, '2025-11-25', '&lt;알지YOU&gt; 시리즈 세 번째 이야기로, 지유와 알맹이가 집의 형태부터 매매·전세·월세 같은 기본 개념을 익히며 ‘우리 집’의 의미를 찾아가는 동화다. 박보람 작가와 신나라 작가가 주거 지식을 쉽고 따뜻하게 담아 어린이가 생활과 공간의 가치를 자연스럽게 이해하도록 돕는다.', 'https://image.aladin.co.kr/product/37771/42/cover200/k442033568_1.jpg');
INSERT INTO author (author_id, name) VALUES (792, '박보람');
INSERT INTO author (author_id, name) VALUES (793, '신나라 (그림)');
INSERT INTO book_author (book_id, author_id) VALUES (665, 792);
INSERT INTO book_author (book_id, author_id) VALUES (665, 793);
INSERT INTO publisher (publisher_id, name) VALUES (359, '책딱지');
INSERT INTO book (book_id, title, subcategory_id, publisher_id, price, point, published_date, description, image_url) VALUES (666, '열두 달 식당으로 오세요!', 10, 359, 12600, 700, '2025-11-17', '책딱지 ‘저학년의 품격’ 시리즈의 스물일곱 번째 작품 『열두 달 식당으로 오세요!』는 완벽을 추구하던 여우 요리사가 아빠의 식당을 이어받으며 ‘함께하는 기쁨과 행복’에 대해 배우는 이야기다.', 'https://image.aladin.co.kr/product/37771/42/cover200/k432033568_1.jpg');
INSERT INTO author (author_id, name) VALUES (794, '유지은');
INSERT INTO author (author_id, name) VALUES (795, '홍찬주 (그림)');
INSERT INTO book_author (book_id, author_id) VALUES (666, 794);
INSERT INTO book_author (book_id, author_id) VALUES (666, 795);
INSERT INTO book (book_id, title, subcategory_id, publisher_id, price, point, published_date, description, image_url) VALUES (667, '강은 후진하지 않는다', 6, 299, 10800, 600, '2025-11-07', '장시 「강」과 열 편의 「산」 연작으로 서정과 서사를 통섭한 시집이다. 강의 유장한 서사와 산의 근원을 향한 시선이 교차하며 시대의 상흔과 삶의 애상을 비춘다. 79편의 시를 통해 일상과 우리 땅의 감각까지 섬세하게 담아 낸다.', 'https://image.aladin.co.kr/product/37771/40/cover200/k462033568_1.jpg');
INSERT INTO author (author_id, name) VALUES (796, '박규현');
INSERT INTO book_author (book_id, author_id) VALUES (667, 796);
INSERT INTO publisher (publisher_id, name) VALUES (360, '도서출판100');
INSERT INTO book (book_id, title, subcategory_id, publisher_id, price, point, published_date, description, image_url) VALUES (668, '요한복음·신학적 주석', 7, 360, 44100, 2450, '2025-11-21', '요한복음과의 새롭고 깊은 만남으로 초대한다. 예수님께서 주시는 생명의 풍성함을 요한복음이 어떻게 전하는지, 특히 구약 및 다른 복음서와 요한복음이 어떻게 공명하는지 통찰력 있게 보여 준다. 요한복음의 깊이와 높이와 너비를 드러내며, 요한복음을 계속 반복해서 읽고 묵상하도록 자극하는 주석이다.', 'https://image.aladin.co.kr/product/37771/39/cover200/k452033568_1.jpg');
INSERT INTO author (author_id, name) VALUES (797, '데이비드 F. 포드');
INSERT INTO translator (translator_id, name) VALUES (81, '김지호');
INSERT INTO book_author (book_id, author_id) VALUES (668, 797);
INSERT INTO book_translator (book_id, translator_id) VALUES (668, 81);
INSERT INTO publisher (publisher_id, name) VALUES (361, '여백위의 종이');
INSERT INTO book (book_id, title, subcategory_id, publisher_id, price, point, published_date, description, image_url) VALUES (669, '무채의 바다', 6, 361, 11700, 650, '2025-11-15', '감정이 가장 조용해지는 지점에서 시작되는 시집이다. 슬픔과 공허, 온기와 기다림, 떠나간 마음과 남겨진 사람 사이에서 말로 붙잡히지 않는 감정의 흔적을 천천히 건져 올린다. 이 책은 화려한 색보다, 말할 수 없어서 잿빛으로 남아 있던 감정에 귀를 기울인다.', 'https://image.aladin.co.kr/product/37771/38/cover200/k342033568_1.jpg');
INSERT INTO author (author_id, name) VALUES (798, '허규원');
INSERT INTO book_author (book_id, author_id) VALUES (669, 798);
INSERT INTO book (book_id, title, subcategory_id, publisher_id, price, point, published_date, description, image_url) VALUES (670, '이지선 칼럼 대한민국  STOP & GO!', 17, 317, 13500, 750, '2025-10-30', '시인이자 여행가인 이지선이 2012년부터 2025년까지 13년간 우리 사회에 던진 질문들을 모아 정치·종교·교육·외교·환경 전반을 성찰하며, 안전하고 정의롭고 공정한 삶에 대한 시민의 소망을 생생한 언어로 풀어낸다.', 'https://image.aladin.co.kr/product/37771/37/cover200/k312033568_1.jpg');
INSERT INTO author (author_id, name) VALUES (799, '이지선');
INSERT INTO book_author (book_id, author_id) VALUES (670, 799);
INSERT INTO book (book_id, title, subcategory_id, publisher_id, price, point, published_date, description, image_url) VALUES (671, '2026 써니 행정법총론 소방 단원별 모의고사 - 전2권', 3, 75, 19800, 220, '2025-11-24', '공무원 행정법을 대비할 수 있는 단원별 모의고사 문제집이다. 기본서 편제에 맞추어 총 16회차를 단원별로 구성하였다. 학습 편의를 위해 &lt;문제편&gt;과 &lt;정답과 해설편&gt;, 두 권으로 최적 구성하였다. 각 모의고사 선지와 관련된 기출지문을 ‘기출체크’에 수록하였다.', 'https://image.aladin.co.kr/product/37771/37/cover200/k302033568_1.jpg');
INSERT INTO author (author_id, name) VALUES (800, '박준철');
INSERT INTO book_author (book_id, author_id) VALUES (671, 800);
INSERT INTO publisher (publisher_id, name) VALUES (362, '21세기북스');
INSERT INTO book (book_id, title, subcategory_id, publisher_id, price, point, published_date, description, image_url) VALUES (672, '집단 망상 - 잘못된 믿음은 어떻게 만들어지는가', 12, 362, 21600, 1200, '2025-11-26', '진실은 불신 속에 가려지고 분노는 정당한 수단으로 착각되며 ‘적을 없애야 한다’는 논리가 행동으로 이어지는 시대. 우리는 이제 질문해야 한다. 이 파국의 정치를 어떻게 멈출 것인가, 그리고 진실과 신뢰의 언어를 어떻게 회복할 것인가.', 'https://image.aladin.co.kr/product/37771/36/cover200/k372033568_1.jpg');
INSERT INTO author (author_id, name) VALUES (801, '조 피에르');
INSERT INTO author (author_id, name) VALUES (802, '김경일 (감수)');
INSERT INTO book_author (book_id, author_id) VALUES (672, 801);
INSERT INTO book_author (book_id, author_id) VALUES (672, 802);
INSERT INTO book_translator (book_id, translator_id) VALUES (672, 53);
INSERT INTO publisher (publisher_id, name) VALUES (363, '이숲');
INSERT INTO book (book_id, title, subcategory_id, publisher_id, price, point, published_date, description, image_url) VALUES (673, '비앙카 세탁소', 1, 363, 27000, 1500, '2025-12-01', '첫 그래픽 노블 『베아트리스』로 프낙(FNAC) 만화상 수상 및 프랑스 앵테르 만화상 최종 후보에 올랐으며, 「르 몽드」와 「르 피가로」 등 언론의 극찬을 받은 작가 요리스 메르텐스가 5년 만에 신작을 들고 찾아왔다. 이번 작품의 키워드는 ‘잔혹한 운명의 장난’이다. 주인공은 낡고 칙칙한 도시를 배경으로 피할 수 없는 운명의 소용돌이에 휘말린다.', 'https://image.aladin.co.kr/product/37771/35/cover200/k352033568_1.jpg');
INSERT INTO author (author_id, name) VALUES (803, '요리스 메르텐스');
INSERT INTO translator (translator_id, name) VALUES (82, '김미리');
INSERT INTO book_author (book_id, author_id) VALUES (673, 803);
INSERT INTO book_translator (book_id, translator_id) VALUES (673, 82);
INSERT INTO book (book_id, title, subcategory_id, publisher_id, price, point, published_date, description, image_url) VALUES (674, '[큰글자책] 유시 파리카', 17, 133, 25000, 750, '2025-11-21', '유시 파리카는 다양한 비인간 존재가 인간의 전유물로 여겨져 온 기술과 문화를 어떻게 능동적으로 구성하는지 밝히는 문화역사가다. 미디어가 되기 이전 상태부터 버려진 이후까지 미디어의 전 과정을 탐색하며 동시대의 다중적 시간성을 드러낸다. 인간과 비인간, 자연과 기술이 복합적으로 작동하는 오늘날의 세계를 깊숙이 이해할 수 있다.', 'https://image.aladin.co.kr/product/37771/35/cover200/k242033568_1.jpg');
INSERT INTO book_author (book_id, author_id) VALUES (674, 791);
INSERT INTO book (book_id, title, subcategory_id, publisher_id, price, point, published_date, description, image_url) VALUES (675, '누구나 쉽게 배우는 수학 - 1 - 피타고라스의정리', 11, 12, 9600, NULL, '2025-09-05', '', 'https://image.aladin.co.kr/product/37771/35/cover200/k232033568_1.jpg');
INSERT INTO author (author_id, name) VALUES (804, '구해민');
INSERT INTO book_author (book_id, author_id) VALUES (675, 804);
INSERT INTO book (book_id, title, subcategory_id, publisher_id, price, point, published_date, description, image_url) VALUES (676, '데이즈드 앤 컨퓨즈드 Dazed & Confused Korea A형 2025.12 (표지 : 고현정) - 주요기사 : 고현정, 수인, 우성아, NCT 해찬, 전소니, 베이비돈크라이', 22, 336, 19000, 200, '2025-11-17', '', 'https://image.aladin.co.kr/product/37771/32/cover200/k212033568_2.jpg');
INSERT INTO book_author (book_id, author_id) VALUES (676, 765);
INSERT INTO book (book_id, title, subcategory_id, publisher_id, price, point, published_date, description, image_url) VALUES (677, '열성엄마가 일본어 실력 빠르게 올리는 공부법', 16, 305, 17550, 970, '2025-11-17', '리스닝과 회화가 어려운 이유를 기본기에서 찾으며 쉬운 것부터 시작해야 한다는 언어 학습의 핵심을 짚는다. 외국어 학습 패러다임 변화에 대한 답으로 효율적인 학습법을 제안한다.', 'https://image.aladin.co.kr/product/37771/32/cover200/k292033568_1.jpg');
INSERT INTO book_author (book_id, author_id) VALUES (677, 687);
INSERT INTO publisher (publisher_id, name) VALUES (364, '마티스블루');
INSERT INTO book (book_id, title, subcategory_id, publisher_id, price, point, published_date, description, image_url) VALUES (678, '1938 타이완 여행기 - 2024 전미도서상 번역부문 수상, 2024 일본번역대상 수상, 2021 타이완 금정상 수상', 6, 364, 16920, 940, '2025-11-25', '식민지 여성의 삶에 허락된 선택지가 있었을까? 그럼에도 자신의 존엄을 지키며 살아가려면 어떻게 해야 하는가? 타이완 최초로 2024 전미도서상 번역부문을 수상하며 세계적인 주목을 받은 작가 양솽쯔의 《1938 타이완 여행기》가 한국에서 출간되었다.', 'https://image.aladin.co.kr/product/37771/30/cover200/k252033568_1.jpg');
INSERT INTO author (author_id, name) VALUES (805, '양솽쯔');
INSERT INTO translator (translator_id, name) VALUES (83, '김이삭');
INSERT INTO book_author (book_id, author_id) VALUES (678, 805);
INSERT INTO book_translator (book_id, translator_id) VALUES (678, 83);
INSERT INTO publisher (publisher_id, name) VALUES (365, '혜윰터');
INSERT INTO book (book_id, title, subcategory_id, publisher_id, price, point, published_date, description, image_url) VALUES (679, '안성, 지속가능성을 찾다 - 안성 발전을 위한 4,738km의 여정', 17, 365, 18000, 1000, '2025-11-15', '급격한 인구 감소와 지역 소멸의 위기가 대한민국 전역을 뒤덮고 있는 지금, 제9·10대 안성시장을 맡은 김보라 시장은 안성의 지속가능성을 찾아 4,738km의 여정을 떠났다. 이 책은 그 여정을 온전히 담아낸 기록이자, 앞으로의 안성이 나아갈 길을 함께 모색하는 제안서이다.', 'https://image.aladin.co.kr/product/37771/29/cover200/k142033568_1.jpg');
INSERT INTO author (author_id, name) VALUES (806, '김보라');
INSERT INTO book_author (book_id, author_id) VALUES (679, 806);
INSERT INTO book (book_id, title, subcategory_id, publisher_id, price, point, published_date, description, image_url) VALUES (680, 'ETS 토플 공식 파트너 TOEFL Complete Guide - 시원스쿨 토플 이론서', 16, 265, 22500, 1250, '2025-12-01', '2026년 개정 토플을 완벽 반영해 기본 이론부터 최신 문제까지 담고 ETS 실전모의고사 3회분을 제공한다. 개정 전후 비교와 전 영역 가이드를 한 권에 정리해 시원스쿨이 개정 토플의 모든 정보를 안내한다.', 'https://image.aladin.co.kr/product/37771/28/cover200/k132033568_1.jpg');
INSERT INTO book_author (book_id, author_id) VALUES (680, 602);
INSERT INTO book (book_id, title, subcategory_id, publisher_id, price, point, published_date, description, image_url) VALUES (681, '지큐 GQ Korea 2025.12 (표지 : 브루넬로 쿠치넬리) - 주요기사 : 브루넬로 쿠치넬리, 올데이 프로젝트, 마크, 이재욱, 추영우, 박규영, 포르쉐', 22, 200, 7600, 80, '2025-11-17', '', 'https://image.aladin.co.kr/product/37771/27/cover200/k112033568_1.jpg');
INSERT INTO book_author (book_id, author_id) VALUES (681, 445);
INSERT INTO publisher (publisher_id, name) VALUES (366, '초록개구리');
INSERT INTO book (book_id, title, subcategory_id, publisher_id, price, point, published_date, description, image_url) VALUES (682, '야생 동물에게 길을 내줘요! - 동물과 인간 모두를 보호하는 생태 통로 이야기', 10, 366, 11250, 620, '2025-11-14', '도로가 만든 생태계 파괴와 로드킬의 현실을 자료와 사례로 보여주며, 추풍령 생태 통로를 비롯한 공존의 해법을 제시한다. 작은 실천으로 자연을 지킬 수 있음을 일깨우는 생태 안내서다.', 'https://image.aladin.co.kr/product/37771/27/cover200/k182033568_1.jpg');
INSERT INTO author (author_id, name) VALUES (807, '조앤 마리 갤러트');
INSERT INTO translator (translator_id, name) VALUES (84, '오지현');
INSERT INTO author (author_id, name) VALUES (808, '최태영 (감수)');
INSERT INTO book_author (book_id, author_id) VALUES (682, 807);
INSERT INTO book_author (book_id, author_id) VALUES (682, 808);
INSERT INTO book_translator (book_id, translator_id) VALUES (682, 84);
INSERT INTO publisher (publisher_id, name) VALUES (367, '오선문예');
INSERT INTO book (book_id, title, subcategory_id, publisher_id, price, point, published_date, description, image_url) VALUES (683, '아름다운 사랑은 아픔 끝에 피더라', 6, 367, 10800, 600, '2025-09-20', '애틋한 가족 사랑이 곳곳이 담겨 있고 아버지로서 가장으로서 집안을 두루 살피는 시향과 인간의 기본 삶 그 뿌리의 소중함이 전해지며 희로애락 속에서 바른 삶을 역설하는 글이 잔잔하게 전해지는 시집이다.', 'https://image.aladin.co.kr/product/37771/27/cover200/k032033568_1.jpg');
INSERT INTO author (author_id, name) VALUES (809, '윤용운');
INSERT INTO book_author (book_id, author_id) VALUES (683, 809);
INSERT INTO book (book_id, title, subcategory_id, publisher_id, price, point, published_date, description, image_url) VALUES (684, '지큐 GQ Korea 2025.12 (표지 : 포르쉐) - 주요기사 : 포르쉐, 올데이 프로젝트, 마크, 이재욱, 추영우, 박규영, 브루넬로 쿠치넬리', 22, 200, 7600, 80, '2025-11-17', '', 'https://image.aladin.co.kr/product/37771/26/cover200/k002033568_1.jpg');
INSERT INTO book_author (book_id, author_id) VALUES (684, 445);
INSERT INTO book (book_id, title, subcategory_id, publisher_id, price, point, published_date, description, image_url) VALUES (685, '지큐 GQ Korea 2025.12 (표지 : 박규영) - 주요기사 : 박규영, 올데이 프로젝트, 마크, 이재욱, 추영우, 포르쉐, 브루넬로 쿠치넬리', 22, 200, 7600, 80, '2025-11-17', '', 'https://image.aladin.co.kr/product/37771/26/cover200/k072033568_1.jpg');
INSERT INTO book_author (book_id, author_id) VALUES (685, 445);
INSERT INTO book (book_id, title, subcategory_id, publisher_id, price, point, published_date, description, image_url) VALUES (686, '지큐 GQ Korea 2025.12 (표지 : 추영우) - 주요기사 : 추영우, 올데이 프로젝트, 마크, 이재욱, 박규영, 포르쉐, 브루넬로 쿠치넬리', 22, 200, 7600, 80, '2025-11-17', '', 'https://image.aladin.co.kr/product/37771/26/cover200/k082033568_1.jpg');
INSERT INTO book_author (book_id, author_id) VALUES (686, 445);
INSERT INTO book (book_id, title, subcategory_id, publisher_id, price, point, published_date, description, image_url) VALUES (687, '데칼코마니', 6, 12, 8800, NULL, '2025-09-01', '', 'https://image.aladin.co.kr/product/37771/26/cover200/k932033568_1.jpg');
INSERT INTO author (author_id, name) VALUES (810, '해수');
INSERT INTO book_author (book_id, author_id) VALUES (687, 810);
INSERT INTO book (book_id, title, subcategory_id, publisher_id, price, point, published_date, description, image_url) VALUES (688, '지큐 GQ Korea 2025.12 (표지 : 이재욱) - 주요기사 : 이재욱, 올데이 프로젝트, 마크, 추영우, 박규영, 포르쉐, 브루넬로 쿠치넬리', 22, 200, 7600, 80, '2025-11-17', '', 'https://image.aladin.co.kr/product/37771/24/cover200/k902033568_1.jpg');
INSERT INTO book_author (book_id, author_id) VALUES (688, 445);
INSERT INTO publisher (publisher_id, name) VALUES (368, '한국강사교육진흥원');
INSERT INTO book (book_id, title, subcategory_id, publisher_id, price, point, published_date, description, image_url) VALUES (689, '25년 파킨슨 아지매의 인생 도전기 - 웃음은 내게 생명을 주었다', 9, 368, 15120, 840, '2025-11-15', '파킨슨병과 25년을 함께한 송옥임 강사가 절망 속에서도 다시 일어선 여정을 들려준다. 웃음 치료, 봉사와 강의를 통해 삶을 회복한 과정을 담아 작은 실천이 만든 긍정의 힘을 보여준다.', 'https://image.aladin.co.kr/product/37771/24/cover200/k982033568_1.jpg');
INSERT INTO author (author_id, name) VALUES (811, '송옥임');
INSERT INTO book_author (book_id, author_id) VALUES (689, 811);
INSERT INTO book (book_id, title, subcategory_id, publisher_id, price, point, published_date, description, image_url) VALUES (690, '지큐 GQ Korea 2025.12 (표지 : 올데이 프로젝트) - 주요기사 : 올데이 프로젝트, 마크, 이재욱, 추영우, 박규영, 포르쉐, 브루넬로 쿠치넬리', 22, 200, 7600, 80, '2025-11-17', '', 'https://image.aladin.co.kr/product/37771/24/cover200/k972033568_1.jpg');
INSERT INTO book_author (book_id, author_id) VALUES (690, 445);
INSERT INTO publisher (publisher_id, name) VALUES (369, '아이휴먼');
INSERT INTO book (book_id, title, subcategory_id, publisher_id, price, point, published_date, description, image_url) VALUES (691, '프린세스 캐치! 티니핑 한글 쓰기', 13, 369, 15120, 840, '2025-11-28', '최근 학생들의 문해력에 대한 관심이 어느 때보다 커졌다. 글의 의미를 정확히 파악하는 능력이 중요해진 지금, 가장 필요한 것은 문장과 말의 기초를 튼튼히 다지는 것이다. 이를 위해 아이휴먼이 어린이들의 ‘최애’ &lt;프린세스 캐치! 티니핑&gt;과 한글을 접목한 『프린세스 캐치! 티니핑 한글 쓰기』을 펴냈다.', 'https://image.aladin.co.kr/product/37771/23/cover200/k952033568_1.jpg');
INSERT INTO author (author_id, name) VALUES (812, '아이휴먼 편집부 (엮은이)');
INSERT INTO author (author_id, name) VALUES (813, 'SAMG (원작)');
INSERT INTO book_author (book_id, author_id) VALUES (691, 812);
INSERT INTO book_author (book_id, author_id) VALUES (691, 813);
INSERT INTO publisher (publisher_id, name) VALUES (370, '아가페출판사');
INSERT INTO book (book_id, title, subcategory_id, publisher_id, price, point, published_date, description, image_url) VALUES (692, '[그레이] 개역개정 큰글자 굿모닝 바이블 - 소(小).단본.색인 - PU.지퍼', 7, 370, 26100, 1450, '2025-10-30', '읽기 편한 큰 글자에 얇은 두께로 휴대하기 좋은 큰글자 굿모닝성경이다. 말씀에 대한 궁금증을 명쾌하게 풀어주는 해설도 함께 구성되어 있다. 눈에 잘 들어오는 큰 글자로 본문과 해설 모두 가독성 좋게 편집하였다.', 'https://image.aladin.co.kr/product/37771/22/cover200/8953727065_1.jpg');
INSERT INTO author (author_id, name) VALUES (814, '굿모닝성경 편찬위원회');
INSERT INTO book_author (book_id, author_id) VALUES (692, 814);
INSERT INTO publisher (publisher_id, name) VALUES (371, '잉클링즈');
INSERT INTO book (book_id, title, subcategory_id, publisher_id, price, point, published_date, description, image_url) VALUES (693, '인문학의 길에서 성서를 만나다', 7, 371, 17820, 990, '2025-11-20', '인문학의 길을 걸어 온 15인의 그리스도인이 자기 빛깔로 그려 낸 ‘인문학과 성서의 만남’에 관한 이야기로, 철학·문학·역사·언어학·예술 등 자신의 전공 영역에서 오랫동안 씨름해 온 ‘신앙과 학문의 여정’을 성찰적으로 회고한다.', 'https://image.aladin.co.kr/product/37771/22/cover200/k882033467_1.jpg');
INSERT INTO author (author_id, name) VALUES (815, '손화철');
INSERT INTO author (author_id, name) VALUES (816, '목광수');
INSERT INTO author (author_id, name) VALUES (817, '홍문기');
INSERT INTO author (author_id, name) VALUES (818, '강성우');
INSERT INTO author (author_id, name) VALUES (819, '이광태');
INSERT INTO author (author_id, name) VALUES (820, '정영훈');
INSERT INTO author (author_id, name) VALUES (821, '김학균');
INSERT INTO author (author_id, name) VALUES (822, '노승욱');
INSERT INTO author (author_id, name) VALUES (823, '홍석준');
INSERT INTO author (author_id, name) VALUES (824, '박기영');
INSERT INTO author (author_id, name) VALUES (825, '최진영');
INSERT INTO author (author_id, name) VALUES (826, '김원경');
INSERT INTO author (author_id, name) VALUES (827, '박효은');
INSERT INTO author (author_id, name) VALUES (828, '이웅배');
INSERT INTO book_author (book_id, author_id) VALUES (693, 388);
INSERT INTO book_author (book_id, author_id) VALUES (693, 815);
INSERT INTO book_author (book_id, author_id) VALUES (693, 816);
INSERT INTO book_author (book_id, author_id) VALUES (693, 817);
INSERT INTO book_author (book_id, author_id) VALUES (693, 818);
INSERT INTO book_author (book_id, author_id) VALUES (693, 819);
INSERT INTO book_author (book_id, author_id) VALUES (693, 820);
INSERT INTO book_author (book_id, author_id) VALUES (693, 821);
INSERT INTO book_author (book_id, author_id) VALUES (693, 822);
INSERT INTO book_author (book_id, author_id) VALUES (693, 823);
INSERT INTO book_author (book_id, author_id) VALUES (693, 824);
INSERT INTO book_author (book_id, author_id) VALUES (693, 825);
INSERT INTO book_author (book_id, author_id) VALUES (693, 826);
INSERT INTO book_author (book_id, author_id) VALUES (693, 827);
INSERT INTO book_author (book_id, author_id) VALUES (693, 828);
INSERT INTO book (book_id, title, subcategory_id, publisher_id, price, point, published_date, description, image_url) VALUES (694, '전통춤 춤사위', 12, 356, 12000, 600, '2025-11-20', '전통춤이 표현하는 예술적 형태와 미학 그리고 그 속에 담긴 구조 및 의미를 탐구하여 논리적으로 문서화하는 작업에 힘을 쏟아야 할 것이다. 그래야만 전통춤의 전승체계가 확립돼 살아 숨 쉬는 지구촌의 인류문화유산으로 거듭날 수 있기 때문이다.', 'https://image.aladin.co.kr/product/37771/20/cover200/8928521777_1.jpg');
INSERT INTO author (author_id, name) VALUES (829, '사단법인 한국전통춤협회');
INSERT INTO book_author (book_id, author_id) VALUES (694, 829);
INSERT INTO book (book_id, title, subcategory_id, publisher_id, price, point, published_date, description, image_url) VALUES (695, '프린세스 캐치! 티니핑 마음을 가꾸는 동화 1 : 출발! 프린세스 열차', 13, 369, 14400, 800, '2025-12-08', '매 시즌 어린이들의 ‘최애’로 자리 잡은 마음의 요정 티니핑이 환상적인 공주·왕자 이야기와 함께 돌아온다. 새롭게 단장한 로미와 하츄핑이 프린세스 회담을 향하다 로열티니핑 사뿐핑·아름핑·뽀니핑을 만나며 펼쳐지는 모험 속에, 세계 명작 동화에서 영감을 얻은 11마리의 프린세스티니핑과 3마리의 프린스티니핑이 등장해 이야기의 매력을 한층 확장한다.', 'https://image.aladin.co.kr/product/37771/19/cover200/k862033467_1.jpg');
INSERT INTO book_author (book_id, author_id) VALUES (695, 812);
INSERT INTO book_author (book_id, author_id) VALUES (695, 813);
INSERT INTO publisher (publisher_id, name) VALUES (372, '시대에듀(시대고시기획)');
INSERT INTO book (book_id, title, subcategory_id, publisher_id, price, point, published_date, description, image_url) VALUES (696, '2026 하반기 시대에듀 All-New CJ그룹 CAT 온라인 인적성검사 통합기본서 - 최신기출유형+모의고사 3회+온라인 모의고사 2회+무료CJ특강', 3, 372, 21600, 1200, '2025-12-15', '2025년 하반기 CJ그룹 CAT 기출복원문제와 영역별 대표기출유형·기출응용문제를 담아 단계별 학습이 가능하다. 모의고사 3회와 온라인 모의고사 2회, 인성검사와 실제 면접 기출 질문까지 수록해 한 권으로 필기부터 면접까지 대비한다.', 'https://image.aladin.co.kr/product/37771/19/cover200/k722033467_1.jpg');
INSERT INTO author (author_id, name) VALUES (830, 'SDC(Sidae Data Center)');
INSERT INTO book_author (book_id, author_id) VALUES (696, 830);
INSERT INTO publisher (publisher_id, name) VALUES (373, '문이당');
INSERT INTO book (book_id, title, subcategory_id, publisher_id, price, point, published_date, description, image_url) VALUES (697, '내가 버린 도시, 서울', 6, 373, 14400, 800, '2025-11-10', '수저 계급론이 일상을 지배하는 서울에서 산동네 아이 ‘나’가 서열화된 학교와 막힌 미래를 마주한다. 네 개의 수저 동네로 표상된 도시를 통해 구조적 불평등과 꿈의 부재를 날카롭게 그려낸 방서현의 두 번째 장편이다.', 'https://image.aladin.co.kr/product/37771/18/cover200/8974565978_1.jpg');
INSERT INTO author (author_id, name) VALUES (831, '방서현');
INSERT INTO book_author (book_id, author_id) VALUES (697, 831);
INSERT INTO publisher (publisher_id, name) VALUES (374, '책과이음');
INSERT INTO book (book_id, title, subcategory_id, publisher_id, price, point, published_date, description, image_url) VALUES (698, '상처의 쓸모 - 가정 폭력 트라우마를 넘어 회복과 치유의 여정으로', 9, 374, 15120, 840, '2025-11-28', '오랜 세월 남몰래 간직해온 내밀한 아픔을 용기 있게 고백하는 유수경 작가의 에세이. 어린 시절 잉태된 가족의 불안정과 아버지의 폭력에 조용히 숨죽이며 안으로 상처를 켜켜이 쌓아 올리던 작가는, 결국 해결되지 않은 감정의 파도에 속절없이 휩쓸리며 성인이 된 이후 조울증, 불안장애, 강박장애에 시달렸다. 한순간에 우울과 불안에 잠식당해버린 작가의 삶을 구원한 것은 변함없이 곁에서 그를 지지해준 사랑과 자기 안에 잠들어 있던 한 톨의 용기였다.', 'https://image.aladin.co.kr/product/37771/17/cover200/k702033467_1.jpg');
INSERT INTO author (author_id, name) VALUES (832, '유수경');
INSERT INTO book_author (book_id, author_id) VALUES (698, 832);
INSERT INTO book (book_id, title, subcategory_id, publisher_id, price, point, published_date, description, image_url) VALUES (699, '2025 제2회 국내문학상 수상작품집', 6, 367, 13500, 750, '2025-10-31', '2025 제2회 국내문학상 수상작품집. 국내 37개 문인협회 67명의 작가님들이 참여 하였다. 초대 시는 국내 원로 선생님들의 작품으로 도달하기 어려운 문학상 작품을 소개하였고 중견 시인님과 초보 시인님들 문학상도 함께 실었다.', 'https://image.aladin.co.kr/product/37771/17/cover200/k792033467_1.jpg');
INSERT INTO author (author_id, name) VALUES (833, '오선');
INSERT INTO author (author_id, name) VALUES (834, '이민숙 (엮은이)');
INSERT INTO book_author (book_id, author_id) VALUES (699, 833);
INSERT INTO book_author (book_id, author_id) VALUES (699, 834);
INSERT INTO book (book_id, title, subcategory_id, publisher_id, price, point, published_date, description, image_url) VALUES (700, '뇌 안에 잠든 학습 코드를 깨워라 - 고려대 영재교육원 10년의 공부 비밀을 밝힌다', 27, 222, 18000, 1000, '2025-12-01', '뇌과학 공부법의 원리부터 실천까지 완벽하게 담았다. 게임 중독, 시험 불안 등 실제 상담 사례와 함께 가정에서 요긴하게 활용할 수 있는 워크북과 체크리스트 또한 6종이나 제공한다. 우리나라 대표 인지심리학자 중 한 명인 김경일 교수는 “참으로 쓸모 있는 지침서”라며 이 책을 극찬했다.', 'https://image.aladin.co.kr/product/37771/17/cover200/k762033467_1.jpg');
INSERT INTO author (author_id, name) VALUES (835, '이민주');
INSERT INTO book_author (book_id, author_id) VALUES (700, 835);
INSERT INTO publisher (publisher_id, name) VALUES (375, '초록달팽이');
INSERT INTO book (book_id, title, subcategory_id, publisher_id, price, point, published_date, description, image_url) VALUES (701, '이상한 예언자', 10, 375, 12600, 700, '2025-11-15', '초록달팽이 동시집 서른여섯 번째 권입니다. 늦깎이 새내기 시인으로 최근 부지런히 동시의 길을 걷고 있는 이지우 시인의 첫 동시집이다. 시인이 골목과 빵집, 시장과 책 등에서 만난 이상한 예언자들의 흥미로운 이야기 48편이 수록되어 있다.', 'https://image.aladin.co.kr/product/37771/14/cover200/k672033467_1.jpg');
INSERT INTO author (author_id, name) VALUES (836, '이지우');
INSERT INTO author (author_id, name) VALUES (837, '민지은 (그림)');
INSERT INTO book_author (book_id, author_id) VALUES (701, 836);
INSERT INTO book_author (book_id, author_id) VALUES (701, 837);
INSERT INTO publisher (publisher_id, name) VALUES (376, '지혜');
INSERT INTO book (book_id, title, subcategory_id, publisher_id, price, point, published_date, description, image_url) VALUES (702, '물의 발자국을 읽는다', 6, 376, 10800, 600, '2025-11-15', '''석 달이면 몸을 뒤집고, 열다섯이면 마음을 뒤집고, 스물에는 천둥치는 밤을 지나 정신을 뒤엎는''단다. 뒤집는 게 아니라 뒤엎어? 스물이 지나면 정신을? 뒤엎으며 살아야 살 수 있다고? 알겠다. 나와 동년배 60년대 생生 이라면 대저 그 삶이 어떠했을지. ''물의 발자국을 읽는다''는 ''뒤꼍''의 이야기이고 ''것''들의 이야기이다.', 'https://image.aladin.co.kr/product/37771/13/cover200/k662033467_1.jpg');
INSERT INTO author (author_id, name) VALUES (838, '하주자');
INSERT INTO book_author (book_id, author_id) VALUES (702, 838);
INSERT INTO book (book_id, title, subcategory_id, publisher_id, price, point, published_date, description, image_url) VALUES (703, '물어보진 않았지만', 9, 175, 15120, 840, '2025-11-28', '낮보다 긴 밤, 생과 사의 경계에서 오랜 시간을 보내며 성찰해 온 한 의사의 기록이다. 눈에 보이지 않는 질서의 경계선에서, 응급의학과 의사는 심장내과와 신경외과 의사들이 꽃을 피울 수 있도록 잎과 줄기, 그리고 뿌리의 역할을 맡는다. 그들이 있기에 꽃이 핀다.', 'https://image.aladin.co.kr/product/37771/12/cover200/k512033467_1.jpg');
INSERT INTO author (author_id, name) VALUES (839, '조준호');
INSERT INTO book_author (book_id, author_id) VALUES (703, 839);
INSERT INTO book (book_id, title, subcategory_id, publisher_id, price, point, published_date, description, image_url) VALUES (704, '[단꿈아이] 설민석의 우리 고전 대모험 1 - 8권 세트(전8권)', 29, 276, 108000, 1200, '2025-11-17', '', 'https://image.aladin.co.kr/product/37771/12/cover200/scm29496423815.jpg');
INSERT INTO book_author (book_id, author_id) VALUES (704, 623);
INSERT INTO book (book_id, title, subcategory_id, publisher_id, price, point, published_date, description, image_url) VALUES (705, '[큰글자책] AI 방송 가이드북', 15, 133, 25000, 750, '2025-11-28', 'OTT·생성형 AI·데이터 기술이 방송 제작과 유통, 공영성, 신뢰 구조를 어떻게 바꾸는지 국내외 사례로 분석하며, 넷플릭스·BBC·KBS의 기술 전환과 AI 기반 뉴스 제작, 공영성 재정의, 알고리즘 투명성까지 방송 전반의 변화를 짚는다. 기술 속도보다 공공성과 신뢰의 회복을 제시하는 실무적 미래 전략서다.', 'https://image.aladin.co.kr/product/37771/12/cover200/k592033467_1.jpg');
INSERT INTO book_author (book_id, author_id) VALUES (705, 315);
INSERT INTO publisher (publisher_id, name) VALUES (377, '우리詩움');
INSERT INTO book (book_id, title, subcategory_id, publisher_id, price, point, published_date, description, image_url) VALUES (706, 'CONTEMPORARY KOREAN LYRIC POEMS', 6, 377, 16200, 900, '2025-10-27', '영문학 박사이자 시인인 여국현 교수가 번역한『한국 현대 서정시』영역편이 우리시 움출판사에서 출간됐다. 이 작품집에는 36명의 현대 시인들의 시가 실려있다. 현재 가장 왕성하게 활동하고 있는 시인들의 시라서 현재 우리 시단의 시 흐름과 분위기를 파악할 수 있다는 점에서 매우 괄목할 만하다.', 'https://image.aladin.co.kr/product/37771/11/cover200/k572033467_1.jpg');
INSERT INTO translator (translator_id, name) VALUES (85, '여국현');
INSERT INTO book_translator (book_id, translator_id) VALUES (706, 85);
INSERT INTO publisher (publisher_id, name) VALUES (378, '더디퍼런스');
INSERT INTO book (book_id, title, subcategory_id, publisher_id, price, point, published_date, description, image_url) VALUES (707, '제대로 스케치 곤충', 2, 378, 7920, 440, '2025-11-20', '그림의 기본기인 선과 명암을 화실 현장에서 익히듯 단계적으로 연습하도록 구성한 스케치 입문서다. 연필화 전문 화가가 70여 종의 곤충을 소재로 선 긋기, 톤 조절, 입체감 표현까지 기초를 반복하며 익히는 학습 흐름을 제시한다.', 'https://image.aladin.co.kr/product/37771/10/cover200/k562033467_1.jpg');
INSERT INTO author (author_id, name) VALUES (840, '연필이야기');
INSERT INTO book_author (book_id, author_id) VALUES (707, 840);
INSERT INTO publisher (publisher_id, name) VALUES (379, '한국수능연구원');
INSERT INTO book (book_id, title, subcategory_id, publisher_id, price, point, published_date, description, image_url) VALUES (708, '2026 일취월장 고1 국어 전국연합학력평가 5개년 19회', 25, 379, 15300, 850, '2025-11-17', '', 'https://image.aladin.co.kr/product/37771/8/cover200/k462033467_1.jpg');
INSERT INTO author (author_id, name) VALUES (841, '한국수능연구원 편집부');
INSERT INTO book_author (book_id, author_id) VALUES (708, 841);
INSERT INTO book (book_id, title, subcategory_id, publisher_id, price, point, published_date, description, image_url) VALUES (709, '이코노미스트 2026 세계대전망', 4, 18, 20700, 1150, '2025-12-03', '한국경제신문에서 해마다 출간되어온 글로벌 전망서 이코노미스트의 ‘The World Ahead’ 시리즈가 올해도 변함없이 《2026 세계대전망》으로 출간된다. 한치 앞도 알 수 없는 불안정한 상황 속에서 전 세계 패러다임 예측에 있어 최고의 권위를 자랑하는 &lt;이코노미스트&gt;가 2026년에 ‘The World Ahead’ 시리즈 출간 40주년을 기념하며 심도 깊은 전망을 내놓는다.', 'https://image.aladin.co.kr/product/37771/8/cover200/8947502170_1.jpg');
INSERT INTO author (author_id, name) VALUES (842, '영국 이코노미스트');
INSERT INTO book_author (book_id, author_id) VALUES (709, 842);
INSERT INTO publisher (publisher_id, name) VALUES (380, '행복한북창고');
INSERT INTO book (book_id, title, subcategory_id, publisher_id, price, point, published_date, description, image_url) VALUES (710, '탄소중립명상록 - 탄소중립, 사람중립으로부터 시작되다', 6, 380, 13500, 750, '2025-11-01', '기후위기를 인간 욕망의 과열로 바라보며 ‘탄소중립=사람중립’이라 말한다. 《탄소중립명상록》은 호흡·몸·마음·지리산명상을 통해 지구의 숨과 인간 의식의 순환을 기록하며 “당신의 숨이 지구를 막는 건 아닐까?”를 묻는다.', 'https://image.aladin.co.kr/product/37771/8/cover200/k312033467_1.jpg');
INSERT INTO author (author_id, name) VALUES (843, '이애숙');
INSERT INTO book_author (book_id, author_id) VALUES (710, 843);
INSERT INTO book (book_id, title, subcategory_id, publisher_id, price, point, published_date, description, image_url) VALUES (711, 'AI 방송 가이드북', 15, 133, 12000, 360, '2025-11-28', 'OTT·생성형 AI·데이터 기술이 방송 제작과 유통, 공영성, 신뢰 구조를 어떻게 바꾸는지 국내외 사례로 분석하며, 넷플릭스·BBC·KBS의 기술 전환과 AI 기반 뉴스 제작, 공영성 재정의, 알고리즘 투명성까지 방송 전반의 변화를 짚는다. 기술 속도보다 공공성과 신뢰의 회복을 제시하는 실무적 미래 전략서다.', 'https://image.aladin.co.kr/product/37771/7/cover200/k392033467_1.jpg');
INSERT INTO book_author (book_id, author_id) VALUES (711, 315);
INSERT INTO publisher (publisher_id, name) VALUES (381, '시와사람사');
INSERT INTO book (book_id, title, subcategory_id, publisher_id, price, point, published_date, description, image_url) VALUES (712, '시집사리 詩集思理 - 한국 현대시 100년 12가지 주제별 읽기', 6, 381, 18000, 1000, '2025-11-25', '텍스트 분석, 컨텍스트성(contextuality)에 대한 이해와 비평적 감수성에 기반하여 한국 현대시 100년을 몇 가지 주제와 관련하여 구성하였다. 시의 주제와 방법론에 대해 지나친 논리 중심의 전개와 문체는 피하고 작품의 의미와 행간 읽기를 중심으로 서술하였다.', 'https://image.aladin.co.kr/product/37771/7/cover200/8956657858_1.jpg');
INSERT INTO author (author_id, name) VALUES (844, '김동원');
INSERT INTO book_author (book_id, author_id) VALUES (712, 844);
INSERT INTO publisher (publisher_id, name) VALUES (382, '꿈꿀자유');
INSERT INTO book (book_id, title, subcategory_id, publisher_id, price, point, published_date, description, image_url) VALUES (713, '안녕, 바나나', 6, 382, 16200, 900, '2025-11-15', '폐허가 된 미래 세계에서 인간의 몸을 얻은 인공지능이 등장하며 인간과 인간 아닌 것의 경계를 묻는다. 김재아 작가의 전면 개정 장편 SF로, 변화한 인간성과 존재의 의미를 강렬하게 탐색한다.', 'https://image.aladin.co.kr/product/37771/6/cover200/k372033467_1.jpg');
INSERT INTO author (author_id, name) VALUES (845, '김재아');
INSERT INTO book_author (book_id, author_id) VALUES (713, 845);
INSERT INTO book (book_id, title, subcategory_id, publisher_id, price, point, published_date, description, image_url) VALUES (714, '2026 일취월장 고1 영어 전국연합학력평가 5개년 19회', 25, 379, 14400, 800, '2025-11-17', '', 'https://image.aladin.co.kr/product/37771/4/cover200/k352033467_1.jpg');
INSERT INTO book_author (book_id, author_id) VALUES (714, 841);
INSERT INTO book (book_id, title, subcategory_id, publisher_id, price, point, published_date, description, image_url) VALUES (715, '2026 최신판 시대에듀 KDB한국산업은행 5급 최종모의고사 7회분 - 모의고사 4회+온라인 모의고사 3회+논술+면접+무료NCS특강', 3, 372, 20700, 1150, '2025-12-15', '최근 출제경향을 분석하여 구성한 모의고사를 4회분 수록하여 시험 직전 자신의 실력을 최종 점검할 수 있도록 하였다. 논술 작성법과 KDB한국산업은행 논술 기출 및 면접 가이드와 주요 금융권 면접 기출을 수록하여 한 권으로 채용 전반에 대비할 수 있다.', 'https://image.aladin.co.kr/product/37771/4/cover200/k222033467_1.jpg');
INSERT INTO book_author (book_id, author_id) VALUES (715, 830);
INSERT INTO publisher (publisher_id, name) VALUES (383, '나무의꿈');
INSERT INTO book (book_id, title, subcategory_id, publisher_id, price, point, published_date, description, image_url) VALUES (716, '한눈에 익히는 노자 도덕경', 12, 383, 9000, 500, '2025-11-20', '원문·음독·해석을 한눈에 비교하며 읽는 『노자도덕경』 해설서다. 난해한 도가 사상을 생활 속 ‘무위자연’으로 풀어내고, 상선약수 같은 구절을 현대의 삶의 태도로 재해석한다.', 'https://image.aladin.co.kr/product/37771/3/cover200/k212033467_1.jpg');
INSERT INTO author (author_id, name) VALUES (846, '노자');
INSERT INTO author (author_id, name) VALUES (847, '이창성 (엮은이)');
INSERT INTO book_author (book_id, author_id) VALUES (716, 846);
INSERT INTO book_author (book_id, author_id) VALUES (716, 847);
INSERT INTO book (book_id, title, subcategory_id, publisher_id, price, point, published_date, description, image_url) VALUES (717, '홍소병', 6, 175, 18000, 1000, '2025-11-20', '붉은 완장을 찬 아이들이 구호를 배우고 숙청을 체험하던 시절, 한 소년의 눈으로 문화혁명의 폭풍과 집단적 맹신이 인간다움을 어떻게 지워 갔는지 그려낸 소설이다. 무너진 신앙과 사라진 언어를 통해 그 ‘혁명’이 누구의 것이었는지 묻는다.', 'https://image.aladin.co.kr/product/37771/3/cover200/k252033467_1.jpg');
INSERT INTO author (author_id, name) VALUES (848, '김현선');
INSERT INTO book_author (book_id, author_id) VALUES (717, 848);
INSERT INTO book (book_id, title, subcategory_id, publisher_id, price, point, published_date, description, image_url) VALUES (718, '2026 시대에듀 A+ 독학사 1단계 교양과정 스피드 단기완성 현대사회와 윤리+무료특강 - 필수 암기 키워드 + 3개년 기출복원문제 + 핵심포인트 + 적중모의고사 10회분', 3, 372, 18000, 1000, '2026-01-15', '방대한 이론을 평가영역에 맞춰 압축해 시간 대비 학습 효율을 높인 독학사 1단계 전용 수험서다. 국가평생교육진흥원 출제 영역을 반영해 개념 중심으로 구성했고 출제 유형에 맞는 문제들을 실어 단기간 실전 대비가 가능하다.', 'https://image.aladin.co.kr/product/37771/3/cover200/k262033467_1.jpg');
INSERT INTO author (author_id, name) VALUES (849, '독학학위연구소');
INSERT INTO book_author (book_id, author_id) VALUES (718, 849);
INSERT INTO publisher (publisher_id, name) VALUES (384, '미래엔아이세움');
INSERT INTO book (book_id, title, subcategory_id, publisher_id, price, point, published_date, description, image_url) VALUES (719, '두바이에서 보물찾기', 10, 384, 11700, 650, '2025-11-19', '≪세계 도시 탐험 만화 역사상식≫ 시리즈 31권은 아랍 에미리트의 두바이에서 펼쳐진다. 보물을 찾기 위해 고군분투하는 주인공들의 흥미진진한 이야기와 더불어, 두바이에 대한 기본 상식과 역사를 알기 쉽게 정리한 정보 페이지가 수록되어 있어 새로운 지식을 쌓을 수 있다.', 'https://image.aladin.co.kr/product/37771/3/cover200/k142033467_1.jpg');
INSERT INTO author (author_id, name) VALUES (850, '팝콘스토리');
INSERT INTO author (author_id, name) VALUES (851, '강경효 (그림)');
INSERT INTO book_author (book_id, author_id) VALUES (719, 850);
INSERT INTO book_author (book_id, author_id) VALUES (719, 851);
INSERT INTO publisher (publisher_id, name) VALUES (385, '현대지성');
INSERT INTO book (book_id, title, subcategory_id, publisher_id, price, point, published_date, description, image_url) VALUES (720, '100통의 편지로 읽는 세계사 - 가장 사적인 기록으로 훔쳐보는 역사 속 격동의 순간들', 5, 385, 22500, 1250, '2025-11-21', '우리는 다양한 방식으로 세계사를 읽는다. 교과서처럼 시간의 흐름을 따라 인류의 궤적을 조망할 수도 있고, 전쟁이나 도시처럼 특정한 주제를 중심으로 세계가 어떻게 변화해왔는지 살펴볼 수도 있다.', 'https://image.aladin.co.kr/product/37771/1/cover200/k032033467_1.jpg');
INSERT INTO author (author_id, name) VALUES (852, '콜린 솔터');
INSERT INTO translator (translator_id, name) VALUES (86, '이상미');
INSERT INTO book_author (book_id, author_id) VALUES (720, 852);
INSERT INTO book_translator (book_id, translator_id) VALUES (720, 86);
INSERT INTO book (book_id, title, subcategory_id, publisher_id, price, point, published_date, description, image_url) VALUES (721, '2026 시대에듀 PASSCODE 한국사능력검정시험 기출문제집 800제 16회분(75~51회) 기본(4·5·6급) + 무료 동영상 - 기출 최다 수록 + 빅데이터 50가지 테마 미니북 제공', 3, 372, 18900, 1050, '2026-01-05', '최신 16회분 기출을 분석해 고난도 문항까지 정리한 한국사능력검정시험 대비서다. 기본서 없이도 공부할 수 있도록 상세 해설과 테마 미니북, 시대별 연표, 무료 해설·스킬 특강을 제공해 혼자서도 4급 합격을 준비할 수 있다.', 'https://image.aladin.co.kr/product/37771/1/cover200/k022033467_1.jpg');
INSERT INTO author (author_id, name) VALUES (853, '한국사수험연구소');
INSERT INTO book_author (book_id, author_id) VALUES (721, 853);
INSERT INTO publisher (publisher_id, name) VALUES (386, '혜안');
INSERT INTO book (book_id, title, subcategory_id, publisher_id, price, point, published_date, description, image_url) VALUES (722, '다시 보는 이순신', 5, 386, 34200, 1080, '2025-11-10', '21세기 이순신 열풍 속에서 국내외 연구·평가를 종합해 그를 둘러싼 오해와 논란의 뿌리를 검토하며, 왜 지금 다시 이순신을 바라봐야 하는지 학술적으로 짚는다. 영화·드라마로 널리 알려졌지만 정작 그 의미를 정확히 이해하지 못한 현실을 짚으며 세계가 주목하는 이유와 한국 해양사에서의 위치를 설명한다.', 'https://image.aladin.co.kr/product/37770/99/cover200/8984947601_1.jpg');
INSERT INTO author (author_id, name) VALUES (854, '김주식');
INSERT INTO book_author (book_id, author_id) VALUES (722, 854);
INSERT INTO publisher (publisher_id, name) VALUES (387, '북하우스');
INSERT INTO book (book_id, title, subcategory_id, publisher_id, price, point, published_date, description, image_url) VALUES (723, '나의 무엇이 책이 되는가 - 글이 책이 되기까지, 작가의 길로 안내하는 책 쓰기 수업', 12, 387, 16650, 920, '2025-11-28', '임승수 작가가 다양한 분야의 글을 쓰며 터득한 20년 글쓰기 노하우를 한 권에 담은 글쓰기 책 결정판이다. 글치에서 전업작가가 된 작가로서, 글로 먹고살며 온몸으로 체득한 핵심 비법을 낱낱이 공개한다.', 'https://image.aladin.co.kr/product/37770/99/cover200/k832033466_1.jpg');
INSERT INTO author (author_id, name) VALUES (855, '임승수');
INSERT INTO book_author (book_id, author_id) VALUES (723, 855);
INSERT INTO publisher (publisher_id, name) VALUES (388, '알라딘북스');
INSERT INTO book (book_id, title, subcategory_id, publisher_id, price, point, published_date, description, image_url) VALUES (724, '세계에 이런 곳이? - 구석구석 대륙 탐험, 개정판', 10, 388, 13320, 740, '2025-11-30', '지구의 대륙마다 펼쳐지는 아름다운 자연과 신기한 동식물, 오래된 건물과 조각상을 따라가며 ‘세계에 이런 곳이 있었네!’ 하는 놀라움을 전한다. WOW 시리즈 여섯 번째 책으로 세계 여행을 꿈꾸는 어린이에게 꼭 맞다.', 'https://image.aladin.co.kr/product/37770/99/cover200/8984013943_1.jpg');
INSERT INTO author (author_id, name) VALUES (856, '맥 판 하크동크');
INSERT INTO translator (translator_id, name) VALUES (87, '한도인');
INSERT INTO book_author (book_id, author_id) VALUES (724, 856);
INSERT INTO book_translator (book_id, translator_id) VALUES (724, 87);
INSERT INTO publisher (publisher_id, name) VALUES (389, '월요일의꿈');
INSERT INTO book (book_id, title, subcategory_id, publisher_id, price, point, published_date, description, image_url) VALUES (725, '부자 아빠의 행복 철학 - 내 아이에게 꼭 들려줘야 할 성공의 비밀', 27, 389, 16200, 900, '2025-11-24', '미국 명문 대학의 종신교수, 가치투자의 대가, 12만 구독자를 가진 경제 전문 유튜버. ‘반교수(ProfHalf)’라는 필명으로 활동하는 이주택 교수를 부르는 수식어는 다양하다. 이 책에서 저자는 딸과의 소설적 대화를 통해 읽기 편한 언어와 이해하기 쉬운 설명으로 누구에게나 도움이 될 성공의 비법을 이야기한다.', 'https://image.aladin.co.kr/product/37770/98/cover200/k892033466_1.jpg');
INSERT INTO author (author_id, name) VALUES (857, '이주택');
INSERT INTO book_author (book_id, author_id) VALUES (725, 857);
INSERT INTO publisher (publisher_id, name) VALUES (390, '도서출판 학영');
INSERT INTO book (book_id, title, subcategory_id, publisher_id, price, point, published_date, description, image_url) VALUES (726, '신약 언어 수업', 7, 390, 15010, 470, '2025-11-19', '교회 안에서 익숙하게 사용하지만, 사실은 가장 오해를 받고 있는 신약성경의 핵심 단어들을 탐구한다. 신약성경 안에서 사랑, 구속, 기도, 복음, 죄, 영혼, 장로, 얼굴, 어린양이 각기 어떠한 의미를 지니는지, 그것이 오늘날 우리의 신앙과 어떻게 연결되는지 새로운 시각으로 살펴본다.', 'https://image.aladin.co.kr/product/37770/97/cover200/k862033466_1.jpg');
INSERT INTO author (author_id, name) VALUES (858, '조재천');
INSERT INTO book_author (book_id, author_id) VALUES (726, 858);
INSERT INTO publisher (publisher_id, name) VALUES (391, '서울문화사(잡지)');
INSERT INTO book (book_id, title, subcategory_id, publisher_id, price, point, published_date, description, image_url) VALUES (727, '아이큐 점프 IQ Jump 2025.12', 22, 391, 2850, 30, '2025-11-18', '', 'https://image.aladin.co.kr/product/37770/97/cover200/k852033466_1.jpg');
INSERT INTO author (author_id, name) VALUES (859, '점프 편집부');
INSERT INTO book_author (book_id, author_id) VALUES (727, 859);
INSERT INTO book (book_id, title, subcategory_id, publisher_id, price, point, published_date, description, image_url) VALUES (728, '디스 이즈 스페인 This is Spain - 2026-2027년 최신판', 19, 320, 18900, 1050, '2025-11-20', '4년 연속 오사카 가이드북 전 서점 베스트셀러 1위 〈디스 이즈 오사카〉가 더욱 강력하게 레벨업했다. ‘1만 시간의 법칙’으로 오사카·교토·고베·나라·와카야마 전역을 직접 누비며 축적한 현장 취재 데이터, 25년간 여행서에 올인한 테라 출판사의 치밀한 기획으로 완성한 국내 최고 수준의 간사이 여행서다.', 'https://image.aladin.co.kr/product/37770/94/cover200/k732033466_1.jpg');
INSERT INTO book_author (book_id, author_id) VALUES (728, 723);
INSERT INTO publisher (publisher_id, name) VALUES (392, '포레스트북스');
INSERT INTO book (book_id, title, subcategory_id, publisher_id, price, point, published_date, description, image_url) VALUES (729, '고기능 우울증 - 겉은 멀쩡하지만 속은 고장 나 버린 사람들', 12, 392, 18000, 1000, '2025-11-19', '겉으로는 멀쩡해 보이지만 그 이면에는 간신히 균형을 잡고 있는 또 다른 자아가 숨어 있다. 이 책은 자신의 우울조차 감지하지 못할 만큼 성실함과 책임감에 사로잡혀 하루를 버티는 현대인의 내면을 포착하며, 고기능 우울증의 본질을 정면으로 다룬다.', 'https://image.aladin.co.kr/product/37770/94/cover200/k792033466_1.jpg');
INSERT INTO author (author_id, name) VALUES (860, '주디스 조셉');
INSERT INTO translator (translator_id, name) VALUES (88, '문선진');
INSERT INTO book_author (book_id, author_id) VALUES (729, 860);
INSERT INTO book_translator (book_id, translator_id) VALUES (729, 88);
INSERT INTO publisher (publisher_id, name) VALUES (393, '내하출판사');
INSERT INTO book (book_id, title, subcategory_id, publisher_id, price, point, published_date, description, image_url) VALUES (730, '기후 변화로 인한 건강 위기와 생존', 14, 393, 20000, 1000, '2025-11-15', '기후변화로 인해 확산되고 있는 건강 위기와 생존 문제에 관심 있는 의학, 보건학, 환경학 분야의 연구자들, 학생 및 관계자들을 위한 입문서로 구성되었다. 기후변화와 건강의 연관성을 이해하는 데 필요한 기본 개념을 정리하고, 이를 실제로 분석하고 대응하기 위한 방법론적 접근을 다루고 있다.', 'https://image.aladin.co.kr/product/37770/94/cover200/8957176160_1.jpg');
INSERT INTO author (author_id, name) VALUES (861, '이무식');
INSERT INTO author (author_id, name) VALUES (862, '김대경');
INSERT INTO author (author_id, name) VALUES (863, '박정희');
INSERT INTO author (author_id, name) VALUES (864, '배석환');
INSERT INTO author (author_id, name) VALUES (865, '안정립');
INSERT INTO author (author_id, name) VALUES (866, '이동준');
INSERT INTO author (author_id, name) VALUES (867, '이윤희');
INSERT INTO author (author_id, name) VALUES (868, '임남구');
INSERT INTO author (author_id, name) VALUES (869, '장주동');
INSERT INTO author (author_id, name) VALUES (870, '켄첸');
INSERT INTO author (author_id, name) VALUES (871, '황지혜');
INSERT INTO book_author (book_id, author_id) VALUES (730, 861);
INSERT INTO book_author (book_id, author_id) VALUES (730, 862);
INSERT INTO book_author (book_id, author_id) VALUES (730, 863);
INSERT INTO book_author (book_id, author_id) VALUES (730, 864);
INSERT INTO book_author (book_id, author_id) VALUES (730, 865);
INSERT INTO book_author (book_id, author_id) VALUES (730, 866);
INSERT INTO book_author (book_id, author_id) VALUES (730, 867);
INSERT INTO book_author (book_id, author_id) VALUES (730, 868);
INSERT INTO book_author (book_id, author_id) VALUES (730, 869);
INSERT INTO book_author (book_id, author_id) VALUES (730, 870);
INSERT INTO book_author (book_id, author_id) VALUES (730, 871);
INSERT INTO publisher (publisher_id, name) VALUES (394, '디지털콘텐츠그룹');
INSERT INTO book (book_id, title, subcategory_id, publisher_id, price, point, published_date, description, image_url) VALUES (731, 'AI와 함께 하는 스마트폰 활용법 - 스마트폰을 스마트하게 사용하기', 15, 394, 18000, 1000, '2025-11-21', '스마트폰에 익숙하지 않은 액티브 시니어·실버 세대를 위해 16년 교육 경험을 담아 기본 조작부터 최신 기능까지 단계별로 안내한다. 카카오톡·구글 서비스·키오스크·ChatGPT 등 최신 업데이트를 반영해 실생활 활용도를 높였으며, 시니어가 스마트폰을 자신 있게 사용할 수 있도록 돕는다.', 'https://image.aladin.co.kr/product/37770/93/cover200/k782033466_1.jpg');
INSERT INTO author (author_id, name) VALUES (872, '김태경');
INSERT INTO book_author (book_id, author_id) VALUES (731, 872);
INSERT INTO publisher (publisher_id, name) VALUES (395, '은행나무');
INSERT INTO book (book_id, title, subcategory_id, publisher_id, price, point, published_date, description, image_url) VALUES (732, '죄, 만 년을 사랑하다', 6, 395, 16200, 900, '2025-11-20', '지금 일본에서 가장 사랑받는 소설가, 요시다 슈이치의 최신작 《죄, 만 년을 사랑하다》가 은행나무출판사에서 출간되었다. “인간=이야기”라는 신념으로 다양한 장르를 자유롭게 넘나들며 독자들의 꾸준한 지지를 받아온 저자가 이번에는 폭풍우가 몰아치는 섬을 무대로 한 미스터리를 선보인다.', 'https://image.aladin.co.kr/product/37770/91/cover200/k762033466_1.jpg');
INSERT INTO author (author_id, name) VALUES (873, '요시다 슈이치');
INSERT INTO translator (translator_id, name) VALUES (89, '이영미');
INSERT INTO book_author (book_id, author_id) VALUES (732, 873);
INSERT INTO book_translator (book_id, translator_id) VALUES (732, 89);
INSERT INTO publisher (publisher_id, name) VALUES (396, '부산스런미디어');
INSERT INTO book (book_id, title, subcategory_id, publisher_id, price, point, published_date, description, image_url) VALUES (733, 'Technicolor Busan - 부산의 골목에서 만나는 색', 9, 396, 25000, NULL, '2025-11-21', '', 'https://image.aladin.co.kr/product/37770/91/cover200/k632033466_1.jpg');
INSERT INTO author (author_id, name) VALUES (874, '강성규');
INSERT INTO book_author (book_id, author_id) VALUES (733, 874);
INSERT INTO publisher (publisher_id, name) VALUES (397, '달과로켓');
INSERT INTO book (book_id, title, subcategory_id, publisher_id, price, point, published_date, description, image_url) VALUES (734, '겨울 임금님의 위험한 생일 파티', 13, 397, 16200, 900, '2025-11-10', '사계절이 모두 동시에 와버린 세상. 왜 이런 일이 벌어진 걸까? 자연의 시계가 멈춘 그날, 무너진 균형을 되찾을 수 있을까? 겨울 임금님의 생일날 사계절이 엉켜 버렸다.', 'https://image.aladin.co.kr/product/37770/91/cover200/k622033466_1.jpg');
INSERT INTO author (author_id, name) VALUES (875, '조나단 프리들랜드');
INSERT INTO author (author_id, name) VALUES (876, '에밀리 서튼 (그림)');
INSERT INTO translator (translator_id, name) VALUES (90, '김서정');
INSERT INTO book_author (book_id, author_id) VALUES (734, 875);
INSERT INTO book_author (book_id, author_id) VALUES (734, 876);
INSERT INTO book_translator (book_id, translator_id) VALUES (734, 90);
INSERT INTO publisher (publisher_id, name) VALUES (398, '경희대학교출판문화원(경희대학교출판부)');
INSERT INTO book (book_id, title, subcategory_id, publisher_id, price, point, published_date, description, image_url) VALUES (735, '계몽주의와 근대문명의 재조명', 14, 398, 22000, NULL, '2025-10-30', '여전히 진행 중인 과제인 계몽주의를 현대적 맥락 속에서 재해석하고, 그것이 배제한 것들을 포용하는 방향으로 확장하려는 시도이다. 계몽주의를 재조명하는 일은 단순한 회고가 아니라 과거의 유산에 대한 점검이며, 미래 문명을 위한 출발점이다.', 'https://image.aladin.co.kr/product/37770/88/cover200/8982228136_1.jpg');
INSERT INTO author (author_id, name) VALUES (877, '이한구');
INSERT INTO author (author_id, name) VALUES (878, '신중섭');
INSERT INTO author (author_id, name) VALUES (879, '정용덕');
INSERT INTO author (author_id, name) VALUES (880, '강학순');
INSERT INTO author (author_id, name) VALUES (881, '정제기');
INSERT INTO author (author_id, name) VALUES (882, '김현구');
INSERT INTO author (author_id, name) VALUES (883, '박정순');
INSERT INTO author (author_id, name) VALUES (884, '윤평중');
INSERT INTO book_author (book_id, author_id) VALUES (735, 877);
INSERT INTO book_author (book_id, author_id) VALUES (735, 878);
INSERT INTO book_author (book_id, author_id) VALUES (735, 879);
INSERT INTO book_author (book_id, author_id) VALUES (735, 880);
INSERT INTO book_author (book_id, author_id) VALUES (735, 881);
INSERT INTO book_author (book_id, author_id) VALUES (735, 882);
INSERT INTO book_author (book_id, author_id) VALUES (735, 883);
INSERT INTO book_author (book_id, author_id) VALUES (735, 884);
INSERT INTO book (book_id, title, subcategory_id, publisher_id, price, point, published_date, description, image_url) VALUES (736, '제대로 써보는 쏙쏙 스마트폰 - 알기 쉽게 배우는 스마트폰 가이드 북', 15, 394, 18000, 1000, '2025-11-21', '시니어 교육 16년 경험을 담아 스마트폰 핵심 기능을 단계별로 안내한 실용 지침서다. 큰 글씨 구성으로 읽기 편하고, 기기 조작부터 사진 편집·카카오톡 최신 기능·키오스크·AI 활용까지 최신 업데이트를 반영해 실생활에서 바로 사용할 수 있게 돕는다.', 'https://image.aladin.co.kr/product/37770/88/cover200/k432033466_1.jpg');
INSERT INTO author (author_id, name) VALUES (885, '곽현옥');
INSERT INTO book_author (book_id, author_id) VALUES (736, 885);
INSERT INTO publisher (publisher_id, name) VALUES (399, '아침달');
INSERT INTO book (book_id, title, subcategory_id, publisher_id, price, point, published_date, description, image_url) VALUES (737, '[세트] 여름어 사전 + 겨울어 사전 - 전2권', 9, 399, 31500, 1750, '2025-11-25', '&lt;여름어 사전&gt;, &lt;겨울어 사전&gt; 두 권으로 구성된 세트.', 'https://image.aladin.co.kr/product/37770/85/cover200/k422033466_1.jpg');
INSERT INTO author (author_id, name) VALUES (886, '아침달 편집부');
INSERT INTO book_author (book_id, author_id) VALUES (737, 886);
INSERT INTO publisher (publisher_id, name) VALUES (400, '열린책들');
INSERT INTO book (book_id, title, subcategory_id, publisher_id, price, point, published_date, description, image_url) VALUES (738, '자연이 법을 어길 때 - 과학, 인간과 동식물의 공존을 모색하다', 11, 400, 19800, 1100, '2025-11-20', '콜로라도 애스펀의 뒷골목부터, 인도령 히말라야산맥의 어느 마을, 성 바오로 광장까지 인간의 법과 동식물의 본능이 충돌하는 현장을 직접 방문한다. 날카로운 통찰, 재치 있는 유머, 그리고 다정한 시선으로 &lt;자연과 인간의 공존&gt;이라는 오래된 질문을 새롭게 탐구하는 기회를 선사한다.', 'https://image.aladin.co.kr/product/37770/85/cover200/8932925461_1.jpg');
INSERT INTO author (author_id, name) VALUES (887, '메리 로치');
INSERT INTO author (author_id, name) VALUES (888, '이한음 (엮은이)');
INSERT INTO book_author (book_id, author_id) VALUES (738, 887);
INSERT INTO book_author (book_id, author_id) VALUES (738, 888);
INSERT INTO publisher (publisher_id, name) VALUES (401, '보랏빛소어린이');
INSERT INTO book (book_id, title, subcategory_id, publisher_id, price, point, published_date, description, image_url) VALUES (739, '최강 하늘 동물 선발 대회', 13, 401, 22500, 1250, '2025-11-20', '51종 하늘 동물의 생태를 생생한 화보와 만화로 담았고 뱀을 밟아 사냥하는 새부터 성대모사 명수까지 시리즈 전작의 재미를 잇는 ‘최강 하늘 동물 선발 대회’를 펼친다.', 'https://image.aladin.co.kr/product/37770/84/cover200/k402033466_1.jpg');
INSERT INTO author (author_id, name) VALUES (889, '퍼플카우콘텐츠팀');
INSERT INTO author (author_id, name) VALUES (890, '여름박군 (그림)');
INSERT INTO book_author (book_id, author_id) VALUES (739, 889);
INSERT INTO book_author (book_id, author_id) VALUES (739, 890);
INSERT INTO book (book_id, title, subcategory_id, publisher_id, price, point, published_date, description, image_url) VALUES (740, '도쿄 에일리언즈 11', 1, 81, 5400, 300, '2025-11-17', '우주인용 불법 약물을 거래하는 현장을 우연히 목격한 군지와 텐쿠바시. 우주인들 사이의 거래인 줄 알았는데, 판매인은 AMO와 제3특별 기동대의 존재를 인식한 상태에서 군지와 텐쿠바시에게 공격을 가한다. 압도적 전투력을 가진 그 남자는 낮에는 꽃 가게에서 일하고, 「나루세」라고 불리는 수수께끼에 싸인 존재인데…?!', 'https://image.aladin.co.kr/product/37770/82/cover200/k472033466_1.jpg');
INSERT INTO author (author_id, name) VALUES (891, 'NAOE');
INSERT INTO book_author (book_id, author_id) VALUES (740, 891);
INSERT INTO book_translator (book_id, translator_id) VALUES (740, 26);
INSERT INTO publisher (publisher_id, name) VALUES (402, '문예춘추사');
INSERT INTO book (book_id, title, subcategory_id, publisher_id, price, point, published_date, description, image_url) VALUES (741, '청소년을 위한 친절한 유럽사 - 세계사의 퍼즐을 맞추는 3천 년 유럽사 여행', 18, 402, 19800, 1100, '2025-11-30', '고대 그리스에서 중세 로마, 근현대 유럽에 이르기까지 3,000년에 걸친 유럽 문명의 흐름을 청소년의 눈높이에 맞춰 친절하게 풀어낸 책이다. 유럽사의 주요 전환점을 따라가며 문명이 발전해 온 길을 생생하게 보여준다.', 'https://image.aladin.co.kr/product/37770/81/cover200/8976047591_1.jpg');
INSERT INTO author (author_id, name) VALUES (892, '아서 제임스 그랜트');
INSERT INTO translator (translator_id, name) VALUES (91, '박일귀');
INSERT INTO book_author (book_id, author_id) VALUES (741, 892);
INSERT INTO book_translator (book_id, translator_id) VALUES (741, 91);
INSERT INTO publisher (publisher_id, name) VALUES (403, '피데스');
INSERT INTO book (book_id, title, subcategory_id, publisher_id, price, point, published_date, description, image_url) VALUES (742, '30제 LEET 언어이해 기출ㆍ변형문제집 1 - 제5판', 3, 403, 26600, 1400, '2025-11-17', 'LEET 언어이해를 대비할 수 있는 기출.변형문제집이다. 新LEET(2019학년도 이래) 기출을 전부 포함하여 2026학년도부터 2017학년도까지 총 10개년의 모든 선지에 대해 빠짐없이 꼼꼼한 해설을 달았다. 문항 수가 35개인 2018학년도와 2017학년도 시험을 30제로 편집했다.', 'https://image.aladin.co.kr/product/37770/79/cover200/k342033466_1.jpg');
INSERT INTO author (author_id, name) VALUES (893, '최인겸');
INSERT INTO book_author (book_id, author_id) VALUES (742, 893);
INSERT INTO publisher (publisher_id, name) VALUES (404, '안토니아스');
INSERT INTO book (book_id, title, subcategory_id, publisher_id, price, point, published_date, description, image_url) VALUES (743, '입양으로 아기를 잃은 50만 명의 여성들 - 영국의 미혼모', 17, 404, 14400, 800, '2025-11-10', '누가 입양을 아름답다 했는가? 이제는 중장년의 나이가 된 미혼모들을 찾아 입양으로 아기를 잃은 오래전의 상실을 애도하고 트라우마를 극복하도록 돕는 영국 사회복지 전문가들의 여정은 위기 임산부가 익명으로 출산하도록 하고 아기 유기를 돕는 현재 대한민국의 보호출산제의 윤리적 문제를 명징하게 드러내 보일 것이다.', 'https://image.aladin.co.kr/product/37770/79/cover200/k332033466_1.jpg');
INSERT INTO author (author_id, name) VALUES (894, '데이비드 하우');
INSERT INTO author (author_id, name) VALUES (895, '필리다 소브리지');
INSERT INTO author (author_id, name) VALUES (896, '다이아나 히닝스');
INSERT INTO author (author_id, name) VALUES (897, '권희정');
INSERT INTO author (author_id, name) VALUES (898, '이태인');
INSERT INTO author (author_id, name) VALUES (899, '전세희');
INSERT INTO translator (translator_id, name) VALUES (92, '조소연');
INSERT INTO author (author_id, name) VALUES (900, '노혜련 (감수)');
INSERT INTO book_author (book_id, author_id) VALUES (743, 894);
INSERT INTO book_author (book_id, author_id) VALUES (743, 895);
INSERT INTO book_author (book_id, author_id) VALUES (743, 896);
INSERT INTO book_author (book_id, author_id) VALUES (743, 897);
INSERT INTO book_author (book_id, author_id) VALUES (743, 898);
INSERT INTO book_author (book_id, author_id) VALUES (743, 899);
INSERT INTO book_author (book_id, author_id) VALUES (743, 900);
INSERT INTO book_translator (book_id, translator_id) VALUES (743, 92);
INSERT INTO book (book_id, title, subcategory_id, publisher_id, price, point, published_date, description, image_url) VALUES (744, '경계선을 넘어서', 18, 12, 13400, NULL, '2025-10-30', '', 'https://image.aladin.co.kr/product/37770/79/cover200/k372033466_1.jpg');
INSERT INTO author (author_id, name) VALUES (901, '배지오');
INSERT INTO book_author (book_id, author_id) VALUES (744, 901);
INSERT INTO book (book_id, title, subcategory_id, publisher_id, price, point, published_date, description, image_url) VALUES (745, '도쿄 에일리언즈 11 (특장판) - 특장판 단행본 + 소책자', 1, 81, 10800, 600, '2025-11-17', '성가신 인간은 제거한다. 아마미야, 당신의 특기잖아요.', 'https://image.aladin.co.kr/product/37770/79/cover200/k322033466_1.jpg');
INSERT INTO book_author (book_id, author_id) VALUES (745, 891);
INSERT INTO book_translator (book_id, translator_id) VALUES (745, 26);
INSERT INTO publisher (publisher_id, name) VALUES (405, '교학사(컴퓨터)');
INSERT INTO book (book_id, title, subcategory_id, publisher_id, price, point, published_date, description, image_url) VALUES (746, '정보화 실무 한글 2022 - 기초에서 실무까지', 15, 405, 9000, 500, '2025-11-30', '컴퓨터에 익숙하지 않아도 기본과 필수 기능만으로 실무 활용력을 높이는 교재다. 20개 섹션으로 ‘한글 2022’를 익히고 각 섹션의 셀프 테스트로 학습한 내용을 바로 실무에 적용할 수 있다.', 'https://image.aladin.co.kr/product/37770/78/cover200/8909553111_1.jpg');
INSERT INTO author (author_id, name) VALUES (902, '전경숙');
INSERT INTO book_author (book_id, author_id) VALUES (746, 902);
INSERT INTO book (book_id, title, subcategory_id, publisher_id, price, point, published_date, description, image_url) VALUES (747, '왼손잡이는 꿈을 잘 기억한다', 6, 148, 15750, 870, '2025-11-20', '김성중의 신작 소설집 『왼손잡이는 꿈을 잘 기억한다』가 출간되었다. 독자들의 큰 사랑과 지지를 받음은 물론 현대문학상, 김용익문학상, 젊은작가상 3회 연속 수상으로 문학적 저력을 입증한 그가 『에디 혹은 애슐리』 이후 무려 5년 만에 내놓는 신작 소설집이다.', 'https://image.aladin.co.kr/product/37770/77/cover200/k222033466_1.jpg');
INSERT INTO author (author_id, name) VALUES (903, '김성중');
INSERT INTO book_author (book_id, author_id) VALUES (747, 903);
INSERT INTO publisher (publisher_id, name) VALUES (406, '중앙일보S(잡지)');
INSERT INTO book (book_id, title, subcategory_id, publisher_id, price, point, published_date, description, image_url) VALUES (748, '월간 중앙 2025.12', 22, 406, 16150, 170, '2025-11-19', '', 'https://image.aladin.co.kr/product/37770/77/cover200/k212033466_1.jpg');
INSERT INTO author (author_id, name) VALUES (904, '월간중앙');
INSERT INTO book_author (book_id, author_id) VALUES (748, 904);
INSERT INTO book (book_id, title, subcategory_id, publisher_id, price, point, published_date, description, image_url) VALUES (749, '한국 중세불교와 역사교육', 7, 386, 38000, 1200, '2025-11-15', '고려와 조선의 불교사를 통해 한국 중세를 다시 조명한 연구서다. 산문 전통과 국제 교류, 억불 정책과 의승 활동, 교과서 불교사 서술까지 아우르며 역사교육에서 불교사의 의미를 새롭게 제시한다.', 'https://image.aladin.co.kr/product/37770/77/cover200/8984947571_1.jpg');
INSERT INTO author (author_id, name) VALUES (905, '황인규');
INSERT INTO book_author (book_id, author_id) VALUES (749, 905);
INSERT INTO publisher (publisher_id, name) VALUES (407, '북트리');
INSERT INTO book (book_id, title, subcategory_id, publisher_id, price, point, published_date, description, image_url) VALUES (750, '한글놀이 그림책 - 2022 개정교육과정 초등 1학년과 함께하는', 10, 407, 10800, 600, '2025-11-14', '초등 1학년 20명의 어린이 작가가 글과 그림으로 삶의 이야기를 담아 만든 그림책이다. 한글을 배우는 과정에서 서로의 생각을 나누며 성장한 배움의 시간을 기록했고, 한글을 배우는 이들에게 마음을 잇는 직관과 삶을 사랑할 수 있는 작은 계기를 건넨다.', 'https://image.aladin.co.kr/product/37770/77/cover200/k292033466_1.jpg');
INSERT INTO author (author_id, name) VALUES (906, '화천초 1학년 20명 어린이 작가');
INSERT INTO author (author_id, name) VALUES (907, '이다감 (기획)');
INSERT INTO book_author (book_id, author_id) VALUES (750, 906);
INSERT INTO book_author (book_id, author_id) VALUES (750, 907);
INSERT INTO publisher (publisher_id, name) VALUES (408, '소원나무');
INSERT INTO book (book_id, title, subcategory_id, publisher_id, price, point, published_date, description, image_url) VALUES (751, '단톡방을 나갔습니다 세트 - 전2권', 10, 408, 24300, 1350, '2025-10-25', '새로운 학원에 다니게 된 주인공 하린이가 수학 영재반인 이른바 〈‘수영방’ 단톡방〉에 초대되면서 학원 친구 별이와 미묘한 감정싸움 끝에 서로의 부족한 모습을 품어 주고 함께 성장하는 이야기를 담고 있다.', 'https://image.aladin.co.kr/product/37770/76/cover200/k282033466_1.jpg');
INSERT INTO author (author_id, name) VALUES (908, '히쩌미 (그림)');
INSERT INTO book_author (book_id, author_id) VALUES (751, 415);
INSERT INTO book_author (book_id, author_id) VALUES (751, 908);
INSERT INTO book (book_id, title, subcategory_id, publisher_id, price, point, published_date, description, image_url) VALUES (752, '쓰는 아이 - 함께 써 내려간 4년간의 기록', 12, 12, 37900, NULL, '2025-11-06', '', 'https://image.aladin.co.kr/product/37770/76/cover200/k142033466_1.jpg');
INSERT INTO author (author_id, name) VALUES (909, '김유민 외 5명');
INSERT INTO book_author (book_id, author_id) VALUES (752, 909);
INSERT INTO book (book_id, title, subcategory_id, publisher_id, price, point, published_date, description, image_url) VALUES (753, 'AI와 이미지 조작', 15, 133, 12000, 360, '2025-11-28', '딥페이크·합성 이미지·밈 영상 등 AI 기반 조작 기술의 실태와 위험을 역사·사례·법제 관점에서 분석한 책이다. 피해, 왜곡, 규제, 그리고 창작의 가능성까지 이미지 시대의 쟁점을 균형 있게 다룬다.', 'https://image.aladin.co.kr/product/37770/74/cover200/k132033466_1.jpg');
INSERT INTO author (author_id, name) VALUES (910, '강승구');
INSERT INTO book_author (book_id, author_id) VALUES (753, 910);
INSERT INTO book (book_id, title, subcategory_id, publisher_id, price, point, published_date, description, image_url) VALUES (754, '뭐 사랑도 있겠고, 인간 고유의 특성 - SF 시집', 6, 129, 12600, 700, '2025-11-17', 'SF 소설을 주로 출간해 온 허블에서 드디어 펴낸 첫 시집이며, 무엇보다 SF 시집이라는 이름이 붙은 국내 최초의 시집이기도 하다. 별다른 수식이 필요 없을 정도로 저마다 고유한 영토를 구축해 온 시인들이 시적인 것의 특장과 SF성의 접점을 모색한 결과물이 이 한 권에 모였다.', 'https://image.aladin.co.kr/product/37770/74/cover200/k102033466_1.jpg');
INSERT INTO author (author_id, name) VALUES (911, '김혜순');
INSERT INTO author (author_id, name) VALUES (912, '신해욱');
INSERT INTO author (author_id, name) VALUES (913, '이제니');
INSERT INTO author (author_id, name) VALUES (914, '김승일');
INSERT INTO author (author_id, name) VALUES (915, '김현');
INSERT INTO author (author_id, name) VALUES (916, '서윤후');
INSERT INTO author (author_id, name) VALUES (917, '조시현');
INSERT INTO author (author_id, name) VALUES (918, '최재원');
INSERT INTO author (author_id, name) VALUES (919, '임유영');
INSERT INTO author (author_id, name) VALUES (920, '고선경');
INSERT INTO author (author_id, name) VALUES (921, '한영원');
INSERT INTO book_author (book_id, author_id) VALUES (754, 911);
INSERT INTO book_author (book_id, author_id) VALUES (754, 912);
INSERT INTO book_author (book_id, author_id) VALUES (754, 913);
INSERT INTO book_author (book_id, author_id) VALUES (754, 914);
INSERT INTO book_author (book_id, author_id) VALUES (754, 915);
INSERT INTO book_author (book_id, author_id) VALUES (754, 916);
INSERT INTO book_author (book_id, author_id) VALUES (754, 917);
INSERT INTO book_author (book_id, author_id) VALUES (754, 918);
INSERT INTO book_author (book_id, author_id) VALUES (754, 919);
INSERT INTO book_author (book_id, author_id) VALUES (754, 920);
INSERT INTO book_author (book_id, author_id) VALUES (754, 691);
INSERT INTO book_author (book_id, author_id) VALUES (754, 921);
INSERT INTO publisher (publisher_id, name) VALUES (409, '세컨리폼');
INSERT INTO book (book_id, title, subcategory_id, publisher_id, price, point, published_date, description, image_url) VALUES (755, '요단 리버사이드 호텔 - 마지막 귀향', 7, 409, 18000, 1000, '2025-10-31', '', 'https://image.aladin.co.kr/product/37770/74/cover200/k182033466_1.jpg');
INSERT INTO author (author_id, name) VALUES (922, '하창길');
INSERT INTO book_author (book_id, author_id) VALUES (755, 922);
INSERT INTO book (book_id, title, subcategory_id, publisher_id, price, point, published_date, description, image_url) VALUES (756, '[큰글자책] 감성 AI 산업', 15, 133, 25000, 750, '2025-11-28', 'AI 동반자·감정 챗봇·AI 연애·섹스 테크까지 확장되는 감성 기술 생태계를 실제 사용자 사례와 글로벌 플랫폼 분석으로 정리한다. 감정 위로에서 애착 형성, 로크인 효과, 윤리적 쟁점까지 인간·AI 관계의 미래를 질문하는 책이다.', 'https://image.aladin.co.kr/product/37770/74/cover200/k192033466_1.jpg');
INSERT INTO author (author_id, name) VALUES (923, '박수빈');
INSERT INTO book_author (book_id, author_id) VALUES (756, 923);
INSERT INTO book (book_id, title, subcategory_id, publisher_id, price, point, published_date, description, image_url) VALUES (757, '한국의 불교와 사찰', 14, 386, 42750, 1350, '2025-11-15', '삼보사찰과 적멸보궁을 중심으로 한국불교의 형성과 전개를 정리한 연구서다. 자장의 진신사리 봉안, 국도 중심 사찰 문화, 지방·북한·발해 사찰까지 아우르며 불교의 역사와 오늘의 방향성을 살핀다.', 'https://image.aladin.co.kr/product/37770/73/cover200/898494758x_1.jpg');
INSERT INTO book_author (book_id, author_id) VALUES (757, 905);
INSERT INTO book (book_id, title, subcategory_id, publisher_id, price, point, published_date, description, image_url) VALUES (758, '감성 AI 산업', 15, 133, 12000, 360, '2025-11-28', 'AI 동반자·감정 챗봇·AI 연애·섹스 테크까지 확장되는 감성 기술 생태계를 실제 사용자 사례와 글로벌 플랫폼 분석으로 정리한다. 감정 위로에서 애착 형성, 로크인 효과, 윤리적 쟁점까지 인간·AI 관계의 미래를 질문하는 책이다.', 'https://image.aladin.co.kr/product/37770/73/cover200/k012033466_1.jpg');
INSERT INTO book_author (book_id, author_id) VALUES (758, 923);
INSERT INTO book (book_id, title, subcategory_id, publisher_id, price, point, published_date, description, image_url) VALUES (759, '[큰글자책] AI와 이미지 조작', 15, 133, 25000, 750, '2025-11-28', '딥페이크·합성 이미지·밈 영상 등 AI 기반 조작 기술의 실태와 위험을 역사·사례·법제 관점에서 분석한 책이다. 피해, 왜곡, 규제, 그리고 창작의 가능성까지 이미지 시대의 쟁점을 균형 있게 다룬다.', 'https://image.aladin.co.kr/product/37770/72/cover200/k042033466_1.jpg');
INSERT INTO book_author (book_id, author_id) VALUES (759, 910);
INSERT INTO book (book_id, title, subcategory_id, publisher_id, price, point, published_date, description, image_url) VALUES (760, '최소한의 투자 공부 - 인플레이션, 재무제표, 금리와 투자 원칙까지 주식 투자가 쉬워지는 돈의 기본', 4, 173, 17820, 990, '2025-11-25', '투자자가 반드시 알아야 하는 경제와 돈의 구조를 쉽고 명료하게 전달해 주는 책이다. 복잡한 경제 용어 대신, 친근한 비유와 실제 뉴스 등을 예로 들어 ‘왜 금리가 오르면 성장주가 약세를 보이는지’, ‘환율이 소비자 물가에 어떤 영향을 주는지’, ‘중앙은행의 결정이 투자자의 심리에 어떻게 영향을 미치는지까지’ 차근차근 짚는다.', 'https://image.aladin.co.kr/product/37770/72/cover200/8925572923_1.jpg');
INSERT INTO author (author_id, name) VALUES (924, '고토 다쓰야');
INSERT INTO translator (translator_id, name) VALUES (93, '정지영');
INSERT INTO book_author (book_id, author_id) VALUES (760, 924);
INSERT INTO book_translator (book_id, translator_id) VALUES (760, 93);
INSERT INTO publisher (publisher_id, name) VALUES (410, '시인의 일요일');
INSERT INTO book (book_id, title, subcategory_id, publisher_id, price, point, published_date, description, image_url) VALUES (761, '챗, 칫, 쳇 - 수요시포럼 제22집', 6, 410, 13500, 750, '2025-11-25', '시인의일요일에서 수요시포럼 제22집, 『챗, 칫, 쳇』을 출간하며 AI 시대의 문학적 지형도를 탐색한다. 이 앤솔러지는 인공지능이 우리 삶 깊숙이 스며든 지금, 시와 인간 존재의 의미를 다각도로 조명하며 독자들에게 새로운 사유의 기회를 제공한다.', 'https://image.aladin.co.kr/product/37770/70/cover200/k902033466_1.jpg');
INSERT INTO author (author_id, name) VALUES (925, '김성춘');
INSERT INTO author (author_id, name) VALUES (926, '권영해');
INSERT INTO author (author_id, name) VALUES (927, '권기만');
INSERT INTO author (author_id, name) VALUES (928, '김익경');
INSERT INTO author (author_id, name) VALUES (929, '장선희');
INSERT INTO author (author_id, name) VALUES (930, '박수일');
INSERT INTO author (author_id, name) VALUES (931, '정월향');
INSERT INTO book_author (book_id, author_id) VALUES (761, 925);
INSERT INTO book_author (book_id, author_id) VALUES (761, 926);
INSERT INTO book_author (book_id, author_id) VALUES (761, 927);
INSERT INTO book_author (book_id, author_id) VALUES (761, 928);
INSERT INTO book_author (book_id, author_id) VALUES (761, 929);
INSERT INTO book_author (book_id, author_id) VALUES (761, 930);
INSERT INTO book_author (book_id, author_id) VALUES (761, 931);
INSERT INTO publisher (publisher_id, name) VALUES (411, '메인에듀');
INSERT INTO book (book_id, title, subcategory_id, publisher_id, price, point, published_date, description, image_url) VALUES (762, '2026 메인에듀 손해평가사 필기(1차) 한권으로 끝내기 - 기출 모의고사 3회 수록', 3, 411, 31500, 1750, '2025-12-01', '최신 출제경향을 반영해 핵심이론-기출-모의고사 3단계로 독학이 가능하도록 구성한 교재다. 손해평가사 시험 특성에 맞춰 최신 법령·고시·규정을 충실히 반영하고, 상법 보험편·농어업재해보험법령·재배학·원예작물학의 출제경향과 학습 포인트를 정리해 실전 대비에 도움을 준다.', 'https://image.aladin.co.kr/product/37770/70/cover200/k992033466_1.jpg');
INSERT INTO author (author_id, name) VALUES (932, '메인에듀 손해평가사연구회');
INSERT INTO book_author (book_id, author_id) VALUES (762, 932);
INSERT INTO publisher (publisher_id, name) VALUES (412, '두드림미디어');
INSERT INTO book (book_id, title, subcategory_id, publisher_id, price, point, published_date, description, image_url) VALUES (763, '한국 주식 시장, 대세 상승기가 온다 - 흔들려도 잃지 않는 주식 투자 전략', 4, 412, 18720, 1040, '2025-11-25', '투자 초보자 및 일반 직장인을 대상으로, 한국 주식 시장에서 실질적인 생존 가능성을 높이는 장기 투자 전략을 제시한다. 수많은 투자 실패와 답답했던 경험 속에서 ‘이제는 더 이상 손해 보는 주식 투자를 하지 말아야겠다’라는 생각으로 이 책을 쓰게 되었다.', 'https://image.aladin.co.kr/product/37770/69/cover200/k952033466_1.jpg');
INSERT INTO author (author_id, name) VALUES (933, '김태영');
INSERT INTO book_author (book_id, author_id) VALUES (763, 933);
INSERT INTO publisher (publisher_id, name) VALUES (413, '문예바다');
INSERT INTO book (book_id, title, subcategory_id, publisher_id, price, point, published_date, description, image_url) VALUES (764, '북녘의 연인', 6, 413, 13500, 750, '2025-11-05', '전직 소말리아·칠레 대사 강신성의 소설이다. 유엔대표부 참사관 장철규가 평양에서 체포와 탈출을 겪고, 스위스에서 북한 로열패밀리의 귀순을 둘러싼 극적인 사건에 휘말리며 긴박한 서사가 펼쳐진다.', 'https://image.aladin.co.kr/product/37770/69/cover200/k842033465_1.jpg');
INSERT INTO author (author_id, name) VALUES (934, '강신성');
INSERT INTO book_author (book_id, author_id) VALUES (764, 934);
INSERT INTO book (book_id, title, subcategory_id, publisher_id, price, point, published_date, description, image_url) VALUES (765, '이제 나도 스마트폰 달인! - 한 번 배우면 평생 쓴다! 스마트폰 생활 백서', 15, 394, 18000, 1000, '2025-11-21', '대한민국 액티브 시니어.실버 세대를 위해 제작된 스마트폰 활용 지침서다. 16년간 시니어들을 대상으로 스마트폰 교육을 진행해오면서, 그들이 가장 필요로 하는 기능들을 파악하여 반영했다. A4 크기의 12포인트 글씨로 제작되어 읽기 편하도록 구성되었다.', 'https://image.aladin.co.kr/product/37770/69/cover200/k822033465_1.jpg');
INSERT INTO author (author_id, name) VALUES (935, '이종구');
INSERT INTO author (author_id, name) VALUES (936, '이정화');
INSERT INTO author (author_id, name) VALUES (937, '백세균');
INSERT INTO author (author_id, name) VALUES (938, '김화미');
INSERT INTO book_author (book_id, author_id) VALUES (765, 935);
INSERT INTO book_author (book_id, author_id) VALUES (765, 936);
INSERT INTO book_author (book_id, author_id) VALUES (765, 937);
INSERT INTO book_author (book_id, author_id) VALUES (765, 938);
INSERT INTO book (book_id, title, subcategory_id, publisher_id, price, point, published_date, description, image_url) VALUES (766, '부모님을 위한 스마트폰 교과서 - 이제부터 나도 디지털 세대: 스마트폰, 키오스크, 디지털범죄, AI 완전 실전 가이드', 15, 394, 18000, 1000, '2025-11-21', '16년간 시니어 스마트폰 교육을 진행해 온 전문기관이 만든 안내서로, A4 크기와 큰 글자로 구성해 쉽게 배울 수 있다. 기본 기능부터 AI·유튜브·키오스크·디지털 범죄까지 실생활 핵심만 담았고, 전국 강사들의 커리큘럼을 반영해 학습자와 강사 모두에게 도움이 되는 실전 교재다.', 'https://image.aladin.co.kr/product/37770/68/cover200/k812033465_1.jpg');
INSERT INTO author (author_id, name) VALUES (939, '한금화');
INSERT INTO author (author_id, name) VALUES (940, '배영문');
INSERT INTO author (author_id, name) VALUES (941, '심미희');
INSERT INTO book_author (book_id, author_id) VALUES (766, 935);
INSERT INTO book_author (book_id, author_id) VALUES (766, 939);
INSERT INTO book_author (book_id, author_id) VALUES (766, 940);
INSERT INTO book_author (book_id, author_id) VALUES (766, 941);
INSERT INTO publisher (publisher_id, name) VALUES (414, '더핑크퐁컴퍼니');
INSERT INTO book (book_id, title, subcategory_id, publisher_id, price, point, published_date, description, image_url) VALUES (767, '핑크퐁 캐릭터 인형 : 제니', 13, 414, 28800, 1600, '2025-11-10', '토끼 캐릭터 제니를 따뜻한 색감과 동글한 인상으로 재현한 애착 인형이다. 품에 안기기 좋은 크기로 정서적 안정감을 주고, 세워둘 수 있어 역할놀이에 활용하며 사회성과 표현력을 길러 준다.', 'https://image.aladin.co.kr/product/37770/67/cover200/k872033465_1.jpg');
INSERT INTO author (author_id, name) VALUES (942, '더핑크퐁컴퍼니 편집부');
INSERT INTO book_author (book_id, author_id) VALUES (767, 942);
INSERT INTO publisher (publisher_id, name) VALUES (415, '사단법인한국물가정보(잡지)');
INSERT INTO book (book_id, title, subcategory_id, publisher_id, price, point, published_date, description, image_url) VALUES (768, '종합 물가정보 2025.12 (Ⅰ권+Ⅱ권) - 전2권', 22, 415, 28500, 300, '2025-11-20', '「종합물가정보」는 매월 건설관련 자재의 가격변동 상황을 조사·분석하여 발행하고 있는 국내 최대의 전문가격정보지로서, 모든 품목의 가격을 입체 조사하여 공표함으로써 예정가격 작성의 기준이 되고 있으며, 자재가격을 비롯하여 정부구매물가, 소비자 생활물가 등 광범위한 물가정보를 제공하고 있다.', 'https://image.aladin.co.kr/product/37770/66/cover200/k742033465_1.jpg');
INSERT INTO author (author_id, name) VALUES (943, '사단법인 한국물가정보');
INSERT INTO book_author (book_id, author_id) VALUES (768, 943);
INSERT INTO publisher (publisher_id, name) VALUES (416, '뮤직에듀벤쳐');
INSERT INTO book (book_id, title, subcategory_id, publisher_id, price, point, published_date, description, image_url) VALUES (769, '100개의 테크닉 Czerny 100', 2, 416, 6300, 350, '2025-11-05', '', 'https://image.aladin.co.kr/product/37770/65/cover200/8967521847_1.jpg');
INSERT INTO author (author_id, name) VALUES (944, '김서현');
INSERT INTO author (author_id, name) VALUES (945, '유혜선');
INSERT INTO author (author_id, name) VALUES (946, '이혜림');
INSERT INTO author (author_id, name) VALUES (947, '장해영');
INSERT INTO author (author_id, name) VALUES (948, '전경아 (엮은이)');
INSERT INTO book_author (book_id, author_id) VALUES (769, 944);
INSERT INTO book_author (book_id, author_id) VALUES (769, 945);
INSERT INTO book_author (book_id, author_id) VALUES (769, 946);
INSERT INTO book_author (book_id, author_id) VALUES (769, 947);
INSERT INTO book_author (book_id, author_id) VALUES (769, 948);
INSERT INTO book (book_id, title, subcategory_id, publisher_id, price, point, published_date, description, image_url) VALUES (770, '어린이집 다니는 구나 5', 1, 205, 14400, 800, '2025-11-17', '아이들과 찰떡 호흡을 자랑하는 구나 선생님에게도 고된 사회초년생 시절이 있었다! 부당했던 대우, 아이와의 교감 실패 등, 예상치 못한 일들로 구나 선생님은 눈물이 마를 날이 없었는데…. 구나의 초임 교사 시절 에피소드가 가득 담긴 제5권.', 'https://image.aladin.co.kr/product/37770/65/cover200/k722033465_1.jpg');
INSERT INTO author (author_id, name) VALUES (949, '구나');
INSERT INTO book_author (book_id, author_id) VALUES (770, 949);
INSERT INTO book (book_id, title, subcategory_id, publisher_id, price, point, published_date, description, image_url) VALUES (771, '상식을 뒤집는 교양범죄학 - 제2판', 14, 314, 21000, 210, '2026-01-02', '초판의 부족한 점을 보완해 Part 구성과 내용을 재정비한 제2판이다. 범죄원인론을 분리하고 사회갈등·자살 문제를 추가해 논점을 강화했으며 서문까지 새로 다듬어 완성도를 높였다.', 'https://image.aladin.co.kr/product/37770/64/cover200/k792033465_1.jpg');
INSERT INTO author (author_id, name) VALUES (950, '라광현');
INSERT INTO book_author (book_id, author_id) VALUES (771, 950);
INSERT INTO book (book_id, title, subcategory_id, publisher_id, price, point, published_date, description, image_url) VALUES (772, '정보화 실무 Powerpoint 2021 - 기초에서 실무까지', 15, 405, 9000, 500, '2025-11-30', '컴퓨터에 익숙하지 않은 분들을 위한 교재로, 짧은 시간에 컴퓨터 기초를 다져서 실무에 활용할 수 있도록 기본적인 내용과 필수적인 기능만을 엄선하여 수록하였다. 총 20개의 섹션을 통해 ‘파워포인트 2021’의 기능을 학습할 수 있다.', 'https://image.aladin.co.kr/product/37770/63/cover200/890955312x_1.jpg');
INSERT INTO author (author_id, name) VALUES (951, '이은정');
INSERT INTO book_author (book_id, author_id) VALUES (772, 951);
INSERT INTO publisher (publisher_id, name) VALUES (417, '플랫폼연구소');
INSERT INTO book (book_id, title, subcategory_id, publisher_id, price, point, published_date, description, image_url) VALUES (773, '세상을 통찰하는 책들 - 읽을수록 인생이 깊어지는 지혜의 지도', 20, 417, 9900, 550, '2025-11-30', '명저를 읽는다는 것은 단순히 ‘지식을 얻는 일’이 아니다. 그것은 ‘삶을 다시 살아보는 일’이며, ‘생각의 구조를 새롭게 짜는 일’이다. 명저는 인간의 내면을 일깨우고, 혼란스러운 시대 속에서 방향을 잡게 한다. 이 책은 EBS에서 다루었던 수많은 인생 명저 중 특히 내 삶을 뒤흔들었던 책들을 다시 모아 쓴 것이다.', 'https://image.aladin.co.kr/product/37770/63/cover200/k642033465_1.jpg');
INSERT INTO author (author_id, name) VALUES (952, '김병완');
INSERT INTO book_author (book_id, author_id) VALUES (773, 952);
INSERT INTO publisher (publisher_id, name) VALUES (418, '겜툰');
INSERT INTO book (book_id, title, subcategory_id, publisher_id, price, point, published_date, description, image_url) VALUES (774, '새나의 랜덤박스 4', 10, 418, 10800, 600, '2025-11-20', '『새나의 랜덤박스』는 평범한 초등학생 새나와 보석 상자의 모습을 한 랜덤박스 ‘비즈’의 만남을 시작으로 펼쳐지는 판타지 동화이다. 우리 주변의 평범한 물건에 깃든 랜덤박스는 아이들 앞에 나타나 소원을 빌라고 속삭인다. 그 달콤한 유혹에 넘어가는 순간 아이들은 예상치 못한 변화를 겪게 된다.', 'https://image.aladin.co.kr/product/37770/63/cover200/k632033465_1.jpg');
INSERT INTO author (author_id, name) VALUES (953, '김혜련');
INSERT INTO author (author_id, name) VALUES (954, '라임스튜디오 (그림)');
INSERT INTO book_author (book_id, author_id) VALUES (774, 953);
INSERT INTO book_author (book_id, author_id) VALUES (774, 954);
INSERT INTO book (book_id, title, subcategory_id, publisher_id, price, point, published_date, description, image_url) VALUES (775, '99강화 나무 몽둥이 6', 1, 205, 14400, 800, '2025-11-25', '난공불락 요새로 불리던 아르덴 성. 그 아르덴 성이 갑자기 들이닥친 불청객에 의해 한순간에 함락되고 만다. 불청객의 정체는 바로 북대륙의 고대 종족 수인들! 고대 수인들은 30일 뒤 남대륙을 침공하겠다는 선전포고를 남기는데….', 'https://image.aladin.co.kr/product/37770/63/cover200/k682033465_1.jpg');
INSERT INTO author (author_id, name) VALUES (955, '홍실');
INSERT INTO author (author_id, name) VALUES (956, '지페리 (그림)');
INSERT INTO book_author (book_id, author_id) VALUES (775, 955);
INSERT INTO book_author (book_id, author_id) VALUES (775, 956);
INSERT INTO publisher (publisher_id, name) VALUES (419, '우리북');
INSERT INTO book (book_id, title, subcategory_id, publisher_id, price, point, published_date, description, image_url) VALUES (776, '방정식 길라잡이 - 중1~고3 방정식의 모든 패턴과 활용', 23, 419, 50400, 2800, '2025-10-20', '중고등 전 범위 방정식을 패턴 학습으로 정리한 국내 최초 참고서다. 개념-정석-곡예사-실전 TEST 단계로 자기주도학습을 돕고 AI 협업 학습법과 질문법을 담아 학생과 학부모의 새 길잡이가 된다.', 'https://image.aladin.co.kr/product/37770/62/cover200/k652033465_1.jpg');
INSERT INTO author (author_id, name) VALUES (957, '이연우');
INSERT INTO book_author (book_id, author_id) VALUES (776, 957);
INSERT INTO book (book_id, title, subcategory_id, publisher_id, price, point, published_date, description, image_url) VALUES (777, '입 맞추는 사이 3', 1, 205, 15120, 840, '2025-11-17', '몸을 바꿔 살아가는 날이 늘어날수록 두 사람은 서로의 삶에 대해 더욱 깊이 알고 싶다는 마음이 강해진다. 그런 마음을 정확하게 정의내릴 수 없던 복실은 심란한 기분을 전환하려고 무작정 이모를 찾아간다. 반면, 수열은 복실에 대한 자신의 감정을 확실하게 깨닫고, 온전한 자신의 모습으로 마음을 전하고자 복실이 있는 곳으로 향하는데….', 'https://image.aladin.co.kr/product/37770/62/cover200/k542033465_1.jpg');
INSERT INTO author (author_id, name) VALUES (958, '평화');
INSERT INTO author (author_id, name) VALUES (959, '재필');
INSERT INTO book_author (book_id, author_id) VALUES (777, 958);
INSERT INTO book_author (book_id, author_id) VALUES (777, 959);
INSERT INTO book (book_id, title, subcategory_id, publisher_id, price, point, published_date, description, image_url) VALUES (778, '정보화 실무 엑셀 2021 - 기초에서 실무까지', 15, 405, 9000, 500, '2025-11-18', '컴퓨터 초보자를 위해 핵심 기능만 엄선해 엑셀 2021을 20개 섹션으로 학습한다. 각 섹션의 셀프 테스트로 바로 확인하며 실무에 즉시 활용할 수 있는 실무 입문서다.', 'https://image.aladin.co.kr/product/37770/61/cover200/8909553103_1.jpg');
INSERT INTO author (author_id, name) VALUES (960, 'JD공작소');
INSERT INTO book_author (book_id, author_id) VALUES (778, 960);
INSERT INTO publisher (publisher_id, name) VALUES (420, '삼일인포마인');
INSERT INTO book (book_id, title, subcategory_id, publisher_id, price, point, published_date, description, image_url) VALUES (779, '2026 법인세 조정과 신고 실무 - 2026년 신고대비, 개정증보판', 14, 420, 110000, 5500, '2025-11-20', '법인세 조정과 신고 실무를 다루는 책이다. 합병ㆍ분할ㆍ현물출자 등 기업구조조정 세제 및 파생상품ㆍ주식매수선택권 등 특수분야 회계ㆍ세무 심층분석을 실었다. 세무조정 실무의 이해가능성 제고를 위한 관계법령ㆍ규정의 핵심 내용을 소개하였다.', 'https://image.aladin.co.kr/product/37770/61/cover200/k512033465_1.jpg');
INSERT INTO author (author_id, name) VALUES (961, '삼일회계법인');
INSERT INTO book_author (book_id, author_id) VALUES (779, 961);
INSERT INTO publisher (publisher_id, name) VALUES (421, '이지에듀북');
INSERT INTO book (book_id, title, subcategory_id, publisher_id, price, point, published_date, description, image_url) VALUES (780, 'VOCA BANK 고3 전국연합 모의고사 어휘학습 + TEST + 모의고사 [2025-06] (스프링)', 25, 421, 14400, 800, '2025-11-17', '', 'https://image.aladin.co.kr/product/37770/61/cover200/k562033465_1.jpg');
INSERT INTO author (author_id, name) VALUES (962, '이지에듀북 편집부');
INSERT INTO book_author (book_id, author_id) VALUES (780, 962);
INSERT INTO book (book_id, title, subcategory_id, publisher_id, price, point, published_date, description, image_url) VALUES (781, '2026 일취월장 고2 영어 전국연합학력평가 5개년 19회 - EBS 문제 해설 반영', 25, 379, 14400, 800, '2025-11-17', '', 'https://image.aladin.co.kr/product/37770/60/cover200/k432033465_1.jpg');
INSERT INTO book_author (book_id, author_id) VALUES (781, 841);
INSERT INTO book (book_id, title, subcategory_id, publisher_id, price, point, published_date, description, image_url) VALUES (782, 'VOCA BANK 고3 전국연합 모의고사 어휘학습 + TEST + 모의고사 [2025-05] (스프링)', 25, 421, 14400, 800, '2025-11-17', '', 'https://image.aladin.co.kr/product/37770/60/cover200/k412033465_1.jpg');
INSERT INTO book_author (book_id, author_id) VALUES (782, 962);
INSERT INTO book (book_id, title, subcategory_id, publisher_id, price, point, published_date, description, image_url) VALUES (783, '2026 일취월장 고2 국어 전국연합학력평가 5개년 19회 - EBS 문제 해설 반영', 25, 379, 15300, 850, '2025-11-17', '', 'https://image.aladin.co.kr/product/37770/59/cover200/k452033465_1.jpg');
INSERT INTO book_author (book_id, author_id) VALUES (783, 841);
INSERT INTO publisher (publisher_id, name) VALUES (422, '메가공무원(넥스트스터디)');
INSERT INTO book (book_id, title, subcategory_id, publisher_id, price, point, published_date, description, image_url) VALUES (784, '2026 양승우 행정법총론 기출의 완성 - 전2권', 3, 422, 37800, 420, '2025-11-25', '출제 비중별 중요도를 빠르게 파악하고 합격에 필요한 부분만 가볍게 정리한다. 판례·법령·이론을 한 번에 학습하고 핵심 표시와 요약 코너로 단기 반복이 가능하다. 다양한 문제를 수록해 실전 대비력을 높인 행정법 기출 완성서다.', 'https://image.aladin.co.kr/product/37770/59/cover200/k462033465_1.jpg');
INSERT INTO author (author_id, name) VALUES (963, '양승우');
INSERT INTO book_author (book_id, author_id) VALUES (784, 963);
INSERT INTO book (book_id, title, subcategory_id, publisher_id, price, point, published_date, description, image_url) VALUES (785, '조금 느리게, 더 천천히 - 애벌레가 알려주는 마음의 쉼표', 13, 211, 11700, 650, '2025-11-19', '당신에게 잠시 멈춰도 괜찮다는 따뜻한 용기를 건네는 책이다. 때로는 아무것도 하지 않아도 괜찮다. 애벌레가 고치 속에 머무르는 시간이 결국 아름다운 날개의 시작이 되듯, 우리의 쉼도 언젠가 빛으로 이어진다. 지친 하루를 살고 있는 당신에게, 이 책은 “잠시 쉬어가도 괜찮다”는 따뜻한 위로와 희망의 빛을 건넨다.', 'https://image.aladin.co.kr/product/37770/58/cover200/k322033465_1.jpg');
INSERT INTO author (author_id, name) VALUES (964, '김윤탁');
INSERT INTO author (author_id, name) VALUES (965, '김운홍 (그림)');
INSERT INTO book_author (book_id, author_id) VALUES (785, 964);
INSERT INTO book_author (book_id, author_id) VALUES (785, 965);
INSERT INTO book (book_id, title, subcategory_id, publisher_id, price, point, published_date, description, image_url) VALUES (786, 'VOCA BANK 고3 전국연합 모의고사 어휘학습 + TEST + 모의고사 [2024-11] (스프링)', 25, 421, 14400, 800, '2025-11-17', '', 'https://image.aladin.co.kr/product/37770/57/cover200/k312033465_1.jpg');
INSERT INTO book_author (book_id, author_id) VALUES (786, 962);
INSERT INTO book (book_id, title, subcategory_id, publisher_id, price, point, published_date, description, image_url) VALUES (787, 'VOCA BANK 고3 전국연합 모의고사 어휘학습 + TEST + 모의고사 [2024-09] (스프링)', 25, 421, 14400, 800, '2025-11-17', '', 'https://image.aladin.co.kr/product/37770/57/cover200/k382033465_1.jpg');
INSERT INTO book_author (book_id, author_id) VALUES (787, 962);
INSERT INTO book (book_id, title, subcategory_id, publisher_id, price, point, published_date, description, image_url) VALUES (788, 'VOCA BANK 고3 전국연합 모의고사 어휘학습 + TEST + 모의고사 [2025-09] (스프링)', 25, 421, 14400, 800, '2025-11-17', '', 'https://image.aladin.co.kr/product/37770/57/cover200/k352033465_1.jpg');
INSERT INTO book_author (book_id, author_id) VALUES (788, 962);
INSERT INTO book (book_id, title, subcategory_id, publisher_id, price, point, published_date, description, image_url) VALUES (789, 'VOCA BANK 고3 전국연합 모의고사 어휘학습 + TEST + 모의고사 [2025-03] (스프링)', 25, 421, 14400, 800, '2025-11-12', '', 'https://image.aladin.co.kr/product/37770/56/cover200/k222033465_1.jpg');
INSERT INTO book_author (book_id, author_id) VALUES (789, 962);
INSERT INTO publisher (publisher_id, name) VALUES (423, '생각굽기');
INSERT INTO book (book_id, title, subcategory_id, publisher_id, price, point, published_date, description, image_url) VALUES (790, '서양 합리론과 정치철학 : 마르크스에서 쇼펜하우어까지 - 공자의 눈으로 읽고 따지다', 12, 423, 31500, 1750, '2025-11-18', '‘공자의 눈으로 읽고 따지는’ &lt;서양 경험론과 정치철학&gt;은 모두 9권으로 이루어진 ''백세시대를 위한 서양철학사 시리즈''이다. &lt;서양 경험론과 정치철학&gt; 연작은 에피쿠로스와 베이컨으로부터 흄과 다윈까지 총 14명의 서양 경험론자와 경험과학자의 원전을 읽고 논한다.', 'https://image.aladin.co.kr/product/37770/56/cover200/k202033465_1.jpg');
INSERT INTO author (author_id, name) VALUES (966, '황태연');
INSERT INTO book_author (book_id, author_id) VALUES (790, 966);
INSERT INTO book (book_id, title, subcategory_id, publisher_id, price, point, published_date, description, image_url) VALUES (791, 'VOCA BANK 고3 전국연합 모의고사 어휘학습 + TEST + 모의고사 [2025-07] (스프링)', 25, 421, 14400, 800, '2025-11-17', '', 'https://image.aladin.co.kr/product/37770/55/cover200/k272033465_1.jpg');
INSERT INTO book_author (book_id, author_id) VALUES (791, 962);
INSERT INTO publisher (publisher_id, name) VALUES (424, '롱블랙');
INSERT INTO book (book_id, title, subcategory_id, publisher_id, price, point, published_date, description, image_url) VALUES (792, '더 센스 : 당신도 센스가 있다', 4, 424, 18900, 1050, '2025-11-19', '『컨셉수업』의 저자이자 세계 광고계가 주목하는 크리에이티브 리더, 세계적 광고 대행사 TBWA하쿠호도의 최고 크리에이티브 책임자(CCO·Chief Creative Officer) 호소다 다카히로(細田高&#24195;)가 말하는 브랜드, 디자인, 마케팅, 그리고 ‘센스’의 본질.', 'https://image.aladin.co.kr/product/37770/55/cover200/k142033465_1.jpg');
INSERT INTO author (author_id, name) VALUES (967, '호소다 다카히로');
INSERT INTO translator (translator_id, name) VALUES (94, '롱블랙 편집부');
INSERT INTO book_author (book_id, author_id) VALUES (792, 967);
INSERT INTO book_translator (book_id, translator_id) VALUES (792, 94);
INSERT INTO book (book_id, title, subcategory_id, publisher_id, price, point, published_date, description, image_url) VALUES (793, 'VOCA BANK 고3 전국연합 모의고사 어휘학습 + TEST + 모의고사 [2024-06] (스프링)', 25, 421, 14400, 800, '2025-11-17', '', 'https://image.aladin.co.kr/product/37770/54/cover200/k132033465_1.jpg');
INSERT INTO book_author (book_id, author_id) VALUES (793, 962);
INSERT INTO publisher (publisher_id, name) VALUES (425, '충주문화사');
INSERT INTO book (book_id, title, subcategory_id, publisher_id, price, point, published_date, description, image_url) VALUES (794, '명품 한우 만들기', 11, 425, 16200, 900, '2025-10-30', '단 한 마리의 소에도 생명에 대한 존중, 자연과의 교감, 장인의 땀과 열정이 스며든다. 한우는 단지 고기가 아닌, 시간을 담은 문화이며, 땅과 사람을 잇는 연결 고리다. ‘명품한우 만들기’ 책자가 그 고리의 실체를 하나하나 풀어나가며, 대한민국 축산업의 현재와 미래를 동시에 마주하는 출발점이 되기를 희망한다.', 'https://image.aladin.co.kr/product/37770/54/cover200/k192033465_1.jpg');
INSERT INTO author (author_id, name) VALUES (968, '이규천');
INSERT INTO book_author (book_id, author_id) VALUES (794, 968);
INSERT INTO book (book_id, title, subcategory_id, publisher_id, price, point, published_date, description, image_url) VALUES (795, 'VOCA BANK 고3 전국연합 모의고사 어휘학습 + TEST + 모의고사 [2024-03] (스프링)', 25, 421, 14400, 800, '2025-11-17', '', 'https://image.aladin.co.kr/product/37770/54/cover200/k102033465_1.jpg');
INSERT INTO book_author (book_id, author_id) VALUES (795, 962);
INSERT INTO publisher (publisher_id, name) VALUES (426, '그린아이');
INSERT INTO book (book_id, title, subcategory_id, publisher_id, price, point, published_date, description, image_url) VALUES (796, '해님의 그림일기장', 10, 426, 9900, 550, '2025-11-20', '수필가 김예희가 동심의 눈으로 자연을 바라본 동시집이다. 바람·꽃·잡초 같은 작은 존재에 온기를 더해 아이들의 마음과 만나는 순간을 포착하며, 일상 속 위로와 질문을 따뜻한 시어로 담아냈다.', 'https://image.aladin.co.kr/product/37770/54/cover200/k162033465_1.jpg');
INSERT INTO author (author_id, name) VALUES (969, '김예희');
INSERT INTO book_author (book_id, author_id) VALUES (796, 969);
INSERT INTO publisher (publisher_id, name) VALUES (427, '디플롯');
INSERT INTO book (book_id, title, subcategory_id, publisher_id, price, point, published_date, description, image_url) VALUES (797, 'SF 작가의 사유와 글쓰기', 12, 427, 16020, 890, '2025-11-20', '핵심이 틀려야 시작되는 이야기 《종의 기원담》 《쿼런틴》부터,  이중 스토리라인으로 독자를 놓치지 않는 〈0과 1 사이〉 〈인터스텔라〉까지. 김보영 작가의 생생한 목소리로 듣는, 세계를 사로잡은 SF 서사의 비책!', 'https://image.aladin.co.kr/product/37770/52/cover200/k152033465_1.jpg');
INSERT INTO author (author_id, name) VALUES (970, '김보영');
INSERT INTO book_author (book_id, author_id) VALUES (797, 970);
INSERT INTO publisher (publisher_id, name) VALUES (428, '실천문학사');
INSERT INTO book (book_id, title, subcategory_id, publisher_id, price, point, published_date, description, image_url) VALUES (798, '밤의 커튼을 열다', 6, 428, 9000, 500, '2025-11-15', '다수의 문학상을 수상한 박수봉 시인이 2025 경기문화재단 원로예술활동지원 공모에 선정돼 두 번째 시집으로 『밤의 커튼을 열다』를 《실천문학》에서 출간했다. 이 시집에는 법대 출신 늦깎이 시인이 삶의 성찰을 현란한 시적 언어로 빚어낸 빼어난 48편의 시가 독자들을 기다리고 있다.', 'https://image.aladin.co.kr/product/37770/52/cover200/8939231856_1.jpg');
INSERT INTO author (author_id, name) VALUES (971, '박수봉');
INSERT INTO book_author (book_id, author_id) VALUES (798, 971);
INSERT INTO publisher (publisher_id, name) VALUES (429, '크라운출판사');
INSERT INTO book (book_id, title, subcategory_id, publisher_id, price, point, published_date, description, image_url) VALUES (799, '2026 빨리빨리 합격하는 미용사 일반 실기시험문제', 3, 429, 22500, 1250, '2026-01-20', '최근 변경된 출제기준을 완벽 반영해 시술 단계별 사진과 상세 설명을 담았다. 저자 직장 무료 동영상을 제공하고 기본원리와 실전 테크닉, 핵심 비법을 함께 정리해 쉽게 따라하는 미용 실기 학습이 가능하다.', 'https://image.aladin.co.kr/product/37770/51/cover200/8940649435_1.jpg');
INSERT INTO author (author_id, name) VALUES (972, '오영애');
INSERT INTO author (author_id, name) VALUES (973, '문승재');
INSERT INTO author (author_id, name) VALUES (974, '김세원');
INSERT INTO book_author (book_id, author_id) VALUES (799, 972);
INSERT INTO book_author (book_id, author_id) VALUES (799, 973);
INSERT INTO book_author (book_id, author_id) VALUES (799, 974);
INSERT INTO publisher (publisher_id, name) VALUES (430, '마인드빌딩');
INSERT INTO book (book_id, title, subcategory_id, publisher_id, price, point, published_date, description, image_url) VALUES (800, '그래도 점심은 먹어야겠지 - 내일의 출근을 위한 추천 메뉴', 9, 430, 16200, 900, '2025-11-25', '버티는 것도 능력인 직장 생활 속에서 마음을 붙잡아준 건 동료들과 함께한 점심이라는 깨달음을 담은 30대 직장인의 솔직한 생존기다. 15년째 회사에 남아 있는 이유를 ‘밥친구’와의 순간에서 찾으며, 애증이 공존하는 사무실에서 먹는 즐거움이 어떻게 하루를 지탱하게 하는지를 현실감 있게 보여준다.', 'https://image.aladin.co.kr/product/37770/50/cover200/k002033465_1.jpg');
INSERT INTO author (author_id, name) VALUES (975, '유사유');
INSERT INTO book_author (book_id, author_id) VALUES (800, 975);
INSERT INTO publisher (publisher_id, name) VALUES (431, '드림널스');
INSERT INTO book (book_id, title, subcategory_id, publisher_id, price, point, published_date, description, image_url) VALUES (801, '프셉마음 : 중환자 CRRT편 - 신규 간호사를 위한 진짜 실무 팁', 14, 431, 25650, 1350, '2025-11-06', 'CRRT를 이해하도록 콩팥 기능 이론을 제시하고 혈액투석 카테터 삽입과 CRRT 작동·모니터링을 사진으로 설명해 실무 이해를 돕는다. CRRT 적용 환자 간호 내용을 담아 통합적 지식을 제공하며 신규·경력·프리셉터 등 중환자실 간호사의 학습 요구를 충족한다.', 'https://image.aladin.co.kr/product/37770/49/cover200/k082033465_1.jpg');
INSERT INTO author (author_id, name) VALUES (976, '조미정');
INSERT INTO book_author (book_id, author_id) VALUES (801, 976);
INSERT INTO book (book_id, title, subcategory_id, publisher_id, price, point, published_date, description, image_url) VALUES (802, '겨울어 사전 - 우리가 간직한 148개의 겨울 단어', 9, 399, 16200, 900, '2025-11-25', '지나온 계절을 돌이키며 마음속으로 품고 있던 단어를 꺼내와 자기만의 이야기로 새롭게 정의 내리는 『겨울어 사전』이 출간되었다. 2025년 여름 『여름어 사전』을 통해, 여름이라는 시간을 힘껏 사유하고, 여름에 맺혀 있던 단어들을 함께 읽었던 시간을 지나 겨울로 도착했다.', 'https://image.aladin.co.kr/product/37770/49/cover200/k072033465_1.jpg');
INSERT INTO book_author (book_id, author_id) VALUES (802, 886);
INSERT INTO publisher (publisher_id, name) VALUES (432, '경찰단기 김폴카');
INSERT INTO book (book_id, title, subcategory_id, publisher_id, price, point, published_date, description, image_url) VALUES (803, '2026 김중근 형사소송법 파이널 모의고사 60일 작전 - 경찰승진 대비', 3, 432, 14400, 800, '2025-11-20', '김중근 폴리스아카데미 26년 승진 시험 대비 60일작전 주교재다. 1순환 진도별 문제, 2순환 반범위 문제로 구성되었다. 시험 전 최종 마무리하는 도서로써, 최신개정법 및 최신판례를 반영한 문제로 시험을 효과적으로 대비할 수 있다.', 'https://image.aladin.co.kr/product/37770/48/cover200/k062033465_1.jpg');
INSERT INTO author (author_id, name) VALUES (977, '김중근');
INSERT INTO author (author_id, name) VALUES (978, '박병호');
INSERT INTO book_author (book_id, author_id) VALUES (803, 977);
INSERT INTO book_author (book_id, author_id) VALUES (803, 978);
INSERT INTO publisher (publisher_id, name) VALUES (433, '대원씨아이(만화)');
INSERT INTO book (book_id, title, subcategory_id, publisher_id, price, point, published_date, description, image_url) VALUES (804, '봇치·더·록! 8', 1, 433, 8100, 450, '2025-11-28', '', 'https://image.aladin.co.kr/product/37770/47/cover200/k912033465_1.jpg');
INSERT INTO author (author_id, name) VALUES (979, '하마지 아키');
INSERT INTO book_author (book_id, author_id) VALUES (804, 979);
INSERT INTO book (book_id, title, subcategory_id, publisher_id, price, point, published_date, description, image_url) VALUES (805, '2026 김중근 형법 파이널 모의고사 60일 작전 - 경찰승진 대비', 3, 432, 18000, 1000, '2025-11-20', '김중근 폴리스아카데미 26년 승진 시험 대비 60일작전 주교재다. 1순환 진도별 문제, 2순환 반범위 문제로 구성되었다. 시험 전 최종 마무리하는 도서로써, 최신개정법 및 최신판례를 반영한 문제로 시험을 효과적으로 대비할 수 있다.', 'https://image.aladin.co.kr/product/37770/47/cover200/k922033465_1.jpg');
INSERT INTO book_author (book_id, author_id) VALUES (805, 977);
INSERT INTO book_author (book_id, author_id) VALUES (805, 978);
INSERT INTO book (book_id, title, subcategory_id, publisher_id, price, point, published_date, description, image_url) VALUES (806, '봇치·더·록! 8 특별판 KESSOKUBAND in KOREA 3RD BAND EDITION - 케이팝 2way 아크릴 스탠드 4종 + 카세트 테이프 스타일 포토카드 4종 + 카세트 플레이어 스타일 파우치 키링 1종 + 데코 스티커 2종 + 라이벌 카드 1종 + 초판 한정 포토 카드', 1, 433, 39600, 2200, '2025-11-28', '', 'https://image.aladin.co.kr/product/37770/47/cover200/k962033465_1.jpg');
INSERT INTO book_author (book_id, author_id) VALUES (806, 979);
INSERT INTO book (book_id, title, subcategory_id, publisher_id, price, point, published_date, description, image_url) VALUES (807, '2026 정인국 행정법 홀인원', 3, 422, 16200, 180, '2025-11-25', '행정법 기본서를 300쪽에 압축해 핵심만 간결하게 정리한 요약서다. 50개 Topic으로 분류해 강약 조절이 가능하고, 어려운 비교 개념은 모두 표로 정리했다. 앞글자 정리사항을 본문에 반영해 문제풀이 속도를 높이며 수험 카페로 학습 정보를 제공한다.', 'https://image.aladin.co.kr/product/37770/45/cover200/k882033464_1.jpg');
INSERT INTO author (author_id, name) VALUES (980, '정인국');
INSERT INTO book_author (book_id, author_id) VALUES (807, 980);
INSERT INTO book (book_id, title, subcategory_id, publisher_id, price, point, published_date, description, image_url) VALUES (808, '엘르 Elle C형 2025.12 (표지 : 지수) - 주요기사 : 지수, 부활, 자우림, 엑스디너리 히어로즈, 크라잉넛, 체리필터, wave to earth', 22, 326, 9400, 90, '2025-11-17', '', 'https://image.aladin.co.kr/product/37770/44/cover200/k712033464_1.jpg');
INSERT INTO author (author_id, name) VALUES (981, '허스트중앙 편집부');
INSERT INTO book_author (book_id, author_id) VALUES (808, 981);
INSERT INTO publisher (publisher_id, name) VALUES (434, '지오북스');
INSERT INTO book (book_id, title, subcategory_id, publisher_id, price, point, published_date, description, image_url) VALUES (809, '수석교사와 함께하는 학교생활 길라잡이', 14, 434, 22000, NULL, '2025-11-30', '교직 생활에서 마주하는 궁금증과 고민을 문답 형식으로 담아냈다. 디지털 전환과 미래 사회의 변화 속에서 학교 현장의 교사가 겪는 어려움과 해결책, 그리고 교사가 꿈꾸는 교육의 모습을 함께 살펴보고자 하였다.', 'https://image.aladin.co.kr/product/37770/44/cover200/k792033464_1.jpg');
INSERT INTO author (author_id, name) VALUES (982, '충북중등수석교사회');
INSERT INTO book_author (book_id, author_id) VALUES (809, 982);
INSERT INTO book (book_id, title, subcategory_id, publisher_id, price, point, published_date, description, image_url) VALUES (810, '엘르 Elle B형 2025.12 (표지 : 지수) - 주요기사 : 지수, 부활, 자우림, 엑스디너리 히어로즈, 크라잉넛, 체리필터, wave to earth', 22, 326, 9400, 90, '2025-11-17', '', 'https://image.aladin.co.kr/product/37770/43/cover200/k642033464_1.jpg');
INSERT INTO book_author (book_id, author_id) VALUES (810, 981);
INSERT INTO book (book_id, title, subcategory_id, publisher_id, price, point, published_date, description, image_url) VALUES (811, '엘르 Elle E형 2025.12 (표지 : 지수) - 주요기사 : 지수, 부활, 자우림, 엑스디너리 히어로즈, 크라잉넛, 체리필터, wave to earth', 22, 326, 9400, 90, '2025-11-17', '', 'https://image.aladin.co.kr/product/37770/43/cover200/k622033464_1.jpg');
INSERT INTO book_author (book_id, author_id) VALUES (811, 981);
INSERT INTO book (book_id, title, subcategory_id, publisher_id, price, point, published_date, description, image_url) VALUES (812, '엘르 Elle D형 2025.12 (표지 : 지수) - 주요기사 : 지수, 부활, 자우림, 엑스디너리 히어로즈, 크라잉넛, 체리필터, wave to earth', 22, 326, 9400, 90, '2025-11-17', '', 'https://image.aladin.co.kr/product/37770/43/cover200/k602033464_1.jpg');
INSERT INTO book_author (book_id, author_id) VALUES (812, 981);
INSERT INTO book (book_id, title, subcategory_id, publisher_id, price, point, published_date, description, image_url) VALUES (813, '음악이 삶의 전부는 아닙니다만 - 이것은 음악평론이 아니다', 2, 313, 18900, 1050, '2025-11-21', 'MBC 간판 장수 라디오 프로그램 〈배철수의 음악캠프〉에서 18년 가까이 작가로 활동하며, K팝에서부터 록&#12539;팝 명반까지 장르의 경계를 넘고 세대를 아우르며 대중과 소통해온 그의 첫 음악 산문집이다. 한 줄 가사에 깃든 뮤지션의 이야기와 시대의 숨결을 섬세하게 포착해 우리를 음악의 세계로 이끈다.', 'https://image.aladin.co.kr/product/37770/42/cover200/k682033464_1.jpg');
INSERT INTO author (author_id, name) VALUES (983, '배순탁');
INSERT INTO book_author (book_id, author_id) VALUES (813, 983);
INSERT INTO book (book_id, title, subcategory_id, publisher_id, price, point, published_date, description, image_url) VALUES (814, '인간을 깨우는 책들 - 문학·역사·철학 속에서 삶의 본질을 묻다', 20, 417, 9900, 550, '2025-11-30', '책이 인간을 일깨우고 삶의 방향을 바꾸는 힘을 지녔다는 사실을 바탕으로, 저자가 EBS FM 「고전읽기」 ‘김병완의 고전불패’에서 다뤘던 인생 명저들을 새롭게 엮었다.', 'https://image.aladin.co.kr/product/37770/41/cover200/k652033464_1.jpg');
INSERT INTO book_author (book_id, author_id) VALUES (814, 952);
INSERT INTO book (book_id, title, subcategory_id, publisher_id, price, point, published_date, description, image_url) VALUES (815, '엘르 Elle A형 2025.12 (표지 : 지수) - 주요기사 : 지수, 부활, 자우림, 엑스디너리 히어로즈, 크라잉넛, 체리필터, wave to earth', 22, 326, 9400, 90, '2025-11-17', '', 'https://image.aladin.co.kr/product/37770/41/cover200/k432033464_1.jpg');
INSERT INTO book_author (book_id, author_id) VALUES (815, 981);
INSERT INTO publisher (publisher_id, name) VALUES (435, '무지개BOOKS');
INSERT INTO book (book_id, title, subcategory_id, publisher_id, price, point, published_date, description, image_url) VALUES (816, '2026 세무사 : 상법강의 - 회사법，개정판', 3, 435, 24700, 780, '2025-11-17', '세무사시험의 출제범위인 회사법에 집중해 핵심 제도·조문·판례를 체계적으로 해설한 교재다. 기출 분석을 반영해 중요 지문과 키워드를 정리하고, 25년도 개정 상법과 최근 10년 출제를 담아 효율적으로 학습할 수 있다. 자매서와 연계하면 단권화 학습이 가능해 합격 대비에 효과적이다.', 'https://image.aladin.co.kr/product/37770/41/cover200/k412033464_1.jpg');
INSERT INTO author (author_id, name) VALUES (984, '하영태');
INSERT INTO book_author (book_id, author_id) VALUES (816, 984);
INSERT INTO book (book_id, title, subcategory_id, publisher_id, price, point, published_date, description, image_url) VALUES (817, '서양 합리론과 정치철학 : 서양 합리론과 정치철학 칸트에서 헤겔까지 - 공자의 눈으로 읽고 따지다', 12, 423, 35100, 1950, '2025-11-18', '20세기 전반까지 철학계와 정신세계를 지배한 거만한 독단적 ‘이성의 빛’, 합리주의. ‘사이불학思而不學’과 ‘부지이작不知而作’을 통해 위험한 독단으로 치달아 온갖 폐해를 초래한 합리주의, 그 인식론과 정치철학을 ‘공자의 눈’으로 조감&#8231;분석하다.', 'https://image.aladin.co.kr/product/37770/40/cover200/k492033464_1.jpg');
INSERT INTO book_author (book_id, author_id) VALUES (817, 966);
INSERT INTO book (book_id, title, subcategory_id, publisher_id, price, point, published_date, description, image_url) VALUES (818, '사해', 7, 52, 10620, 590, '2025-11-12', '일상의 작은 순간들 그리고 마음 깊은 곳에서 울려오는 목소리들을 시로 담아내려 애썼다. 때로는 기쁨을 때로는 슬픔을 그리고 때로는 사랑과 비극을 노래했다. 독자 여러분께서 이 시집을 통해 작은 위안이나 울림을 얻으신다면 부족한 시들이 여러분의 마음 한편에 조용히 자리하게 된다면 그것으로 충분하다.', 'https://image.aladin.co.kr/product/37770/40/cover200/k462033464_1.jpg');
INSERT INTO author (author_id, name) VALUES (985, '신정현');
INSERT INTO book_author (book_id, author_id) VALUES (818, 985);
INSERT INTO book (book_id, title, subcategory_id, publisher_id, price, point, published_date, description, image_url) VALUES (819, '서양 합리론과 정치철학 : 니체에서 하버마스까지 - 공자의 눈으로 읽고 따지다', 12, 423, 31500, 1750, '2025-11-18', '‘공자의 눈으로 읽고 따지는’ &lt;서양 경험론과 정치철학&gt;은 모두 9권으로 이루어진 ''백세시대를 위한 서양철학사 시리즈''이다. &lt;서양 경험론과 정치철학&gt; 연작은 에피쿠로스와 베이컨으로부터 흄과 다윈까지 총 14명의 서양 경험론자와 경험과학자의 원전을 읽고 논한다.', 'https://image.aladin.co.kr/product/37770/39/cover200/k452033464_1.jpg');
INSERT INTO book_author (book_id, author_id) VALUES (819, 966);
INSERT INTO publisher (publisher_id, name) VALUES (436, '(주)큐앤에이');
INSERT INTO book (book_id, title, subcategory_id, publisher_id, price, point, published_date, description, image_url) VALUES (820, '매쓰유 개념연산 중학수학 3-1 (2026년) - 2022 개정 교육과정', 23, 436, 13500, 750, '2025-09-30', '중학교 3학년 과정의 연산 연습을 위한 필수 연산 문제집으로, 개념 이해와 연산 훈련을 같이 할 수 있는 교재다. 유형별 반복 연습으로 빠르고 정확한 연산의 힘을 기를 수 있다.', 'https://image.aladin.co.kr/product/37770/39/cover200/k322033464_1.jpg');
INSERT INTO author (author_id, name) VALUES (986, '김계율');
INSERT INTO author (author_id, name) VALUES (987, '박태영');
INSERT INTO book_author (book_id, author_id) VALUES (820, 986);
INSERT INTO book_author (book_id, author_id) VALUES (820, 987);
INSERT INTO book (book_id, title, subcategory_id, publisher_id, price, point, published_date, description, image_url) VALUES (821, '2026 NEW 완전합격 미용사 네일 필기시험문제', 3, 429, 20700, 1150, '2026-01-20', '한국산업인력공단 미용사(네일) 출제기준을 반영해 네일개론부터 네일미용기술까지 체계화한 기본서다. 핵심요약과 파트별 출제예상문제, 최신 기출문제를 상세 해설과 함께 담아 학습 효율을 높인다.', 'https://image.aladin.co.kr/product/37770/38/cover200/8940649532_1.jpg');
INSERT INTO author (author_id, name) VALUES (988, '류은주');
INSERT INTO author (author_id, name) VALUES (989, '윤미선');
INSERT INTO author (author_id, name) VALUES (990, '배현영');
INSERT INTO book_author (book_id, author_id) VALUES (821, 988);
INSERT INTO book_author (book_id, author_id) VALUES (821, 989);
INSERT INTO book_author (book_id, author_id) VALUES (821, 990);
INSERT INTO publisher (publisher_id, name) VALUES (437, '지우출판');
INSERT INTO book (book_id, title, subcategory_id, publisher_id, price, point, published_date, description, image_url) VALUES (822, '진주 일소리', 12, 437, 18000, 1000, '2025-11-20', '', 'https://image.aladin.co.kr/product/37770/37/cover200/k222033464_1.jpg');
INSERT INTO author (author_id, name) VALUES (991, '황명분 (엮은이)');
INSERT INTO book_author (book_id, author_id) VALUES (822, 991);
INSERT INTO book (book_id, title, subcategory_id, publisher_id, price, point, published_date, description, image_url) VALUES (823, '투 온 아이스 3', 1, 433, 5850, 320, '2025-11-18', '', 'https://image.aladin.co.kr/product/37770/37/cover200/k352033464_1.jpg');
INSERT INTO author (author_id, name) VALUES (992, '이츠모 엘크');
INSERT INTO book_author (book_id, author_id) VALUES (823, 992);
INSERT INTO book (book_id, title, subcategory_id, publisher_id, price, point, published_date, description, image_url) VALUES (824, '템플 13', 1, 433, 4950, 270, '2025-11-18', '', 'https://image.aladin.co.kr/product/37770/37/cover200/k242033464_1.jpg');
INSERT INTO author (author_id, name) VALUES (993, '요시오카 키미타게');
INSERT INTO book_author (book_id, author_id) VALUES (824, 993);
INSERT INTO book (book_id, title, subcategory_id, publisher_id, price, point, published_date, description, image_url) VALUES (825, '켄간 오메가 14', 1, 433, 4950, 270, '2025-11-18', '', 'https://image.aladin.co.kr/product/37770/37/cover200/k232033464_1.jpg');
INSERT INTO author (author_id, name) VALUES (994, '산드로비치 야바코');
INSERT INTO author (author_id, name) VALUES (995, '다로메온 (그림)');
INSERT INTO translator (translator_id, name) VALUES (95, '장지연');
INSERT INTO book_author (book_id, author_id) VALUES (825, 994);
INSERT INTO book_author (book_id, author_id) VALUES (825, 995);
INSERT INTO book_translator (book_id, translator_id) VALUES (825, 95);
INSERT INTO book (book_id, title, subcategory_id, publisher_id, price, point, published_date, description, image_url) VALUES (826, '2026 완전합격 미용사 메이크업 실기시험문제', 3, 429, 20700, 1150, '2026-01-20', '미용사 메이크업을 대비할 수 있는 실기시험문제집이다. 최신 출제기준을 완벽 반영하였으며, 갱신된 공개문제에 준하여 과제별 스타일을 수록하였다.', 'https://image.aladin.co.kr/product/37770/37/cover200/8940649583_1.jpg');
INSERT INTO author (author_id, name) VALUES (996, '크리에이티브 메이크업 랩');
INSERT INTO book_author (book_id, author_id) VALUES (826, 996);
INSERT INTO book (book_id, title, subcategory_id, publisher_id, price, point, published_date, description, image_url) VALUES (827, '돈이 없어 18 - B愛+코믹스 720', 1, 433, 4500, 250, '2025-11-18', '', 'https://image.aladin.co.kr/product/37770/36/cover200/k132033464_1.jpg');
INSERT INTO author (author_id, name) VALUES (997, '시노자키 히토요');
INSERT INTO author (author_id, name) VALUES (998, '코우사카 토오루 (그림)');
INSERT INTO book_author (book_id, author_id) VALUES (827, 997);
INSERT INTO book_author (book_id, author_id) VALUES (827, 998);
INSERT INTO publisher (publisher_id, name) VALUES (438, '농정연구센터');
INSERT INTO book (book_id, title, subcategory_id, publisher_id, price, point, published_date, description, image_url) VALUES (828, '농정연구 94호 - 2025.가을', 17, 438, 20000, NULL, '2025-10-31', '기후위기 대응, 지역농업 혁신, 정책 인프라 재구축, 지방 책임농정을 다룬 심포지엄과 기획·논단·현장 분석을 통해 버려야 할 관성과 지켜야 할 가치, 농정 전환의 핵심 방향을 짚는다.', 'https://image.aladin.co.kr/product/37770/36/cover200/k102033464_1.jpg');
INSERT INTO author (author_id, name) VALUES (999, '농정연구센터 편집부');
INSERT INTO book_author (book_id, author_id) VALUES (828, 999);
INSERT INTO book (book_id, title, subcategory_id, publisher_id, price, point, published_date, description, image_url) VALUES (829, '냐이트 오브 더 리빙 캣 4', 1, 433, 5850, 320, '2025-11-18', '', 'https://image.aladin.co.kr/product/37770/35/cover200/k182033464_1.jpg');
INSERT INTO author (author_id, name) VALUES (1000, '호크만');
INSERT INTO author (author_id, name) VALUES (1001, '메카루츠 (그림)');
INSERT INTO book_author (book_id, author_id) VALUES (829, 1000);
INSERT INTO book_author (book_id, author_id) VALUES (829, 1001);
INSERT INTO book (book_id, title, subcategory_id, publisher_id, price, point, published_date, description, image_url) VALUES (830, '종말의 발키리 22', 1, 433, 4950, 270, '2025-11-18', '', 'https://image.aladin.co.kr/product/37770/35/cover200/k042033464_1.jpg');
INSERT INTO author (author_id, name) VALUES (1002, '우메무라 신야');
INSERT INTO author (author_id, name) VALUES (1003, '아지치카 (그림)');
INSERT INTO author (author_id, name) VALUES (1004, '후쿠이 타쿠미 (감수)');
INSERT INTO book_author (book_id, author_id) VALUES (830, 1002);
INSERT INTO book_author (book_id, author_id) VALUES (830, 1003);
INSERT INTO book_author (book_id, author_id) VALUES (830, 1004);
INSERT INTO book (book_id, title, subcategory_id, publisher_id, price, point, published_date, description, image_url) VALUES (831, 'AI와 디자이너 협업', 15, 133, 12000, 360, '2025-11-25', '생성형 AI가 디자인을 어떻게 바꾸는지 설명하고, 디자이너가 해석자이자 조율자로 진화해야 하는 이유를 제시한다. 기술의 속도와 인간의 판단을 잇는 협업 패러다임을 보여주며 AI 시대 창작자의 역할을 재정의한다. AI총서와 함께 더 깊은 인공지능 지식을 탐색할 수 있다.', 'https://image.aladin.co.kr/product/37770/35/cover200/k002033464_1.jpg');
INSERT INTO author (author_id, name) VALUES (1005, '최종우');
INSERT INTO book_author (book_id, author_id) VALUES (831, 1005);
INSERT INTO book (book_id, title, subcategory_id, publisher_id, price, point, published_date, description, image_url) VALUES (832, '나뭇잎 사이로 비치는 햇살 같은 사람  1', 1, 433, 5850, 320, '2025-11-18', '대인기 아이돌 우스미 마히로는 여고생이 타고 있던 오토바이와 접촉사고 후 혼수 상태에 빠진다. 오토바이를 운전한 사람은 국회의원을 아버지로 둔 정치가 일가의 장녀 시라세 코우코. 세상의 주목을 모은 사고 이후 10년이 흐르고, 계속 잠에 빠져 있던 마히로가 기적적으로 의식을 되찾는다. 그리고 눈을 뜬 순간, 그의 눈앞에 있던 것은 사고 가해자 코우코인데….', 'https://image.aladin.co.kr/product/37770/35/cover200/k172033464_1.jpg');
INSERT INTO author (author_id, name) VALUES (1006, '쿠와바타 시키');
INSERT INTO book_author (book_id, author_id) VALUES (832, 1006);
INSERT INTO book (book_id, title, subcategory_id, publisher_id, price, point, published_date, description, image_url) VALUES (833, '에반게리온 ANIMA 2', 1, 433, 12600, 700, '2025-11-18', '', 'https://image.aladin.co.kr/product/37770/35/cover200/k062033464_1.jpg');
INSERT INTO author (author_id, name) VALUES (1007, '야마시타 이쿠토');
INSERT INTO book_author (book_id, author_id) VALUES (833, 1007);
INSERT INTO publisher (publisher_id, name) VALUES (439, '예찬사');
INSERT INTO book (book_id, title, subcategory_id, publisher_id, price, point, published_date, description, image_url) VALUES (834, '옛적 길로 돌아가다 - 원초적 믿음과 처음 사랑을 회복하라', 7, 439, 16200, 900, '2025-11-15', '심령을 하나님께로 향하게 하는 영적 가이드로, 옛적 길의 제단과 신성한 유산을 통해 모든 성도가 보좌 앞에 나아가 임재를 누릴 수 있음을 일깨운다. 순종과 사랑, 말씀과 성령의 길로 돌아가라 촉구한다.', 'https://image.aladin.co.kr/product/37770/34/cover200/8974395339_1.jpg');
INSERT INTO author (author_id, name) VALUES (1008, '케빈 제다이');
INSERT INTO translator (translator_id, name) VALUES (96, '임은묵');
INSERT INTO book_author (book_id, author_id) VALUES (834, 1008);
INSERT INTO book_translator (book_id, translator_id) VALUES (834, 96);
INSERT INTO book (book_id, title, subcategory_id, publisher_id, price, point, published_date, description, image_url) VALUES (835, '내가 나이기 위해 9 - 완결', 1, 433, 4500, 250, '2025-11-18', '', 'https://image.aladin.co.kr/product/37770/34/cover200/k932033464_1.jpg');
INSERT INTO author (author_id, name) VALUES (1009, '하즈키 맛차');
INSERT INTO book_author (book_id, author_id) VALUES (835, 1009);
INSERT INTO book (book_id, title, subcategory_id, publisher_id, price, point, published_date, description, image_url) VALUES (836, '선생님! 저희들이 세계를 멸망시킵니다. 7', 1, 433, 5400, 300, '2025-11-18', '', 'https://image.aladin.co.kr/product/37770/34/cover200/k912033464_1.jpg');
INSERT INTO author (author_id, name) VALUES (1010, '코바야시 키나');
INSERT INTO book_author (book_id, author_id) VALUES (836, 1010);
INSERT INTO book (book_id, title, subcategory_id, publisher_id, price, point, published_date, description, image_url) VALUES (837, '길티 이노센스 11', 1, 433, 5400, 300, '2025-11-18', '', 'https://image.aladin.co.kr/product/37770/34/cover200/k922033464_1.jpg');
INSERT INTO author (author_id, name) VALUES (1011, '윤한');
INSERT INTO book_author (book_id, author_id) VALUES (837, 1011);
INSERT INTO publisher (publisher_id, name) VALUES (440, '법학사');
INSERT INTO book (book_id, title, subcategory_id, publisher_id, price, point, published_date, description, image_url) VALUES (838, '2026 기출.모의 지문사전 부동산등기법 - 법무사 / 법원 9급 등기사무직렬 시험대비, 제17판', 3, 440, 36100, 1900, '2025-11-20', '법무사·법원 9급 공채 기출을 최신 개정법·예규·선례까지 반영해 재구성한 지문 백화점형 교재다. 기출의 90%가 반복되는 구조를 분석해 고득점에 필요한 핵심만 압축했으며, 초학자 복습·다년차 점검 모두에 활용 가능하다. 대법원 기준 2025년 11월 3일까지의 변동사항을 반영해 단기간 정리에 적합하다.', 'https://image.aladin.co.kr/product/37770/34/cover200/k842033463_1.jpg');
INSERT INTO author (author_id, name) VALUES (1012, '오영관');
INSERT INTO book_author (book_id, author_id) VALUES (838, 1012);
INSERT INTO book (book_id, title, subcategory_id, publisher_id, price, point, published_date, description, image_url) VALUES (839, '거기서 일하는 무스부 씨 7', 1, 433, 4950, 270, '2025-11-18', '', 'https://image.aladin.co.kr/product/37770/34/cover200/k832033463_1.jpg');
INSERT INTO author (author_id, name) VALUES (1013, '모리 타이시');
INSERT INTO translator (translator_id, name) VALUES (97, '이은주');
INSERT INTO book_author (book_id, author_id) VALUES (839, 1013);
INSERT INTO book_translator (book_id, translator_id) VALUES (839, 97);
INSERT INTO book (book_id, title, subcategory_id, publisher_id, price, point, published_date, description, image_url) VALUES (840, '[큰글자책] AI와 디자이너 협업', 15, 133, 25000, 750, '2025-11-25', '생성형 AI가 디자인 행위를 어떻게 변화시키는지, 그리고 디자이너가 왜 해석자이자 조율자로 진화해야 하는지를 설명한다. 기술의 속도와 인간의 맥락적 판단을 연결하는 새로운 협업 패러다임을 제시하며, AI 시대의 창작을 이끌 디자이너의 역할을 재정의한다.', 'https://image.aladin.co.kr/product/37770/34/cover200/k822033463_1.jpg');
INSERT INTO book_author (book_id, author_id) VALUES (840, 1005);
INSERT INTO book (book_id, title, subcategory_id, publisher_id, price, point, published_date, description, image_url) VALUES (841, '삐딱한 기사와 천진난만한 공주님 3', 1, 433, 5850, 320, '2025-11-18', '', 'https://image.aladin.co.kr/product/37770/34/cover200/k892033463_1.jpg');
INSERT INTO author (author_id, name) VALUES (1014, '아오이 우메타로');
INSERT INTO book_author (book_id, author_id) VALUES (841, 1014);
INSERT INTO book (book_id, title, subcategory_id, publisher_id, price, point, published_date, description, image_url) VALUES (842, 'EU AI 법과 사업자 의무', 15, 133, 12000, 360, '2025-11-28', '2024년 발효된 EU 「AI 법」의 위험 기반 규제, 고위험·생성형 AI 사업자의 의무, 데이터 거버넌스, 기록·보관·감독 체계를 정리하고 한국의 「AI 기본법」과의 차이를 비교한다. 글로벌 시장에서 기업이 준비해야 할 규제 대응 전략을 제시하는 실무 지침서다.', 'https://image.aladin.co.kr/product/37770/33/cover200/k752033463_1.jpg');
INSERT INTO author (author_id, name) VALUES (1015, '김윤명');
INSERT INTO book_author (book_id, author_id) VALUES (842, 1015);
INSERT INTO book (book_id, title, subcategory_id, publisher_id, price, point, published_date, description, image_url) VALUES (843, '2.5 차원의 유혹 23 : 리리사', 1, 433, 5400, 300, '2025-11-18', '', 'https://image.aladin.co.kr/product/37770/33/cover200/k762033463_1.jpg');
INSERT INTO author (author_id, name) VALUES (1016, '하시모토 유');
INSERT INTO book_author (book_id, author_id) VALUES (843, 1016);
INSERT INTO book (book_id, title, subcategory_id, publisher_id, price, point, published_date, description, image_url) VALUES (844, '[큰글자책] EU AI 법과 사업자 의무', 15, 133, 25000, 750, '2025-11-28', '2024년 발효된 EU 「AI 법」의 위험 기반 규제, 고위험·생성형 AI 사업자의 의무, 데이터 거버넌스, 기록·보관·감독 체계를 정리하고 한국의 「AI 기본법」과의 차이를 비교한다. 글로벌 시장에서 기업이 준비해야 할 규제 대응 전략을 제시하는 실무 지침서다.', 'https://image.aladin.co.kr/product/37770/33/cover200/k662033463_1.jpg');
INSERT INTO book_author (book_id, author_id) VALUES (844, 1015);
INSERT INTO book (book_id, title, subcategory_id, publisher_id, price, point, published_date, description, image_url) VALUES (845, 'AI와 성의 경계', 15, 133, 12000, 360, '2025-11-25', 'AI 섹스로봇과 기술의 발전이 성적 욕구, 윤리, 인간관계의 기준을 어떻게 재구성하는지를 탐구한다. 전통적 성 규범을 넘어서는 변화 속에서 사회가 마련해야 할 새로운 윤리적·법적 기준을 제시하는 책이다.', 'https://image.aladin.co.kr/product/37770/33/cover200/k652033463_1.jpg');
INSERT INTO book_author (book_id, author_id) VALUES (845, 872);
INSERT INTO book (book_id, title, subcategory_id, publisher_id, price, point, published_date, description, image_url) VALUES (846, '[큰글자책] AI 위험사회와 정치', 15, 133, 25000, 750, '2025-11-25', 'SNS 알고리즘이 확증 편향과 분노를 키우며 민주주의의 기반을 어떻게 약화하는지 분석한다. 위험사회론을 토대로 기술·정치·인지 환경을 재해석하며, 우리가 다시 판단의 주권을 회복하기 위한 새로운 정치적 상상력을 제안한다. AI총서. aiseries.oopy.io에서 필요한 인공지능 지식을 찾을 수 있다.', 'https://image.aladin.co.kr/product/37770/33/cover200/k542033463_1.jpg');
INSERT INTO author (author_id, name) VALUES (1017, '최윤재');
INSERT INTO book_author (book_id, author_id) VALUES (846, 1017);
INSERT INTO publisher (publisher_id, name) VALUES (441, '올리');
INSERT INTO book (book_id, title, subcategory_id, publisher_id, price, point, published_date, description, image_url) VALUES (847, '고스트 콜 1 - 고스트, 현실 등장!', 10, 441, 14400, 800, '2025-11-26', '출간하는 책마다 아동 문학의 새로운 장르를 개척해 온 작가 ‘강경수’가 2025년 11월, 또 한 번 강렬한 변신을 선보인다. &lt;고스트 콜&gt; 시리즈는 일반적인 호러나 괴담의 틀에서 벗어나, 오싹하면서도 재미있게 즐길 수 있는 미스터리 액션 동화이다.', 'https://image.aladin.co.kr/product/37770/32/cover200/k492033463_1.jpg');
INSERT INTO author (author_id, name) VALUES (1018, '강경수');
INSERT INTO book_author (book_id, author_id) VALUES (847, 1018);
INSERT INTO book (book_id, title, subcategory_id, publisher_id, price, point, published_date, description, image_url) VALUES (848, '[큰글자책] AI와 성의 경계', 15, 133, 25000, 750, '2025-11-25', 'AI 섹스로봇과 기술의 발전이 성적 욕구, 윤리, 인간관계의 기준을 어떻게 재구성하는지를 탐구한다. 전통적 성 규범을 넘어서는 변화 속에서 사회가 마련해야 할 새로운 윤리적·법적 기준을 제시하는 책이다. AI총서. aiseries.oopy.io에서 필요한 인공지능 지식을 찾을 수 있다.', 'https://image.aladin.co.kr/product/37770/32/cover200/k482033463_1.jpg');
INSERT INTO book_author (book_id, author_id) VALUES (848, 872);
INSERT INTO book (book_id, title, subcategory_id, publisher_id, price, point, published_date, description, image_url) VALUES (849, 'AI 위험사회와 정치', 15, 133, 12000, 360, '2025-11-25', 'SNS 알고리즘이 확증 편향과 분노를 키우며 민주주의의 기반을 어떻게 약화하는지 분석한다. 위험사회론을 토대로 기술·정치·인지 환경을 재해석하며, 우리가 다시 판단의 주권을 회복하기 위한 새로운 정치적 상상력을 제안한다.', 'https://image.aladin.co.kr/product/37770/32/cover200/k452033463_1.jpg');
INSERT INTO book_author (book_id, author_id) VALUES (849, 1017);
INSERT INTO publisher (publisher_id, name) VALUES (442, '참(도서출판)');
INSERT INTO book (book_id, title, subcategory_id, publisher_id, price, point, published_date, description, image_url) VALUES (850, '참 즐거운 한국어 4 워크북', 16, 442, 12600, 700, '2025-10-29', '주교재인 「참 즐거운 한국어 4」에서 학습한 내용을 연습하고 복습에 도움을 주기 위한 목적으로 집필하였다. 각 단원에서 학습한 어휘와 문법을 반복해서 연습하여 학습자들이 해당 어휘와 문법을 일상생활에서 사용할 수 있게 하는 것이 「참 즐거운 한국어 4 워크북」의 목적이다.', 'https://image.aladin.co.kr/product/37770/31/cover200/k372033463_1.jpg');
INSERT INTO author (author_id, name) VALUES (1019, '이영은');
INSERT INTO author (author_id, name) VALUES (1020, '김지용');
INSERT INTO book_author (book_id, author_id) VALUES (850, 1019);
INSERT INTO book_author (book_id, author_id) VALUES (850, 1020);
INSERT INTO book (book_id, title, subcategory_id, publisher_id, price, point, published_date, description, image_url) VALUES (851, '참 즐거운 한국어 4', 16, 442, 19800, 1100, '2025-10-29', '기존의 「참 즐거운 한국어」 시리즈의 집필 목적대로 각 단원의 학습 부담감을 줄여 학습 성취감과 만족도를 높이고, 해당 주제에 집중하여 학습의 효율성을 높일 수 있는 장점은 그대로 유지하였다. 또한 다양한 상황과 관계를 중심으로 교재의 내용을 구성하여 일상생활과 밀접한 한국어를 학습할 수 있게 하는 장점 또한 유지하였다.', 'https://image.aladin.co.kr/product/37770/30/cover200/k232033463_1.jpg');
INSERT INTO book_author (book_id, author_id) VALUES (851, 1019);
INSERT INTO book_author (book_id, author_id) VALUES (851, 1020);
INSERT INTO book (book_id, title, subcategory_id, publisher_id, price, point, published_date, description, image_url) VALUES (852, '인생을 바꾸는 책들 - 인생 명저는 결코 우리를 배신하지 않는다', 20, 417, 9900, 550, '2025-11-30', '삼성전자 연구원에서 3년간 1만 권을 읽은 김병완이 EBS 「고전읽기」에서 다룬 명저들을 다시 정리한 개정 증보판이다. 홍루몽부터 월든까지 고전을 삶의 질문과 연결하며 깊이가 인생을 바꾼다는 통찰을 전하고, ‘인생 명저 시리즈’의 첫 책으로 명저 읽기의 이유와 의미를 입체적으로 보여준다.', 'https://image.aladin.co.kr/product/37770/28/cover200/k202033463_1.jpg');
INSERT INTO book_author (book_id, author_id) VALUES (852, 952);
INSERT INTO book (book_id, title, subcategory_id, publisher_id, price, point, published_date, description, image_url) VALUES (853, '말씀 소리, 회개를 폭발시키다 - 말씀과 함께 회개하는 실용적 가이드', 7, 439, 10800, 600, '2025-11-15', '그리스도인이 말씀을 소리 내어 읽으면서 회개하는 방법을 제시한다. 그리스도인들이 가장 많이 짓는 죄와 회개의 적용을 설명한다. 자기중심을 내려놓지 못하는 죄, 십자가 대신 자기 의를 세우는 죄 등 모든 죄를 회개하지 않고 구원받을 수 없음을 구체적으로 설명해주는 회개 가이드이다.', 'https://image.aladin.co.kr/product/37770/26/cover200/8974395347_1.jpg');
INSERT INTO author (author_id, name) VALUES (1021, '박예영');
INSERT INTO book_author (book_id, author_id) VALUES (853, 1021);
INSERT INTO book (book_id, title, subcategory_id, publisher_id, price, point, published_date, description, image_url) VALUES (854, '[큰글자책] AI, 산업 혁명의 딜레마', 15, 133, 25000, 750, '2025-11-25', '증기 기관에서 AI·양자 컴퓨팅으로 이어지는 산업 변혁을 하나의 연속선으로 묶어, 기술이 인간의 노동·정체성·가치를 어떻게 재구성하는지를 분석한다. 창조적 파괴 이후에도 인간에게 일자리가 남을 것이라는 오래된 믿음에 의문을 던지며, 특이점과 기술적 실업의 시대에 인간이 어떤 존재가 되어야 하는지 근본적 질문을 제기한다.', 'https://image.aladin.co.kr/product/37770/24/cover200/k282033463_1.jpg');
INSERT INTO author (author_id, name) VALUES (1022, '한수경');
INSERT INTO book_author (book_id, author_id) VALUES (854, 1022);
INSERT INTO book (book_id, title, subcategory_id, publisher_id, price, point, published_date, description, image_url) VALUES (855, 'AI, 산업 혁명의 딜레마', 15, 133, 12000, 360, '2025-11-25', '증기 기관에서 AI·양자 컴퓨팅으로 이어지는 산업 변혁을 하나의 연속선으로 묶어, 기술이 인간의 노동·정체성·가치를 어떻게 재구성하는지를 분석한다. 창조적 파괴 이후에도 인간에게 일자리가 남을 것이라는 오래된 믿음에 의문을 던지며, 특이점과 기술적 실업의 시대에 인간이 어떤 존재가 되어야 하는지 근본적 질문을 제기한다.', 'https://image.aladin.co.kr/product/37770/21/cover200/k252033463_1.jpg');
INSERT INTO book_author (book_id, author_id) VALUES (855, 1022);
INSERT INTO publisher (publisher_id, name) VALUES (443, '동연출판사');
INSERT INTO book (book_id, title, subcategory_id, publisher_id, price, point, published_date, description, image_url) VALUES (856, '''우리''라는 신화의 폭력 2 - 한국의 인종주의와 그리스도교', 7, 443, 13500, 750, '2025-10-31', '‘인종주의’를 주제로 한 기획의 두 번째 책이다. 여기서 ‘인종주의’란 인종 사이에 유전적 우열이 있다고 하여 인종적 멸시, 박해, 차별 따위를 정당화하는 전형적인 인종차별보다 더 포괄적인 의미를 담고 있다. 즉, 인종, 성별, 장애, 출신 국가, 피부색, 언어, 종교, 사상 등 다양한 사유로 합리적인 이유 없이 차별하고 배척하는 행위를 말한다.', 'https://image.aladin.co.kr/product/37770/18/cover200/8964474392_1.jpg');
INSERT INTO author (author_id, name) VALUES (1023, '강슬기');
INSERT INTO author (author_id, name) VALUES (1024, '김혜령');
INSERT INTO author (author_id, name) VALUES (1025, '정경일');
INSERT INTO author (author_id, name) VALUES (1026, '조민아');
INSERT INTO author (author_id, name) VALUES (1027, '한국기독교사회문제연구원 (엮은이)');
INSERT INTO book_author (book_id, author_id) VALUES (856, 1023);
INSERT INTO book_author (book_id, author_id) VALUES (856, 1024);
INSERT INTO book_author (book_id, author_id) VALUES (856, 1025);
INSERT INTO book_author (book_id, author_id) VALUES (856, 1026);
INSERT INTO book_author (book_id, author_id) VALUES (856, 1027);
INSERT INTO book (book_id, title, subcategory_id, publisher_id, price, point, published_date, description, image_url) VALUES (857, '(비룡소)(전6권)내 인생 최악의 일주일 1-6번 세트', 29, 227, 75600, 840, '2025-11-05', '', 'https://image.aladin.co.kr/product/37761/75/cover200/scm710621419227.jpg');
INSERT INTO author (author_id, name) VALUES (1028, '스케치북');
INSERT INTO book_author (book_id, author_id) VALUES (857, 1028);
INSERT INTO book (book_id, title, subcategory_id, publisher_id, price, point, published_date, description, image_url) VALUES (858, '(돌핀북)(전3권)채사장의 지대넓얕 13+14+15번 세트', 29, 227, 40500, 450, '2025-11-19', '', 'https://image.aladin.co.kr/product/37761/74/cover200/scm710621419215.jpg');
INSERT INTO book_author (book_id, author_id) VALUES (858, 1028);
INSERT INTO book (book_id, title, subcategory_id, publisher_id, price, point, published_date, description, image_url) VALUES (859, '(돌핀북)(전5권)채사장의 지대넓얕 11-15번 세트', 29, 227, 67500, 750, '2025-11-19', '', 'https://image.aladin.co.kr/product/37761/74/cover200/scm710621419213.jpg');
INSERT INTO book_author (book_id, author_id) VALUES (859, 1028);
INSERT INTO book (book_id, title, subcategory_id, publisher_id, price, point, published_date, description, image_url) VALUES (860, '(돌핀북)(전15권)채사장의 지대넓얕 1-15번 세트', 29, 227, 200700, 2230, '2025-11-19', '', 'https://image.aladin.co.kr/product/37761/74/cover200/scm710621419212.jpg');
INSERT INTO book_author (book_id, author_id) VALUES (860, 1028);
INSERT INTO book (book_id, title, subcategory_id, publisher_id, price, point, published_date, description, image_url) VALUES (861, '(베틀북)(전2권)몬스터 해결사 덤불 백작 1+2번 세트', 29, 227, 21600, 240, '2025-11-05', '', 'https://image.aladin.co.kr/product/37761/74/cover200/scm710621419211.jpg');
INSERT INTO book_author (book_id, author_id) VALUES (861, 1028);
INSERT INTO book (book_id, title, subcategory_id, publisher_id, price, point, published_date, description, image_url) VALUES (862, '(단꿈아이)(전8권)설민석의 우리 고전 대모험 1-8번 세트', 29, 227, 108000, 1200, '2025-11-17', '', 'https://image.aladin.co.kr/product/37761/74/cover200/scm710621419210.jpg');
INSERT INTO book_author (book_id, author_id) VALUES (862, 1028);
INSERT INTO book (book_id, title, subcategory_id, publisher_id, price, point, published_date, description, image_url) VALUES (863, '(와이즈만BOOKs)(전3권)과학사를 알면 과학이 재밌어 1+2+3번 세트', 29, 227, 45900, 510, '2025-11-15', '', 'https://image.aladin.co.kr/product/37761/74/cover200/scm710621419209.jpg');
INSERT INTO book_author (book_id, author_id) VALUES (863, 1028);
INSERT INTO book (book_id, title, subcategory_id, publisher_id, price, point, published_date, description, image_url) VALUES (864, '(샌드박스스토리 키즈)(전5권)백앤아 고 고 캐치 고 바니몽 1-5번 세트', 29, 227, 67500, 750, '2025-11-05', '', 'https://image.aladin.co.kr/product/37761/74/cover200/scm710621419208.jpg');
INSERT INTO book_author (book_id, author_id) VALUES (864, 1028);
INSERT INTO book (book_id, title, subcategory_id, publisher_id, price, point, published_date, description, image_url) VALUES (865, '(미래엔아이세움)(전6권)흔한남매 수수께끼 어드벤처 1-6번 세트', 29, 227, 79020, 870, '2025-11-13', '', 'https://image.aladin.co.kr/product/37761/74/cover200/scm710621419206.jpg');
INSERT INTO book_author (book_id, author_id) VALUES (865, 1028);
INSERT INTO book (book_id, title, subcategory_id, publisher_id, price, point, published_date, description, image_url) VALUES (866, '(아울북)(전8권)Go Go 카카오프렌즈 31-38번 세트', 29, 227, 121050, 1340, '2025-11-12', '', 'https://image.aladin.co.kr/product/37761/74/cover200/scm710621419194.jpg');
INSERT INTO book_author (book_id, author_id) VALUES (866, 1028);
INSERT INTO book (book_id, title, subcategory_id, publisher_id, price, point, published_date, description, image_url) VALUES (867, '(아울북)(전4권)빨간내복야코 어린이 상식 : 이거 모르면 지구인 아님 1-4번 세트', 29, 227, 60570, 670, '2025-11-05', '', 'https://image.aladin.co.kr/product/37761/74/cover200/scm710621419189.jpg');
INSERT INTO book_author (book_id, author_id) VALUES (867, 1028);
INSERT INTO book (book_id, title, subcategory_id, publisher_id, price, point, published_date, description, image_url) VALUES (868, '(아울북)(전2권)유현준의 세계 건축 대모험 1+2번 세트', 29, 227, 30330, 330, '2025-11-12', '', 'https://image.aladin.co.kr/product/37761/74/cover200/scm710621419188.jpg');
INSERT INTO book_author (book_id, author_id) VALUES (868, 1028);
INSERT INTO book (book_id, title, subcategory_id, publisher_id, price, point, published_date, description, image_url) VALUES (869, '(주니어김영사)(전3권)탁주쪼꼬의 과학 레벨 업 1+2+3번 세트', 29, 227, 40500, 450, '2025-11-03', '', 'https://image.aladin.co.kr/product/37761/74/cover200/scm710621419187.jpg');
INSERT INTO book_author (book_id, author_id) VALUES (869, 1028);
INSERT INTO book (book_id, title, subcategory_id, publisher_id, price, point, published_date, description, image_url) VALUES (870, '(시공주니어)(전5권)코드네임 X 렛츠런 1-5번 세트', 29, 227, 67500, 750, '2025-10-31', '', 'https://image.aladin.co.kr/product/37761/73/cover200/scm710621419186.jpg');
INSERT INTO book_author (book_id, author_id) VALUES (870, 1028);
INSERT INTO book (book_id, title, subcategory_id, publisher_id, price, point, published_date, description, image_url) VALUES (871, '(아울북)(전3권)벌거벗은 세계사 퀴즈 탐험대 1+2+3번 세트', 29, 227, 39960, 440, '2025-11-11', '', 'https://image.aladin.co.kr/product/37761/73/cover200/scm710621419185.jpg');
INSERT INTO book_author (book_id, author_id) VALUES (871, 1028);
INSERT INTO book (book_id, title, subcategory_id, publisher_id, price, point, published_date, description, image_url) VALUES (872, '(대원키즈)(전3권)집사TV 베드왕국의 잡일 용사 1+2+3번 세트', 29, 227, 42660, 470, '2025-11-13', '', 'https://image.aladin.co.kr/product/37761/73/cover200/scm710621419183.jpg');
INSERT INTO book_author (book_id, author_id) VALUES (872, 1028);
INSERT INTO book (book_id, title, subcategory_id, publisher_id, price, point, published_date, description, image_url) VALUES (873, '(블루래빗)(전8권)두뇌 톡톡 첫 실사 워크북 A+B 세트', 29, 227, 38880, 430, '2025-11-01', '', 'https://image.aladin.co.kr/product/37761/73/cover200/scm710621419181.jpg');
INSERT INTO book_author (book_id, author_id) VALUES (873, 1028);
INSERT INTO book (book_id, title, subcategory_id, publisher_id, price, point, published_date, description, image_url) VALUES (874, '(다산북스)(전3권)운빨용병단 1+2+3번 세트', 29, 227, 40500, 450, '2025-11-12', '', 'https://image.aladin.co.kr/product/37761/73/cover200/scm710621419180.jpg');
INSERT INTO book_author (book_id, author_id) VALUES (874, 1028);
INSERT INTO book (book_id, title, subcategory_id, publisher_id, price, point, published_date, description, image_url) VALUES (875, '(블루래빗)(전4권)콩콩 스티커 스탬프 세트(바다동물/야생동물/반려동물/공룡)', 29, 227, 71280, 790, '2025-11-01', '', 'https://image.aladin.co.kr/product/37761/73/cover200/scm710621419168.jpg');
INSERT INTO book_author (book_id, author_id) VALUES (875, 1028);
INSERT INTO publisher (publisher_id, name) VALUES (444, '아우내');
INSERT INTO book (book_id, title, subcategory_id, publisher_id, price, point, published_date, description, image_url) VALUES (876, '[단한권] 지하수 고갈이 불러올 대 재앙', 11, 444, 25000, 1250, '2025-11-04', '우리가 매일 마주하지만 의식하지 못한 ‘지하의 물’이 지구의 균형을 어떻게 뒤흔드는지를 치밀하게 파헤친다. 저자 남상민은 지하수를 단순한 수자원이 아닌, 지구의 순환 체계와 물리적 질서를 지탱하는 ‘보이지 않는 혈류’로 바라본다.', 'https://image.aladin.co.kr/product/37746/30/cover200/k572033265_1.jpg');
INSERT INTO author (author_id, name) VALUES (1029, '남상민');
INSERT INTO book_author (book_id, author_id) VALUES (876, 1029);
INSERT INTO book (book_id, title, subcategory_id, publisher_id, price, point, published_date, description, image_url) VALUES (877, '[단한권] 종교와 과학의 통일', 12, 444, 20000, 1000, '2025-11-04', '인류 지성의 두 거대한 축-종교와 과학-이 서로 다른 언어로 말해온 진리를 하나의 세계관 속에서 통합하려는 철학적 시도다. 저자 민병수는 고대 그리스의 철학에서부터 현대의 양자물리학, 그리고 인공지능 시대의 윤리 문제에 이르기까지, 인간이 ‘진리’를 탐구해온 모든 여정을 교차시켜 서술한다.', 'https://image.aladin.co.kr/product/37746/27/cover200/k672033265_1.jpg');
INSERT INTO author (author_id, name) VALUES (1030, '민병수');
INSERT INTO book_author (book_id, author_id) VALUES (877, 1030);
INSERT INTO book (book_id, title, subcategory_id, publisher_id, price, point, published_date, description, image_url) VALUES (878, '[단한권] 절제와 겸손의 미학 : 몸을 다스리는 영혼의 힘', 18, 444, 25000, 1250, '2025-11-04', '"억압으로서의 절제"라는 오해를 넘어, 스스로를 주체적으로 선택하고 다스리는 능력으로서의 절제를 새롭게 해석한다. 저자 이진태는 프롤로그에서 현대인이 욕망의 가속도에 휘말릴수록 관계가 얕아지고 자아가 공허해지는 역설을 짚어낸 뒤, 절제와 겸손이야말로 자유와 품격을 회복하는 가장 현실적인 기술이라고 단언한다.', 'https://image.aladin.co.kr/product/37746/25/cover200/k282033263_1.jpg');
INSERT INTO author (author_id, name) VALUES (1031, '이진태');
INSERT INTO book_author (book_id, author_id) VALUES (878, 1031);
INSERT INTO book (book_id, title, subcategory_id, publisher_id, price, point, published_date, description, image_url) VALUES (879, '[단한권] 이타적 우주론: 존재의 이유에 관한 철학적 탐구', 12, 444, 25000, 1250, '2025-11-04', '우리는 왜 서로를 돕는가? 『이타적 우주론』은 이 물음에서 출발해, 동물의 연민부터 인간 문명의 미래까지-이타성이 존재의 근본 원리임을 입체적으로 증명하는 철학적 탐구서다. 저자는 생물학·신경과학·물리학·정보이론을 가로지르며 "나는 혼자가 아니라 타자를 통해 존재한다"는 관점을 펼친다.', 'https://image.aladin.co.kr/product/37746/21/cover200/k592033261_1.jpg');
INSERT INTO author (author_id, name) VALUES (1032, '윤송석');
INSERT INTO book_author (book_id, author_id) VALUES (879, 1032);
INSERT INTO book (book_id, title, subcategory_id, publisher_id, price, point, published_date, description, image_url) VALUES (880, '[단한권] 위기의 유엔: 인류 평화의 이상은 아직 유효한가', 17, 444, 23000, 1150, '2025-11-04', '유엔은 전쟁의 폐허 위에서 태어났다. 그러나 80년 가까운 세월 동안, 평화의 약속은 왜 이렇게 자주 좌절되었을까? 『위기의 유엔 ― 인류 평화의 이상은 아직 유효한가』는 "유엔은 실패했는가, 아니면 아직 완성되지 않은 약속인가"라는 물음으로 시작해, 유엔의 탄생 배경부터 오늘의 구조적 한계, 그리고 다가올 국제질서의 재편까지를 입체적으로 추적한다.', 'https://image.aladin.co.kr/product/37746/17/cover200/k602033261_1.jpg');
INSERT INTO author (author_id, name) VALUES (1033, '문상희');
INSERT INTO book_author (book_id, author_id) VALUES (880, 1033);
INSERT INTO book (book_id, title, subcategory_id, publisher_id, price, point, published_date, description, image_url) VALUES (881, '[단한권] 식물에도 마음이 있는가', 12, 444, 25000, 1250, '2025-11-04', '인간의 마음은 정말로 인간만의 것일까? 『식물에도 마음이 있는가』는 오래된 이 질문을 철학과 과학의 경계에서 새롭게 묻는다. 저자 정의탁은 스피노자, 하이데거, 메를로퐁티 등 주요 사상가들의 논의를 촘촘히 검토하면서, 식물을 “자극에 반사하는 물질”이 아니라 “감응하고 소통하는 존재”로 재배치한다.', 'https://image.aladin.co.kr/product/37746/15/cover200/k912033265_1.jpg');
INSERT INTO author (author_id, name) VALUES (1034, '정의탁');
INSERT INTO book_author (book_id, author_id) VALUES (881, 1034);
INSERT INTO book (book_id, title, subcategory_id, publisher_id, price, point, published_date, description, image_url) VALUES (882, '[단한권] 성(性), 인간의 품격 - 욕망을 넘어 사랑으로', 12, 444, 25000, 1250, '2025-11-04', '쾌락이 일상을 지배하는 시대, 우리는 왜 ‘사랑’을 다시 배워야 할까? 『성(性), 인간의 품격 - 욕망을 넘어 사랑으로』는 성을 본능이나 기술이 아닌 ‘인격의 언어’로 다시 세우는 책이다. 저자는 청소년부터 성인 독자까지 폭넓은 독자를 염두에 두고, 몸과 마음, 관계와 책임을 입체적으로 탐구한다.', 'https://image.aladin.co.kr/product/37746/13/cover200/k712033265_1.jpg');
INSERT INTO book_author (book_id, author_id) VALUES (882, 1031);
INSERT INTO book (book_id, title, subcategory_id, publisher_id, price, point, published_date, description, image_url) VALUES (883, '[단한권] 생명, 성의 가장 아름다운 결과 - 사랑이 낳는 경이로움', 18, 444, 25000, 1250, '2025-11-04', '사랑이 없었다면 생명도 없다 - 저자는 이 단순한 진실에서 출발해, 성(性)·사랑·생명이 어떻게 서로를 비추며 인간다움의 근간을 세우는지 깊고도 따뜻하게 풀어낸다. 『생명, 성의 가장 아름다운 결과 - 사랑이 낳는 경이로움』은 성을 일시적 쾌락의 도구로 좁히는 현대의 분위기 속에서, 사랑을 통해 잉태되고 책임으로 성숙하는 생명의 의미를 다시 묻는다.', 'https://image.aladin.co.kr/product/37746/11/cover200/k272033266_1.jpg');
INSERT INTO book_author (book_id, author_id) VALUES (883, 1031);
INSERT INTO book (book_id, title, subcategory_id, publisher_id, price, point, published_date, description, image_url) VALUES (884, '[단한권] 사랑의 시작, 몸의 약속 - 성이 말하는 진짜 사랑', 18, 444, 25000, 1250, '2025-10-22', '청소년기의 사랑과 성을 어떻게 이해하고 선택해야 하는지에 대한 친절하고 설득력 있는 안내서. 『사랑의 시작, 몸의 약속 - 성이 말하는 진짜 사랑』은 ‘좋아함’과 ‘사랑함’의 차이에서 출발해, 감정이 관계로 성숙해 가는 과정과 그 과정에서 필연적으로 요구되는 존중·책임·헌신을 깊이 있게 풀어낸다.', 'https://image.aladin.co.kr/product/37746/9/cover200/k002033266_1.jpg');
INSERT INTO author (author_id, name) VALUES (1035, '강대구');
INSERT INTO book_author (book_id, author_id) VALUES (884, 1035);
INSERT INTO book (book_id, title, subcategory_id, publisher_id, price, point, published_date, description, image_url) VALUES (885, '[단한권] 본심의 잠에서 깨어나라', 12, 444, 20000, 1000, '2025-11-04', '우리는 매일 ‘원하는 것’과 ‘정말 원하는 것’ 사이에서 흔들린다. 소셜 미디어의 비교, 끝없는 성취의 압박, 눈앞의 쾌락과 불안 사이에서 방향을 잃기 쉬운 오늘, 《본심의 잠에서 깨어나라》는 그 흔들림의 근원을 ‘욕망’과 ‘본심’의 관계에서 정면으로 응시한다.', 'https://image.aladin.co.kr/product/37746/6/cover200/k532033265_1.jpg');
INSERT INTO book_author (book_id, author_id) VALUES (885, 1032);
INSERT INTO book (book_id, title, subcategory_id, publisher_id, price, point, published_date, description, image_url) VALUES (886, '[단한권] 가정, 사랑의 완성 - 성이 만드는 또 하나의 왕국', 17, 444, 25000, 1250, '2025-11-04', '사랑이 개인의 감정을 넘어 관계와 공동체로 확장되는 과정을 깊이 있게 탐구한다. 저자 이진태는 사랑이 가정으로 이어지는 자연스러운 길이자, 인간이 사회와 문명 속에서 품격을 지켜가는 근원임을 설득력 있게 제시한다.', 'https://image.aladin.co.kr/product/37746/2/cover200/k862033264_1.jpg');
INSERT INTO book_author (book_id, author_id) VALUES (886, 1031);
INSERT INTO book (book_id, title, subcategory_id, publisher_id, price, point, published_date, description, image_url) VALUES (887, '[단한권] 문명의 구원: 사랑의 질서로 재건되는 인간 세계', 12, 444, 25000, 1250, '2025-11-01', '현대 문명은 눈부신 기술과 경제의 성장으로 번영하는 듯 보이지만, 그 이면에는 사랑과 헌신의 결핍이 놓여 있다. 『문명의 구원』은 이 결핍이 개인의 내면을 황폐화시키고 가정과 공동체를 해체하며, 사회 전체의 신뢰와 연대를 약화시키는 과정을 촘촘히 추적한다.', 'https://image.aladin.co.kr/product/37745/99/cover200/k322033261_1.jpg');
INSERT INTO author (author_id, name) VALUES (1036, '문상호');
INSERT INTO book_author (book_id, author_id) VALUES (887, 1036);
INSERT INTO book (book_id, title, subcategory_id, publisher_id, price, point, published_date, description, image_url) VALUES (888, '[다봄] 4-7세 추천 감정그림책: 화가 나면 열을 세어봐+나는 어떤 아이일까+내가 말할 차례야 세트 (전 3권) - 유아감정동화,유아창작그림책,유아창작동화,어린이감정그림책', 29, 136, 37800, 420, '2025-11-10', '', 'https://image.aladin.co.kr/product/37745/65/cover200/scm13273415970.jpg');
INSERT INTO book_author (book_id, author_id) VALUES (888, 322);
INSERT INTO book (book_id, title, subcategory_id, publisher_id, price, point, published_date, description, image_url) VALUES (889, '[단꿈아이] 설민석의 우리 고전 대모험 1-8권 세트 (전 8권) - 설민석쌤,우리고전대모험,설쌤우리역사,우리나라고전이야기', 29, 276, 108000, 1200, '2025-11-17', '', 'https://image.aladin.co.kr/product/37745/63/cover200/scm13273415962.jpg');
INSERT INTO book_author (book_id, author_id) VALUES (889, 623);
INSERT INTO publisher (publisher_id, name) VALUES (445, '보험연구원');
INSERT INTO book (book_id, title, subcategory_id, publisher_id, price, point, published_date, description, image_url) VALUES (890, '인지취약자 지원 신탁 현황과 개선 방향 - 연구보고서 2025.10', 14, 445, 10000, 300, '2025-08-31', '', 'https://image.aladin.co.kr/product/37733/66/cover200/k102033361_1.jpg');
INSERT INTO author (author_id, name) VALUES (1037, '이은영');
INSERT INTO author (author_id, name) VALUES (1038, '강윤지');
INSERT INTO book_author (book_id, author_id) VALUES (890, 1037);
INSERT INTO book_author (book_id, author_id) VALUES (890, 1038);
INSERT INTO publisher (publisher_id, name) VALUES (446, '대성의학사');
INSERT INTO book (book_id, title, subcategory_id, publisher_id, price, point, published_date, description, image_url) VALUES (891, '러닝 - 생체역학과 운동생리학적 접근', 14, 446, 48000, 1440, '2025-11-07', '', 'https://image.aladin.co.kr/product/37733/63/cover200/k162033361_1.jpg');
INSERT INTO author (author_id, name) VALUES (1039, '프란스 보쉬');
INSERT INTO author (author_id, name) VALUES (1040, '로날드 클롬프');
INSERT INTO author (author_id, name) VALUES (1041, '장은욱');
INSERT INTO translator (translator_id, name) VALUES (98, '성종훈');
INSERT INTO book_author (book_id, author_id) VALUES (891, 1039);
INSERT INTO book_author (book_id, author_id) VALUES (891, 1040);
INSERT INTO book_author (book_id, author_id) VALUES (891, 1041);
INSERT INTO book_translator (book_id, translator_id) VALUES (891, 98);
INSERT INTO publisher (publisher_id, name) VALUES (447, '제이앤엘커뮤니케이션즈(잡지)');
INSERT INTO book (book_id, title, subcategory_id, publisher_id, price, point, published_date, description, image_url) VALUES (892, '뚜르드몽드 Tour de Monde 2025.11', 22, 447, 9310, 90, '2025-11-14', '', 'https://image.aladin.co.kr/product/37733/47/cover200/k152033361_1.jpg');
INSERT INTO author (author_id, name) VALUES (1042, '뚜르드몽드 편집부');
INSERT INTO book_author (book_id, author_id) VALUES (892, 1042);
INSERT INTO publisher (publisher_id, name) VALUES (448, '역사인');
INSERT INTO book (book_id, title, subcategory_id, publisher_id, price, point, published_date, description, image_url) VALUES (893, '오늘의 제주, 역사로 묻고 답하다', 5, 448, 23400, 1300, '2025-10-31', '제주의 오늘을 만든 과거와, 그 유산이 내일로 이어지는 길을 살핀다. 이 책은 ‘탐라’, ‘귤의 고장’, ‘말의 고장’, ‘삼다도’ 등 수많은 별칭에 깃든 제주의 정체성을 열쇳말로 삼아, 그 연원과 변천, 그리고 지금의 삶 속에서 되살아나는 역사·문화적 풍경을 따라간다.', 'https://image.aladin.co.kr/product/37733/25/cover200/k032033361_1.jpg');
INSERT INTO book_author (book_id, author_id) VALUES (893, 340);
INSERT INTO publisher (publisher_id, name) VALUES (449, '소야');
INSERT INTO book (book_id, title, subcategory_id, publisher_id, price, point, published_date, description, image_url) VALUES (894, '문득 엄마가 보인다', 6, 449, 11700, 650, '2025-11-14', '강원도 깊은 산골에서 시를 배우며 인생을 갈무리해가고 있는 열 아홉명의 시인들이 펴낸 시집이다. 인생의 노년에 시를 만나고, 시를 통해 자신의 삶을 제대로 되짚어 가는 여정을 걸어가고 있는 시인들의 시 56편이 꼭꼭 눌러져 있다.', 'https://image.aladin.co.kr/product/37733/16/cover200/8994706992_1.jpg');
INSERT INTO author (author_id, name) VALUES (1043, '김종봉 외 18인');
INSERT INTO book_author (book_id, author_id) VALUES (894, 1043);
INSERT INTO publisher (publisher_id, name) VALUES (450, '힘찬북스(HCbooks)');
INSERT INTO book (book_id, title, subcategory_id, publisher_id, price, point, published_date, description, image_url) VALUES (895, '태도는 카피가 안 된다 - AI시대, 당신만의 진짜 경쟁력', 20, 450, 15120, 840, '2025-11-21', 'AI가 기술을 대체하는 시대, 《태도는 카피가 안 된다》는 ‘일 잘하는 사람’보다 ‘함께 일하고 싶은 사람’으로 성장하기 위한 진짜 태도의 힘을 말한다. 마지막까지 남는 경쟁력은 태도다.', 'https://image.aladin.co.kr/product/37733/8/cover200/k022033361_1.jpg');
INSERT INTO author (author_id, name) VALUES (1044, '김을호');
INSERT INTO book_author (book_id, author_id) VALUES (895, 1044);
INSERT INTO publisher (publisher_id, name) VALUES (451, '도서출판 위');
INSERT INTO book (book_id, title, subcategory_id, publisher_id, price, point, published_date, description, image_url) VALUES (896, '교육! 이게 뮙니까? - 35년의 빛바랜 교무수첩에서', 17, 451, 18000, 1000, '2025-11-20', '', 'https://image.aladin.co.kr/product/37733/1/cover200/k092033361_1.jpg');
INSERT INTO author (author_id, name) VALUES (1045, '김창학');
INSERT INTO book_author (book_id, author_id) VALUES (896, 1045);
INSERT INTO publisher (publisher_id, name) VALUES (452, '한국산문');
INSERT INTO book (book_id, title, subcategory_id, publisher_id, price, point, published_date, description, image_url) VALUES (897, '시간의 길', 9, 452, 14400, 800, '2025-11-14', '2006년에 수필가로 등단한 작가의 첫 번째 수필집이다. 첫 책이니만큼 꾸미지 않은 진솔하고 묵은 이야기가 진한 감동을 준다. 실향민인 부모님이 남한에 정착하기 위해 고군분투한 이야기, 금융인 남편을 따라 오랜 기간 해외 생활을 하며 겪은 이야기는 생래적으로 디아스포라의 마음을 담고 있다.', 'https://image.aladin.co.kr/product/37732/96/cover200/k062033361_2.jpg');
INSERT INTO author (author_id, name) VALUES (1046, '이마리나');
INSERT INTO book_author (book_id, author_id) VALUES (897, 1046);
INSERT INTO publisher (publisher_id, name) VALUES (453, '북바이북');
INSERT INTO book (book_id, title, subcategory_id, publisher_id, price, point, published_date, description, image_url) VALUES (898, '독서를 영업합니다 - 온라인서점 MD의 읽고 파는 이야기', 12, 453, 16200, 900, '2025-11-18', '교보문고 소설 MD이자 e커머스영업1파트장인 구환회가 자신의 직무와 책을 둘러싼 다양한 이야기를 담았다. 출판 편집자, 영업자, 마케터, MD 지망생 그리고 책과 관련한 여러 활동에 참여하는 적극적인 독자도 귀 기울일 만한 내용이다.', 'https://image.aladin.co.kr/product/37732/92/cover200/k942033361_1.jpg');
INSERT INTO author (author_id, name) VALUES (1047, '구환회');
INSERT INTO book_author (book_id, author_id) VALUES (898, 1047);
INSERT INTO book (book_id, title, subcategory_id, publisher_id, price, point, published_date, description, image_url) VALUES (899, '초판본 사람은 무엇으로 사는가 (톨스토이 단편선) - 1888년 오리지널 초판본 표지디자인', 6, 35, 12420, 690, '2025-11-30', '톨스토이의 대표적인 도덕·신앙 단편들을 모은 《사람은 무엇으로 사는가》가 출간되었다. 표제작 〈사람은 무엇으로 사는가〉는 신의 명을 어기고 인간 세상에 내려온 천사가 ‘인간을 살게 하는 것’이 무엇인지 깨닫는 이야기로, 인간의 본질을 탐구하는 철학적 우화다.', 'https://image.aladin.co.kr/product/37732/91/cover200/k932033361_1.jpg');
INSERT INTO book_author (book_id, author_id) VALUES (899, 34);
INSERT INTO book_translator (book_id, translator_id) VALUES (899, 7);
INSERT INTO publisher (publisher_id, name) VALUES (454, '제이플러스');
INSERT INTO book (book_id, title, subcategory_id, publisher_id, price, point, published_date, description, image_url) VALUES (900, '똑똑한 한글떼기 어휘·쓰기 2 : 학교생활 어휘편 - 어휘력 키우고 쓰기 자신감도 쑥쑥! 놀이 학습으로 재미있게 배워요', 13, 454, 14850, 820, '2025-12-15', '개정 교육과정을 반영하여 자기주도 학습과 문해력 향상을 돕기 위해, 반복 활동과 흥미로운 내용으로 한글을 자연스럽게 익히도록 설계되었다. 초등학교 교과목 수업에서 자주 쓰이는 기본 어휘와 생활 속 어휘들을 단계별로 학습하고 쓰기까지 습관이 될 수 있도록 구성하였다.', 'https://image.aladin.co.kr/product/37732/87/cover200/k902033361_1.jpg');
INSERT INTO author (author_id, name) VALUES (1048, '권미경');
INSERT INTO book_author (book_id, author_id) VALUES (900, 1048);
INSERT INTO publisher (publisher_id, name) VALUES (455, '인물과사상사');
INSERT INTO book (book_id, title, subcategory_id, publisher_id, price, point, published_date, description, image_url) VALUES (901, '캘리포니아 디아스포라 - 이민 선조들의 나라찾기 이야기', 5, 455, 19800, 1100, '2025-11-27', '미국 캘리포니아 센트럴 밸리에 정착한 초기 한인 이민자들의 삶과 독립운동 역사를 본격적으로 복원한 연구서다. 저자 차만재는 1903년부터 프레즈노, 핸포드, 바이셀리아, 다뉴바, 리들리 일대에서 형성된 한인 공동체를 중심으로, 이름 없이 사라져가던 이들의 노동, 정착, 신앙, 연대의 역사를 생생하게 재현한다.', 'https://image.aladin.co.kr/product/37732/85/cover200/8959068187_1.jpg');
INSERT INTO author (author_id, name) VALUES (1049, '차만재');
INSERT INTO translator (translator_id, name) VALUES (99, '김문섭');
INSERT INTO book_author (book_id, author_id) VALUES (901, 1049);
INSERT INTO book_translator (book_id, translator_id) VALUES (901, 99);
INSERT INTO publisher (publisher_id, name) VALUES (456, '푸른고래');
INSERT INTO book (book_id, title, subcategory_id, publisher_id, price, point, published_date, description, image_url) VALUES (902, '해양과 문학 2025 제31호', 6, 456, 13500, 150, '2025-11-07', '시·수필·소설·동시와 함께 ‘해양 문해력’ 특집을 담아 바다 읽기의 중요성을 짚고, 국내외 해양 정책 흐름과 해양소양의 의미를 전하는 『해양과문학』 제31호다. 해양 교육과 문화 확장을 바라며 바다의 가치와 매력을 새롭게 환기한다.', 'https://image.aladin.co.kr/product/37732/83/cover200/k972033361_1.jpg');
INSERT INTO author (author_id, name) VALUES (1050, '해양과문학 편집부');
INSERT INTO book_author (book_id, author_id) VALUES (902, 1050);
INSERT INTO publisher (publisher_id, name) VALUES (457, '황금부엉이');
INSERT INTO book (book_id, title, subcategory_id, publisher_id, price, point, published_date, description, image_url) VALUES (903, '부의 이동 트렌드 2026 - 투자와 소비의 기준을 바꿀', 4, 457, 17550, 970, '2025-11-26', '긱워커·디지털 화폐·리세일·부의 양극화·렌트 리스크·AI·에너지 비용·관세·저성장·저출생 고령화까지 새로운 경제 질서가 될 10가지 키워드를 통해, 선점 가능한 부의 기회를 제시한다.', 'https://image.aladin.co.kr/product/37732/79/cover200/8960306541_1.jpg');
INSERT INTO author (author_id, name) VALUES (1051, '손희애');
INSERT INTO book_author (book_id, author_id) VALUES (903, 1051);
INSERT INTO book (book_id, title, subcategory_id, publisher_id, price, point, published_date, description, image_url) VALUES (904, '세바스천 리더십', 12, 451, 18000, 1000, '2025-10-27', '당 태종 이세민, 칭기즈칸, 율리우스 카이사르, 한니발 바르카, 오다 노부나가, 아미르 티무르, 삼봉 정도전 등 일곱 명의 위대한 천재들을 중심으로, 그들이 어떻게 조직을 이끌고 세상을 바꾸었는지를 냉철하게 분석한다.', 'https://image.aladin.co.kr/product/37732/78/cover200/k952033361_1.jpg');
INSERT INTO author (author_id, name) VALUES (1052, '나상훈');
INSERT INTO book_author (book_id, author_id) VALUES (904, 1052);
INSERT INTO publisher (publisher_id, name) VALUES (458, '매일경제신문사');
INSERT INTO book (book_id, title, subcategory_id, publisher_id, price, point, published_date, description, image_url) VALUES (905, '한국 주식 슈퍼사이클 - 지금, 한국을 사야 하는 결정적 이유', 4, 458, 18900, 1050, '2025-11-30', '부동산은 더는 모두에게 열려 있는 부의 사다리가 아니다. 반면 주식시장은 다르다. 적은 자본으로도 시작할 수 있고, 정보 접근성도 높다. 누구나 참여할 수 있는 열린 자산이다. 《한국 주식 슈퍼사이클》은 이 변화를 일시적 유행이 아닌 ‘거주용 자산에서 투자 자산으로의 대전환’으로 해석한다.', 'https://image.aladin.co.kr/product/37732/67/cover200/k842033360_1.jpg');
INSERT INTO author (author_id, name) VALUES (1053, '신동국');
INSERT INTO book_author (book_id, author_id) VALUES (905, 1053);
INSERT INTO publisher (publisher_id, name) VALUES (459, '더메이커');