INSERT INTO book (book_id, title, subcategory_id, publisher_id, price, point, published_date, description, image_url) VALUES (906, '원장으로 살아간다는 것 - 흔들림 속에서도 학원의 하루를 지켜온 30년 원장의 기록', 9, 459, 16650, 920, '2025-12-05', '흔들림 속에서도 학원의 하루하루를 지켜온 한 원장의 30년 기록을 담았다. 30여 년 동안 학원을 운영하며 마주한 고민과 성장의 순간들을 솔직하게 풀어낸다. 화려한 성공 비법이나 경영 전략이 아닌, 아이 한 명의 변화, 부모 한 사람의 신뢰, 선생님 한 명의 성장이 학원을 어떻게 단단하게 세우는가를 이야기한다.', 'https://image.aladin.co.kr/product/37732/65/cover200/k832033360_1.jpg');
INSERT INTO author (author_id, name) VALUES (1054, '정윤정');
INSERT INTO book_author (book_id, author_id) VALUES (906, 1054);
INSERT INTO publisher (publisher_id, name) VALUES (460, '하빌리스');
INSERT INTO book (book_id, title, subcategory_id, publisher_id, price, point, published_date, description, image_url) VALUES (907, '[세트] 국보 : 상·하 세트 - 전2권', 6, 460, 32400, 1800, '2025-11-21', '', 'https://image.aladin.co.kr/product/37732/61/cover200/k822033360_01.jpg');
INSERT INTO translator (translator_id, name) VALUES (100, '김진환');
INSERT INTO book_author (book_id, author_id) VALUES (907, 873);
INSERT INTO book_translator (book_id, translator_id) VALUES (907, 100);
INSERT INTO book (book_id, title, subcategory_id, publisher_id, price, point, published_date, description, image_url) VALUES (908, 'GO GO 카카오프렌즈 31-38 세트 전8권 [아울북]', 29, 97, 121050, 1340, '2025-11-12', '', 'https://image.aladin.co.kr/product/37732/61/cover200/scm22963426796.jpg');
INSERT INTO author (author_id, name) VALUES (1055, '김미영');
INSERT INTO book_author (book_id, author_id) VALUES (908, 1055);
INSERT INTO publisher (publisher_id, name) VALUES (461, '예문아카이브');
INSERT INTO book (book_id, title, subcategory_id, publisher_id, price, point, published_date, description, image_url) VALUES (909, '쌀 밥 한상 - 바쁜 현대인들에게 건네는 따뜻한 한 끼의 위로', 28, 461, 15120, 840, '2025-11-20', '', 'https://image.aladin.co.kr/product/37732/55/cover200/k892033360_1.jpg');
INSERT INTO author (author_id, name) VALUES (1056, '차윤환');
INSERT INTO book_author (book_id, author_id) VALUES (909, 1056);
INSERT INTO book (book_id, title, subcategory_id, publisher_id, price, point, published_date, description, image_url) VALUES (910, '교육대기자 방종임의 초등 어휘·상식 일력 365 (스프링) - 고학년까지 꼭 알아야 할 / QR 영상과 함께하는 초등자녀 학습 비법 BIG 5 수록 / 어휘뿐만 아니라 사자성어, 초등 필수 상식까지 학습 가능', 27, 461, 19800, 1100, '2025-11-15', '유튜브 구독자 40만 명, 누적 조회 수 6,000만 뷰의 ‘교육대기자TV’ 방종임 교육전문가가 「교육대기자 방종임의 초등 어휘·상식 일력 365」를 출간했다. 이 책은 탁상 달력 형태로, 1월 1일부터 12월 31일까지 매일 새롭고 흥미로운 어휘를 만나볼 수 있다.', 'https://image.aladin.co.kr/product/37732/55/cover200/k882033360_2.jpg');
INSERT INTO author (author_id, name) VALUES (1057, '방종임');
INSERT INTO book_author (book_id, author_id) VALUES (910, 1057);
INSERT INTO publisher (publisher_id, name) VALUES (462, '달아실');
INSERT INTO book (book_id, title, subcategory_id, publisher_id, price, point, published_date, description, image_url) VALUES (911, '시라는 모종의 잔해', 6, 462, 9900, 550, '2025-11-21', '지금까지 조현정 시인이 보여준 시적 태도, 타자에 대한 측은지심을 유지하면서도 이전의 시집들과는 조금 결을 달리한다. 시인으로서의 정체성과 자신의 시 쓰기에 대한 고민과 사색 그리고 그에 따른 질문과 모종의 실험이 시집의 한 축을 이루고 있다.', 'https://image.aladin.co.kr/product/37732/54/cover200/k872033360_1.jpg');
INSERT INTO author (author_id, name) VALUES (1058, '조현정');
INSERT INTO book_author (book_id, author_id) VALUES (911, 1058);
INSERT INTO publisher (publisher_id, name) VALUES (463, '정다와');
INSERT INTO book (book_id, title, subcategory_id, publisher_id, price, point, published_date, description, image_url) VALUES (912, '사죄론(謝罪論) 사과는 어떻게 하는가', 12, 463, 19800, 1100, '2025-11-14', '사과를 언어철학·윤리학·법학·심리학·사회학을 넘나들며 탐구한 도쿄대 교수의 연구서를 국내 최초로 소개한다. 일본어와 영어의 다양한 사과 표현을 비교하고, 지하철 실수부터 의료사고와 국가 간 전쟁까지 폭넓은 사례로 사과의 층위와 조건을 분석한다.', 'https://image.aladin.co.kr/product/37732/47/cover200/8969910522_1.jpg');
INSERT INTO author (author_id, name) VALUES (1059, '후루타 테츠야');
INSERT INTO author (author_id, name) VALUES (1060, '김철용');
INSERT INTO translator (translator_id, name) VALUES (101, '정동명');
INSERT INTO book_author (book_id, author_id) VALUES (912, 1059);
INSERT INTO book_author (book_id, author_id) VALUES (912, 1060);
INSERT INTO book_translator (book_id, translator_id) VALUES (912, 101);
INSERT INTO publisher (publisher_id, name) VALUES (464, '해커스공무원');
INSERT INTO book (book_id, title, subcategory_id, publisher_id, price, point, published_date, description, image_url) VALUES (913, '2026 해커스공무원 이언담 교정학 법령집 (교정직 승진, 교정직 9급·7급 공채) - 교정직 승진, 교정직 9급·7급 공무원 시험 대비ㅣ최신 개정법령 반영ㅣ교정학 무료 특강 제공ㅣ합격예측 온라인 모의고사 응시권 제공', 3, 464, 26100, 290, '2026-01-02', '공무원 교정학 시험에 출제되는 중요 법령들의 내용을 쉽고 빠르게 반복학습할 수 있는 교재다. 최신 개정법령을 전면 반영하여 2026년 교정직 승진시험과 9, 7급 공채 시험을 대비할 수 있다. 법/시행령/시행규칙의 체계적 배치로 조문의 흐름을 쉽게 이해하는 효율적 구성이다.', 'https://image.aladin.co.kr/product/37732/45/cover200/k862033360_1.jpg');
INSERT INTO author (author_id, name) VALUES (1061, '이언담');
INSERT INTO book_author (book_id, author_id) VALUES (913, 1061);