-- Auto-generated SQL with filtering


INSERT INTO publisher (publisher_id, name) VALUES (1, '에이템포미디어');
INSERT INTO category (category_id, category_name) VALUES (1, '국내도서');
INSERT INTO subcategory (subcategory_id, category_id, subcategory_name) VALUES (1, 1, '만화');
INSERT INTO book (book_id, title, subcategory_id, publisher_id, price, point, published_date, description, image_url) VALUES (1, '픽미업 1', 1, 1, 14850, 820, '2025-11-06', '전 세계 1억 다운로드를 기록한 극악 난이도의 모바일 가챠 게임, 《픽 미 업!》. 이 게임의 세계 랭킹 5위 ‘마스터 오브 마스터’ 로키(본명 한서진)는 평소처럼 던전을 공략하다 정체불명의 Lv.999 버그 몬스터와 마주친 순간, 그만 정신을 잃고 만다. 눈을 떠 보니,《픽 미 업!》게임 속 최약체 1성 영웅 ‘한 이스라트’가 되어 있었는데?!', 'https://image.aladin.co.kr/product/37609/38/cover200/k842032742_1.jpg');
INSERT INTO author (author_id, name) VALUES (1, '헤르모드');
INSERT INTO author (author_id, name) VALUES (2, '와삭바삭 (그림)');
INSERT INTO translator (translator_id, name) VALUES (1, '최재호');
INSERT INTO author (author_id, name) VALUES (3, '조우네 (각색)');
INSERT INTO book_author (book_id, author_id) VALUES (1, 1);
INSERT INTO book_author (book_id, author_id) VALUES (1, 2);
INSERT INTO book_author (book_id, author_id) VALUES (1, 3);
INSERT INTO book_translator (book_id, translator_id) VALUES (1, 1);
INSERT INTO publisher (publisher_id, name) VALUES (2, '소보랩');
INSERT INTO subcategory (subcategory_id, category_id, subcategory_name) VALUES (2, 1, '예술/대중문화');
INSERT INTO book (book_id, title, subcategory_id, publisher_id, price, point, published_date, description, image_url) VALUES (2, '하울의 움직이는 성, 맨해튼을 걷다! - 애니메이션 속 건축물 현실화 프로젝트', 2, 2, 15300, 850, '2025-11-12', '스크린 속 경이로운 풍경을 감상하는 것을 넘어, 그 세계를 지탱하는 보이지 않는 설계를 파헤치는 지적 탐구서다. 가상의 공간에 숨겨진 현실 건축의 법칙과 아이디어를 밝혀내며, 독자에게 단순한 감상을 넘어선 새로운 시선으로 세계를 바라보는 관점을 선사한다.', 'https://image.aladin.co.kr/product/37609/35/cover200/k882032742_1.jpg');
INSERT INTO author (author_id, name) VALUES (4, 'NoMaDoS');
INSERT INTO author (author_id, name) VALUES (5, '요시카와 나오야 (그림)');
INSERT INTO translator (translator_id, name) VALUES (2, '서희경');
INSERT INTO book_author (book_id, author_id) VALUES (2, 4);
INSERT INTO book_author (book_id, author_id) VALUES (2, 5);
INSERT INTO book_translator (book_id, translator_id) VALUES (2, 2);
INSERT INTO publisher (publisher_id, name) VALUES (3, '듀오북스');
INSERT INTO subcategory (subcategory_id, category_id, subcategory_name) VALUES (3, 1, '수험서/자격증');
INSERT INTO book (book_id, title, subcategory_id, publisher_id, price, point, published_date, description, image_url) VALUES (3, '2026 전기기사·산업기사 필기 - 단기완성 CBT 완벽 대비', 3, 3, 34200, 1900, '2025-11-10', '', 'https://image.aladin.co.kr/product/37609/25/cover200/k892032742_1.jpg');
INSERT INTO author (author_id, name) VALUES (6, '대산전기수험연구원');
INSERT INTO book_author (book_id, author_id) VALUES (3, 6);
INSERT INTO publisher (publisher_id, name) VALUES (4, '에듀비');
INSERT INTO book (book_id, title, subcategory_id, publisher_id, price, point, published_date, description, image_url) VALUES (4, '2026 알기쉬운 변리사 생물 객관식 문제풀이 - 변리사 1차 시험 대비, 제2판', 3, 4, 45000, 1350, '2025-11-03', '', 'https://image.aladin.co.kr/product/37609/12/cover200/k852032742_1.jpg');
INSERT INTO author (author_id, name) VALUES (7, '김우진');
INSERT INTO book_author (book_id, author_id) VALUES (4, 7);
INSERT INTO publisher (publisher_id, name) VALUES (5, '이야기나무');
INSERT INTO subcategory (subcategory_id, category_id, subcategory_name) VALUES (4, 1, '경제경영');
INSERT INTO book (book_id, title, subcategory_id, publisher_id, price, point, published_date, description, image_url) VALUES (5, '숏폼력 : 숏폼 커머스 시장을 선점하라 - 숏폼 전도사가 알려주는 숏폼 커머스의 비밀', 4, 5, 18000, 1000, '2025-11-01', '', 'https://image.aladin.co.kr/product/37609/12/cover200/k722032742_1.jpg');
INSERT INTO author (author_id, name) VALUES (8, '윤승진');
INSERT INTO book_author (book_id, author_id) VALUES (5, 8);
INSERT INTO publisher (publisher_id, name) VALUES (6, '태학사');
INSERT INTO subcategory (subcategory_id, category_id, subcategory_name) VALUES (5, 1, '역사');
INSERT INTO book (book_id, title, subcategory_id, publisher_id, price, point, published_date, description, image_url) VALUES (6, '신정역주 이충무공전서 2 (보급판) - 이순신의 난중일기', 5, 6, 25200, 1400, '2025-11-05', '2023년 출간된 『신정역주 이충무공전서』(전4권 세트)의 무선 제본 보급판 중 두 번째 권으로, 1795년에 정조의 명으로 편찬된 『이충무공전서』 권5~권8의 내용을 담고 있다.', 'https://image.aladin.co.kr/product/37609/10/cover200/k712032742_1.jpg');
INSERT INTO author (author_id, name) VALUES (9, '이민웅');
INSERT INTO author (author_id, name) VALUES (10, '정진술');
INSERT INTO author (author_id, name) VALUES (11, '양진석');
INSERT INTO author (author_id, name) VALUES (12, '김경숙');
INSERT INTO author (author_id, name) VALUES (13, '노영구');
INSERT INTO author (author_id, name) VALUES (14, '이현진');
INSERT INTO author (author_id, name) VALUES (15, '김남기 (역주)');
INSERT INTO author (author_id, name) VALUES (16, '(재)석오문화재단');
INSERT INTO author (author_id, name) VALUES (17, '(사)서울여해재단 (기획)');
INSERT INTO book_author (book_id, author_id) VALUES (6, 9);
INSERT INTO book_author (book_id, author_id) VALUES (6, 10);
INSERT INTO book_author (book_id, author_id) VALUES (6, 11);
INSERT INTO book_author (book_id, author_id) VALUES (6, 12);
INSERT INTO book_author (book_id, author_id) VALUES (6, 13);
INSERT INTO book_author (book_id, author_id) VALUES (6, 14);
INSERT INTO book_author (book_id, author_id) VALUES (6, 15);
INSERT INTO book_author (book_id, author_id) VALUES (6, 16);
INSERT INTO book_author (book_id, author_id) VALUES (6, 17);
INSERT INTO book (book_id, title, subcategory_id, publisher_id, price, point, published_date, description, image_url) VALUES (7, '픽미업 1 (한정판) - 초판 한정 캐릭터카드 1종 + 글리픽 + 엽서 3종 + 북마크 2종', 1, 1, 32850, 1820, '2025-11-06', '', 'https://image.aladin.co.kr/product/37609/9/cover200/k782032742_1.jpg');
INSERT INTO book_author (book_id, author_id) VALUES (7, 1);
INSERT INTO book_author (book_id, author_id) VALUES (7, 2);
INSERT INTO book_author (book_id, author_id) VALUES (7, 3);
INSERT INTO book_translator (book_id, translator_id) VALUES (7, 1);
INSERT INTO publisher (publisher_id, name) VALUES (7, '렉스스터디');
INSERT INTO book (book_id, title, subcategory_id, publisher_id, price, point, published_date, description, image_url) VALUES (8, '2026 적중 출제의 포인트 형법 - 경찰·검찰·법원·변시', 3, 7, 33250, 1750, '2025-11-06', '', 'https://image.aladin.co.kr/product/37608/96/cover200/k772032742_1.jpg');
INSERT INTO author (author_id, name) VALUES (18, '신호진');
INSERT INTO book_author (book_id, author_id) VALUES (8, 18);
INSERT INTO book (book_id, title, subcategory_id, publisher_id, price, point, published_date, description, image_url) VALUES (9, '신정역주 이충무공전서 1 (보급판) - 이순신의 시문과 장계 외', 5, 6, 25200, 1400, '2025-11-05', '2023년 출간된 『신정역주 이충무공전서』(전4권 세트)의 무선 제본 보급판 중 첫 번째 권으로, 1795년에 정조의 명으로 편찬된 『이충무공전서』 권수~권4의 내용을 담고 있다.', 'https://image.aladin.co.kr/product/37608/93/cover200/k882032748_1.jpg');
INSERT INTO book_author (book_id, author_id) VALUES (9, 16);
INSERT INTO book_author (book_id, author_id) VALUES (9, 17);
INSERT INTO book_author (book_id, author_id) VALUES (9, 9);
INSERT INTO book_author (book_id, author_id) VALUES (9, 10);
INSERT INTO book_author (book_id, author_id) VALUES (9, 11);
INSERT INTO book_author (book_id, author_id) VALUES (9, 12);
INSERT INTO book_author (book_id, author_id) VALUES (9, 13);
INSERT INTO book_author (book_id, author_id) VALUES (9, 14);
INSERT INTO book_author (book_id, author_id) VALUES (9, 15);
INSERT INTO publisher (publisher_id, name) VALUES (8, '더클래식');
INSERT INTO subcategory (subcategory_id, category_id, subcategory_name) VALUES (6, 1, '소설/시/희곡');
INSERT INTO book (book_id, title, subcategory_id, publisher_id, price, point, published_date, description, image_url) VALUES (10, '거울 나라의 앨리스 미니미니 키링북', 6, 8, 6750, 370, '2025-10-30', '최신 무삭제 완역본으로 구성된 『거울 나라의 앨리스』가 미니미니 키링북 형태로 재탄생했다. 또한 이 미니미니북은 pvc 커버 키링 형태로 제작되어 가방, 파우치, 열쇠 등에 달아 감성적인 포인트 아이템으로 활용 가능하다.', 'https://image.aladin.co.kr/product/37608/90/cover200/k852032748_1.jpg');
INSERT INTO author (author_id, name) VALUES (19, '루이스 캐럴');
INSERT INTO author (author_id, name) VALUES (20, '존 테니엘 (그림)');
INSERT INTO translator (translator_id, name) VALUES (3, '손인혜');
INSERT INTO book_author (book_id, author_id) VALUES (10, 19);
INSERT INTO book_author (book_id, author_id) VALUES (10, 20);
INSERT INTO book_translator (book_id, translator_id) VALUES (10, 3);
INSERT INTO publisher (publisher_id, name) VALUES (9, 'KMC');
INSERT INTO subcategory (subcategory_id, category_id, subcategory_name) VALUES (7, 1, '종교/역학');
INSERT INTO book (book_id, title, subcategory_id, publisher_id, price, point, published_date, description, image_url) VALUES (11, '2025 대림절 묵상집 : 주님을 기다리며 - 어둠에서 빛을 향한 순례', 7, 9, 2850, 90, '2025-11-10', '', 'https://image.aladin.co.kr/product/37608/90/cover200/8984309591_1.jpg');
INSERT INTO author (author_id, name) VALUES (21, '정명성');
INSERT INTO author (author_id, name) VALUES (22, '기독교대한감리회 교육국 (엮은이)');
INSERT INTO book_author (book_id, author_id) VALUES (11, 21);
INSERT INTO book_author (book_id, author_id) VALUES (11, 22);
INSERT INTO publisher (publisher_id, name) VALUES (10, '천재교육');
INSERT INTO subcategory (subcategory_id, category_id, subcategory_name) VALUES (8, 1, '초등학교참고서');
INSERT INTO book (book_id, title, subcategory_id, publisher_id, price, point, published_date, description, image_url) VALUES (12, '수학리더 응용·심화 초등 수학 6-1 (2026년) - 2022 개정 교육과정, 상위권 도약을 위한 응용 심화서', 8, 10, 14400, 800, '2025-11-05', '', 'https://image.aladin.co.kr/product/37608/88/cover200/k702032748_1.jpg');
INSERT INTO author (author_id, name) VALUES (23, '해법수학연구회');
INSERT INTO author (author_id, name) VALUES (24, '최용준');
INSERT INTO book_author (book_id, author_id) VALUES (12, 23);
INSERT INTO book_author (book_id, author_id) VALUES (12, 24);
INSERT INTO publisher (publisher_id, name) VALUES (11, '북오션');
INSERT INTO book (book_id, title, subcategory_id, publisher_id, price, point, published_date, description, image_url) VALUES (13, '여행을 떠난 집오리 더키', 6, 11, 16200, 900, '2025-11-20', '서울대학교를 졸업하고 구글을 비롯한 글로벌 플랫폼 IT 업계에서 활약한 앨릭스 채(Alex Chae) 작가의 작품이다. 작가는 앞서 독립출판을 통해 이 책의 1부에 해당하는 &lt;파일럿이 된 집오리&gt;를 독자들에게 소개해 잔잔한 반향을 일으켰다.', 'https://image.aladin.co.kr/product/37608/88/cover200/8967999100_1.jpg');
INSERT INTO author (author_id, name) VALUES (25, '앨릭스 채');
INSERT INTO book_author (book_id, author_id) VALUES (13, 25);
INSERT INTO subcategory (subcategory_id, category_id, subcategory_name) VALUES (9, 1, '에세이');
INSERT INTO book (book_id, title, subcategory_id, publisher_id, price, point, published_date, description, image_url) VALUES (14, '세상을 보는 지혜 미니미니 키링북', 9, 8, 6750, 370, '2025-10-30', '문학의 감성을 일상에 더하는 특별한 키링북 출간! 최신 무삭제 완역본으로 구성된 『세상을 보는 지혜』가 미니미니 키링북 형태로 재탄생했다. 또한 이 미니미니북은 pvc 커버 키링 형태로 제작되어 가방, 파우치, 열쇠 등에 달아 감성적인 포인트 아이템으로 활용 가능하다.', 'https://image.aladin.co.kr/product/37608/80/cover200/k122032748_1.jpg');
INSERT INTO author (author_id, name) VALUES (26, '발타사르 그라시안');
INSERT INTO translator (translator_id, name) VALUES (4, '노희직');
INSERT INTO book_author (book_id, author_id) VALUES (14, 26);
INSERT INTO book_translator (book_id, translator_id) VALUES (14, 4);
INSERT INTO book (book_id, title, subcategory_id, publisher_id, price, point, published_date, description, image_url) VALUES (15, '수학리더 유형 초등 수학 6-1 (2026년) - 2022 개정 교육과정, 한 권으로 유형 올킬! 라이트 유형서', 8, 10, 14400, 800, '2025-11-05', '', 'https://image.aladin.co.kr/product/37608/79/cover200/k182032748_1.jpg');
INSERT INTO book_author (book_id, author_id) VALUES (15, 23);
INSERT INTO book_author (book_id, author_id) VALUES (15, 24);
INSERT INTO book (book_id, title, subcategory_id, publisher_id, price, point, published_date, description, image_url) VALUES (16, '수학리더 응용·심화 초등 수학 5-1 (2026년) - 2022 개정 교육과정, 상위권 도약을 위한 응용 심화서', 8, 10, 14400, 800, '2025-11-05', '', 'https://image.aladin.co.kr/product/37608/78/cover200/k152032748_1.jpg');
INSERT INTO book_author (book_id, author_id) VALUES (16, 24);
INSERT INTO book_author (book_id, author_id) VALUES (16, 23);
INSERT INTO book (book_id, title, subcategory_id, publisher_id, price, point, published_date, description, image_url) VALUES (17, '수학리더 유형 초등 수학 5-1 (2026년) - 2022 개정 교육과정, 한 권으로 유형 올킬! 라이트 유형서', 8, 10, 14400, 800, '2025-11-05', '', 'https://image.aladin.co.kr/product/37608/78/cover200/k042032748_1.jpg');
INSERT INTO book_author (book_id, author_id) VALUES (17, 24);
INSERT INTO book_author (book_id, author_id) VALUES (17, 23);
INSERT INTO book (book_id, title, subcategory_id, publisher_id, price, point, published_date, description, image_url) VALUES (18, '이상한 나라의 앨리스 미니미니 키링북', 6, 8, 6750, 370, '2025-10-30', '최신 무삭제 완역본으로 구성된 『이상한 나라의 앨리스』가 미니미니 키링북 형태로 재탄생했다. 또한 이 미니미니북은 pvc 커버 키링 형태로 제작되어 가방, 파우치, 열쇠 등에 달아 감성적인 포인트 아이템으로 활용 가능하다.', 'https://image.aladin.co.kr/product/37608/77/cover200/k012032748_1.jpg');
INSERT INTO author (author_id, name) VALUES (27, '존 테니얼 (그림)');
INSERT INTO translator (translator_id, name) VALUES (5, '베스트트랜스');
INSERT INTO book_author (book_id, author_id) VALUES (18, 19);
INSERT INTO book_author (book_id, author_id) VALUES (18, 27);
INSERT INTO book_translator (book_id, translator_id) VALUES (18, 5);
INSERT INTO publisher (publisher_id, name) VALUES (12, '부크크(bookk)');
INSERT INTO book (book_id, title, subcategory_id, publisher_id, price, point, published_date, description, image_url) VALUES (19, '초대교회의 순교와 박해', 7, 12, 18500, NULL, '2025-10-21', '', 'https://image.aladin.co.kr/product/37608/76/cover200/k942032748_1.jpg');
INSERT INTO author (author_id, name) VALUES (28, '사카린스마일');
INSERT INTO book_author (book_id, author_id) VALUES (19, 28);
INSERT INTO subcategory (subcategory_id, category_id, subcategory_name) VALUES (10, 1, '어린이');
INSERT INTO book (book_id, title, subcategory_id, publisher_id, price, point, published_date, description, image_url) VALUES (20, '바람개비 마을의 비밀', 10, 12, 14600, NULL, '2025-11-04', '', 'https://image.aladin.co.kr/product/37608/75/cover200/k932032748_1.jpg');
INSERT INTO author (author_id, name) VALUES (29, '배시시');
INSERT INTO book_author (book_id, author_id) VALUES (20, 29);
INSERT INTO book (book_id, title, subcategory_id, publisher_id, price, point, published_date, description, image_url) VALUES (21, '예언자 미니미니 키링북', 9, 8, 6750, 370, '2025-10-30', '문학의 감성을 일상에 더하는 특별한 키링북 출간! 최신 무삭제 완역본으로 구성된 『예언자』가 미니미니 키링북 형태로 재탄생했다. 또한 이 미니미니북은 pvc 커버 키링 형태로 제작되어 가방, 파우치, 열쇠 등에 달아 감성적인 포인트 아이템으로 활용 가능하다.', 'https://image.aladin.co.kr/product/37608/72/cover200/k922032748_1.jpg');
INSERT INTO author (author_id, name) VALUES (30, '칼릴 지브란');
INSERT INTO translator (translator_id, name) VALUES (6, '유정란');
INSERT INTO book_author (book_id, author_id) VALUES (21, 30);
INSERT INTO book_translator (book_id, translator_id) VALUES (21, 6);
INSERT INTO book (book_id, title, subcategory_id, publisher_id, price, point, published_date, description, image_url) VALUES (22, '오늘은 그렇게 - 버티지 말고 살짝 내려놓는 하루', 6, 12, 13000, NULL, '2025-10-20', '', 'https://image.aladin.co.kr/product/37608/69/cover200/k002032637_1.jpg');
INSERT INTO author (author_id, name) VALUES (31, '온설');
INSERT INTO book_author (book_id, author_id) VALUES (22, 31);
INSERT INTO book (book_id, title, subcategory_id, publisher_id, price, point, published_date, description, image_url) VALUES (23, '누워먹는 파인다이닝 - 일상을 먹는 시집', 6, 12, 7800, NULL, '2025-10-21', '', 'https://image.aladin.co.kr/product/37608/66/cover200/k082032637_1.jpg');
INSERT INTO author (author_id, name) VALUES (32, '박소정');
INSERT INTO book_author (book_id, author_id) VALUES (23, 32);
INSERT INTO publisher (publisher_id, name) VALUES (13, '휴페리온');
INSERT INTO subcategory (subcategory_id, category_id, subcategory_name) VALUES (11, 1, '과학');
INSERT INTO book (book_id, title, subcategory_id, publisher_id, price, point, published_date, description, image_url) VALUES (24, '비행기의 원리 - 과학커뮤니케이터 수소가 들려주는 과학 이야기', 11, 13, 14310, 790, '2025-10-20', '', 'https://image.aladin.co.kr/product/37608/64/cover200/k072032637_1.jpg');
INSERT INTO author (author_id, name) VALUES (33, '이정원');
INSERT INTO book_author (book_id, author_id) VALUES (24, 33);
INSERT INTO book (book_id, title, subcategory_id, publisher_id, price, point, published_date, description, image_url) VALUES (25, '사람은 무엇으로 사는가 미니미니 키링북', 6, 8, 6750, 370, '2025-10-30', '최신 무삭제 완역본으로 구성된 『사람은 무엇으로 사는가』가 미니미니 키링북 형태로 재탄생했다. 이 미니미니북은 pvc 커버 키링 형태로 제작되어 가방, 파우치, 열쇠 등에 달아 감성적인 포인트 아이템으로 활용 가능하다.', 'https://image.aladin.co.kr/product/37608/63/cover200/k062032637_1.jpg');
INSERT INTO author (author_id, name) VALUES (34, '레프 니콜라예비치 톨스토이');
INSERT INTO translator (translator_id, name) VALUES (7, '장영재');
INSERT INTO book_author (book_id, author_id) VALUES (25, 34);
INSERT INTO book_translator (book_id, translator_id) VALUES (25, 7);
INSERT INTO subcategory (subcategory_id, category_id, subcategory_name) VALUES (12, 1, '인문학');
INSERT INTO book (book_id, title, subcategory_id, publisher_id, price, point, published_date, description, image_url) VALUES (26, '도덕이라는 이름의 폭력', 12, 12, 26000, NULL, '2025-10-20', '', 'https://image.aladin.co.kr/product/37608/62/cover200/k332032636_1.jpg');
INSERT INTO author (author_id, name) VALUES (35, '손태건(타이쿤)');
INSERT INTO book_author (book_id, author_id) VALUES (26, 35);
INSERT INTO book (book_id, title, subcategory_id, publisher_id, price, point, published_date, description, image_url) VALUES (27, '별 미니미니 키링북', 6, 8, 6750, 370, '2025-10-30', '최신 무삭제 완역본으로 구성된 『별』이 미니미니 키링북 형태로 재탄생했다. 이 미니미니북은 pvc 커버 키링 형태로 제작되어 가방, 파우치, 열쇠 등에 달아 감성적인 포인트 아이템으로 활용 가능하다. 작은 책 속에서 매일 삶의 위로와 메시지를 얻을 수 있다는 점에서, 선물용으로도 추천한다.', 'https://image.aladin.co.kr/product/37608/55/cover200/k052032637_1.jpg');
INSERT INTO author (author_id, name) VALUES (36, '알퐁스 도데');
INSERT INTO translator (translator_id, name) VALUES (8, '조정훈');
INSERT INTO book_author (book_id, author_id) VALUES (27, 36);
INSERT INTO book_translator (book_id, translator_id) VALUES (27, 8);
INSERT INTO book (book_id, title, subcategory_id, publisher_id, price, point, published_date, description, image_url) VALUES (28, '젊은 베르테르의 슬픔 미니미니 키링북', 6, 8, 6750, 370, '2025-10-30', '', 'https://image.aladin.co.kr/product/37608/48/cover200/k812032536_1.jpg');
INSERT INTO author (author_id, name) VALUES (37, '요한 볼프강 폰 괴테');
INSERT INTO translator (translator_id, name) VALUES (9, '허승진');
INSERT INTO book_author (book_id, author_id) VALUES (28, 37);
INSERT INTO book_translator (book_id, translator_id) VALUES (28, 9);
INSERT INTO book (book_id, title, subcategory_id, publisher_id, price, point, published_date, description, image_url) VALUES (29, '삶이 그대를 속일지라도 미니미니 키링북', 9, 8, 6750, 370, '2025-10-30', '최신 무삭제 완역본으로 구성된 『삶이 그대를 속일지라도』가 미니미니 키링북 형태로 재탄생했다. 또한 이 미니미니북은 pvc 커버 키링 형태로 제작되어 가방, 파우치, 열쇠 등에 달아 감성적인 포인트 아이템으로 활용 가능하다. 작은 책 속에서 매일 삶의 위로와 메시지를 얻을 수 있다는 점에서, 선물용으로도 추천한다.', 'https://image.aladin.co.kr/product/37608/47/cover200/k802032536_1.jpg');
INSERT INTO author (author_id, name) VALUES (38, '알렉산드르 세르게비치 푸시킨');
INSERT INTO translator (translator_id, name) VALUES (10, '오정석');
INSERT INTO book_author (book_id, author_id) VALUES (29, 38);
INSERT INTO book_translator (book_id, translator_id) VALUES (29, 10);
INSERT INTO book (book_id, title, subcategory_id, publisher_id, price, point, published_date, description, image_url) VALUES (30, '주식 투자 뉴메릭 이론 #2. Twin Sum, Triple Sum', 4, 12, 16000, NULL, '2025-10-20', '', 'https://image.aladin.co.kr/product/37608/46/cover200/k872032536_1.jpg');
INSERT INTO book_author (book_id, author_id) VALUES (30, 35);
INSERT INTO book (book_id, title, subcategory_id, publisher_id, price, point, published_date, description, image_url) VALUES (31, '최원철의 New 상가투자바이블', 4, 12, 37000, NULL, '2025-10-31', '', 'https://image.aladin.co.kr/product/37608/32/cover200/k212032436_1.jpg');
INSERT INTO author (author_id, name) VALUES (39, '최원철');
INSERT INTO book_author (book_id, author_id) VALUES (31, 39);
INSERT INTO publisher (publisher_id, name) VALUES (14, '포에버영');
INSERT INTO book (book_id, title, subcategory_id, publisher_id, price, point, published_date, description, image_url) VALUES (32, '크리스마스 캐럴', 10, 14, 10800, 600, '2025-11-03', '19세기 영국 작가 찰스 디킨스가 남긴 감동적인 작품 《크리스마스 캐럴》이 포에버영 세계 명작 03번으로 출간되었다. 이 작품은 세대를 초월해 전 세계 독자들의 사랑을 받아 온 고전이다. 포에버영 세계 명작 시리즈는 어린이 독자들이 부담 없이 책 읽기의 즐거움을 느낄 수 있도록, 원작의 깊이는 살리면서도 쉽고 따뜻한 문장으로 이야기를 풀어낸다.', 'https://image.aladin.co.kr/product/37608/28/cover200/k302032433_1.jpg');
INSERT INTO author (author_id, name) VALUES (40, '찰스 디킨스 (원작)');
INSERT INTO author (author_id, name) VALUES (41, '김영수 (그림)');
INSERT INTO book_author (book_id, author_id) VALUES (32, 40);
INSERT INTO book_author (book_id, author_id) VALUES (32, 41);
INSERT INTO publisher (publisher_id, name) VALUES (15, '휴앤스토리');
INSERT INTO book (book_id, title, subcategory_id, publisher_id, price, point, published_date, description, image_url) VALUES (33, '빨치산 진달래꽃 - 서용환 장편소설', 6, 15, 16650, 920, '2025-11-05', '일제강점기, 해방, 그리고 한국전쟁을 거치며 격동의 시대를 살아낸 한 가족의 이야기를 중심으로 펼쳐지는 서사시이다. 서정용은 자신의 외조부 정찬두와 어머니 정정숙이 살아간 질곡의 삶을 통해, 이념과 사상의 대립 속에서도 인간의 선택과 그것이 남긴 흔적들을 찾아 나선다. 그 과정에서 역사적 사실과 개인의 이야기가 교차하며, 시대의 폭풍 속에서 흔들리는 가족의 초상이 생생하게 그려진다.', 'https://image.aladin.co.kr/product/37608/13/cover200/k552032333_1.jpg');
INSERT INTO author (author_id, name) VALUES (42, '서용환');
INSERT INTO book_author (book_id, author_id) VALUES (33, 42);
INSERT INTO publisher (publisher_id, name) VALUES (16, '블루래빗');
INSERT INTO subcategory (subcategory_id, category_id, subcategory_name) VALUES (13, 1, '유아');
INSERT INTO book (book_id, title, subcategory_id, publisher_id, price, point, published_date, description, image_url) VALUES (34, '듣고 보고 느끼는 생활 사운드북 세트 - 전5권', 13, 16, 59400, 3300, '2025-11-05', '', 'https://image.aladin.co.kr/product/37607/86/cover200/k332032134_1.jpg');
INSERT INTO author (author_id, name) VALUES (43, '박주연');
INSERT INTO author (author_id, name) VALUES (44, '휴이 스킵 (그림)');
INSERT INTO book_author (book_id, author_id) VALUES (34, 43);
INSERT INTO book_author (book_id, author_id) VALUES (34, 44);
INSERT INTO publisher (publisher_id, name) VALUES (17, 'Jun&U(준앤유)');
INSERT INTO book (book_id, title, subcategory_id, publisher_id, price, point, published_date, description, image_url) VALUES (35, '2026 세무사 재무회계연습 - 제18판', 3, 17, 39000, 390, '2025-11-10', '', 'https://image.aladin.co.kr/product/37607/85/cover200/k902032139_1.jpg');
INSERT INTO author (author_id, name) VALUES (45, '신현걸');
INSERT INTO author (author_id, name) VALUES (46, '최창규');
INSERT INTO author (author_id, name) VALUES (47, '박진수');
INSERT INTO book_author (book_id, author_id) VALUES (35, 45);
INSERT INTO book_author (book_id, author_id) VALUES (35, 46);
INSERT INTO book_author (book_id, author_id) VALUES (35, 47);
INSERT INTO book (book_id, title, subcategory_id, publisher_id, price, point, published_date, description, image_url) VALUES (36, '미캔슬링', 6, 12, 13900, NULL, '2025-10-25', '', 'https://image.aladin.co.kr/product/37607/83/cover200/k842032138_1.jpg');
INSERT INTO author (author_id, name) VALUES (48, '임천지해');
INSERT INTO book_author (book_id, author_id) VALUES (36, 48);
INSERT INTO book (book_id, title, subcategory_id, publisher_id, price, point, published_date, description, image_url) VALUES (37, '50가지 비행기, 열기구 색칠책', 13, 12, 14900, NULL, '2025-10-20', '', 'https://image.aladin.co.kr/product/37607/81/cover200/k832032138_1.jpg');
INSERT INTO author (author_id, name) VALUES (49, '정재연');
INSERT INTO book_author (book_id, author_id) VALUES (37, 49);
INSERT INTO book (book_id, title, subcategory_id, publisher_id, price, point, published_date, description, image_url) VALUES (38, '바다 위의 휴식 시니어 돌고래 컬러링북', 13, 12, 9500, NULL, '2025-10-25', '', 'https://image.aladin.co.kr/product/37607/57/cover200/k682032038_1.jpg');
INSERT INTO author (author_id, name) VALUES (50, '김향숙');
INSERT INTO book_author (book_id, author_id) VALUES (38, 50);
INSERT INTO book (book_id, title, subcategory_id, publisher_id, price, point, published_date, description, image_url) VALUES (39, '50가지 과일, 채소 색칠북', 13, 12, 14900, NULL, '2025-10-21', '', 'https://image.aladin.co.kr/product/37607/52/cover200/k412032931_1.jpg');
INSERT INTO book_author (book_id, author_id) VALUES (39, 49);
INSERT INTO publisher (publisher_id, name) VALUES (18, '한국경제신문');
INSERT INTO book (book_id, title, subcategory_id, publisher_id, price, point, published_date, description, image_url) VALUES (40, '플스포의 메타인지 투자법 - 잃지 않는 초수익 투자의 모든 것', 4, 18, 19800, 1100, '2025-11-10', '시중에 투자책은 매우 다양하고 많다. 그러나 초보 투자자들은 아무리 공부해도 투자 실패를 반복한다. 이 책은 투자에 실패하는 근본적인 원인을 깊이 분석하고, 꾸준히 수익을 내는 방법을 알려준다.', 'https://image.aladin.co.kr/product/37607/51/cover200/8947502049_1.jpg');
INSERT INTO author (author_id, name) VALUES (51, '플스포(김동호)');
INSERT INTO book_author (book_id, author_id) VALUES (40, 51);
INSERT INTO publisher (publisher_id, name) VALUES (19, '아동문예사(세계문예)');
INSERT INTO book (book_id, title, subcategory_id, publisher_id, price, point, published_date, description, image_url) VALUES (41, '크리스마스는 이상해 - 어린이와 어른을 위한 동시', 10, 19, 11700, 650, '2025-11-10', '', 'https://image.aladin.co.kr/product/37607/45/cover200/k452032931_1.jpg');
INSERT INTO author (author_id, name) VALUES (52, '손성란');
INSERT INTO author (author_id, name) VALUES (53, '양채은 (그림)');
INSERT INTO book_author (book_id, author_id) VALUES (41, 52);
INSERT INTO book_author (book_id, author_id) VALUES (41, 53);
INSERT INTO book (book_id, title, subcategory_id, publisher_id, price, point, published_date, description, image_url) VALUES (42, '키다리 아저씨', 10, 14, 10800, 600, '2025-11-03', '진 웹스터가 남긴 따뜻한 성장 이야기, 《키다리 아저씨》가 포에버영 세계 명작 시리즈로 출간되었다. 이 작품은 출간된 지 오랜 시간이 흘렀음에도 세대를 초월해 전 세계 독자들의 사랑을 받아 온 고전이다.', 'https://image.aladin.co.kr/product/37607/42/cover200/k302032931_1.jpg');
INSERT INTO author (author_id, name) VALUES (54, '진 웹스터');
INSERT INTO translator (translator_id, name) VALUES (11, '포에버영');
INSERT INTO book_author (book_id, author_id) VALUES (42, 54);
INSERT INTO book_translator (book_id, translator_id) VALUES (42, 11);
INSERT INTO book (book_id, title, subcategory_id, publisher_id, price, point, published_date, description, image_url) VALUES (43, '물방울 번지점프 - 어린이와 어른을 위한 동시', 10, 19, 11700, 650, '2025-10-30', '', 'https://image.aladin.co.kr/product/37607/40/cover200/k392032931_1.jpg');
INSERT INTO author (author_id, name) VALUES (55, '김옥순');
INSERT INTO author (author_id, name) VALUES (56, '김지연 (그림)');
INSERT INTO book_author (book_id, author_id) VALUES (43, 55);
INSERT INTO book_author (book_id, author_id) VALUES (43, 56);
INSERT INTO book (book_id, title, subcategory_id, publisher_id, price, point, published_date, description, image_url) VALUES (44, '계모인데 딸이 너무 귀여워 9 - 만화', 1, 1, 14850, 820, '2025-11-06', '', 'https://image.aladin.co.kr/product/37607/40/cover200/k382032931_1.jpg');
INSERT INTO author (author_id, name) VALUES (57, '모구랭');
INSERT INTO author (author_id, name) VALUES (58, '이르 (원작)');
INSERT INTO book_author (book_id, author_id) VALUES (44, 57);
INSERT INTO book_author (book_id, author_id) VALUES (44, 58);
INSERT INTO publisher (publisher_id, name) VALUES (20, '어깨위망원경');
INSERT INTO book (book_id, title, subcategory_id, publisher_id, price, point, published_date, description, image_url) VALUES (45, '개초보 회계 - 이보다 쉬울 수 없는 회계 기초', 4, 20, 17820, 990, '2025-11-01', '숫자에 약해도, 경제를 몰라도 괜찮다. 이 책은 회계를 다시 배우고 싶은 사람, 배워도 배워도 아리송한 사람, 그리고 회계를 처음부터 제대로 알고 싶은 사람들을 위한 책이다. 회계가 낯선 이들을 위해, 이 책은 본질만 남기고 복잡한 설명은 덜어냈다.', 'https://image.aladin.co.kr/product/37607/37/cover200/k242032931_1.jpg');
INSERT INTO author (author_id, name) VALUES (59, '김우철');
INSERT INTO book_author (book_id, author_id) VALUES (45, 59);
INSERT INTO publisher (publisher_id, name) VALUES (21, '레베랑스');
INSERT INTO book (book_id, title, subcategory_id, publisher_id, price, point, published_date, description, image_url) VALUES (46, '발레, 코레오그래피, 객체 : 윌리엄 포사이스', 2, 21, 27000, 1500, '2025-11-07', '독일 태생 안무가로 출발해 전방위 예술가로 활동하고 있는 윌리엄 포사이스(William Forsythe, b.1949)의 예술세계를 비평적 시선으로 살펴보는 책이다. 단순히 인물의 전기를 다루는 평전이 아니라, 세 가지 키워드 ‘발레’, ‘코레오그래피’, ‘객체’를 두고 작품 스펙트럼을 다각도로 들여다본다.', 'https://image.aladin.co.kr/product/37607/37/cover200/k212032931_1.jpg');
INSERT INTO author (author_id, name) VALUES (60, '윤우인');
INSERT INTO author (author_id, name) VALUES (61, '김태희 (감수)');
INSERT INTO book_author (book_id, author_id) VALUES (46, 60);
INSERT INTO book_author (book_id, author_id) VALUES (46, 61);
INSERT INTO book (book_id, title, subcategory_id, publisher_id, price, point, published_date, description, image_url) VALUES (47, '어린왕자와 숫자별', 10, 12, 8400, NULL, '2025-10-20', '', 'https://image.aladin.co.kr/product/37607/34/cover200/k362032931_1.jpg');
INSERT INTO author (author_id, name) VALUES (62, '손영숙');
INSERT INTO book_author (book_id, author_id) VALUES (47, 62);
INSERT INTO publisher (publisher_id, name) VALUES (22, '종이향기(인성재단)');
INSERT INTO book (book_id, title, subcategory_id, publisher_id, price, point, published_date, description, image_url) VALUES (48, '2026 챕스랜드 소방안전관리자 2급 찐득한 스티커 예상기출문제집', 3, 22, 28800, 1600, '2026-01-02', '소방안전관리자 2급을 대비할 수 있는 수험서로, 2026년 최신 개정사항을 반영하였다. 단원별 출제비중을 고려한 문제 구성으로, 최신 합격자 데이터 기반의 출제 유형을 반영하였다. OMR 카드로 마킹시간까지 체크할 수 있다.', 'https://image.aladin.co.kr/product/37607/32/cover200/k262032931_1.jpg');
INSERT INTO author (author_id, name) VALUES (63, '서채빈');
INSERT INTO book_author (book_id, author_id) VALUES (48, 63);
INSERT INTO book (book_id, title, subcategory_id, publisher_id, price, point, published_date, description, image_url) VALUES (49, '숲속 마음의노래', 6, 12, 8100, NULL, '2025-10-22', '', 'https://image.aladin.co.kr/product/37607/31/cover200/k252032931_1.jpg');
INSERT INTO author (author_id, name) VALUES (64, '윤정인');
INSERT INTO book_author (book_id, author_id) VALUES (49, 64);
INSERT INTO publisher (publisher_id, name) VALUES (23, '성안당');
INSERT INTO book (book_id, title, subcategory_id, publisher_id, price, point, published_date, description, image_url) VALUES (50, '2026 스마트 실내건축기능사 실기 - 전 과정 무료 동영상 강의 | 저자 블로그를 통한 실시간 질의응답', 3, 23, 28800, 1600, '2026-01-14', '컴퓨터 기반 실내건축 실기시험의 새로운 체계를 단계별로 안내한다. 기초 이론부터 실무 수준의 도면 작성 및 모델링 과정까지 체계적으로 다루어, 비전공자와 입문자도 쉽게 따라할 수 있도록 구성했다. 자격 취득은 물론 실무 역량 강화에도 도움이 된다.', 'https://image.aladin.co.kr/product/37607/29/cover200/8931512147_1.jpg');
INSERT INTO author (author_id, name) VALUES (65, '황두환');
INSERT INTO book_author (book_id, author_id) VALUES (50, 65);
INSERT INTO publisher (publisher_id, name) VALUES (24, '플로어웍스');
INSERT INTO subcategory (subcategory_id, category_id, subcategory_name) VALUES (14, 1, '대학교재/전문서적');
INSERT INTO book (book_id, title, subcategory_id, publisher_id, price, point, published_date, description, image_url) VALUES (51, '라이프스타일 정신의학', 14, 24, 38700, 2150, '2025-10-30', '', 'https://image.aladin.co.kr/product/37607/28/cover200/k152032931_1.jpg');
INSERT INTO author (author_id, name) VALUES (66, '더글라스 L. 노어지');
INSERT INTO translator (translator_id, name) VALUES (12, '라이프스타일 정신의학 연구회');
INSERT INTO book_author (book_id, author_id) VALUES (51, 66);
INSERT INTO book_translator (book_id, translator_id) VALUES (51, 12);
INSERT INTO book (book_id, title, subcategory_id, publisher_id, price, point, published_date, description, image_url) VALUES (52, '12월의 도피 - 행복을 찾아서', 6, 12, 10000, NULL, '2025-10-23', '', 'https://image.aladin.co.kr/product/37607/27/cover200/k042032931_1.jpg');
INSERT INTO author (author_id, name) VALUES (67, '여리');
INSERT INTO book_author (book_id, author_id) VALUES (52, 67);
INSERT INTO publisher (publisher_id, name) VALUES (25, 'AK(에이케이)커뮤니케이션즈');
INSERT INTO subcategory (subcategory_id, category_id, subcategory_name) VALUES (15, 1, '컴퓨터/모바일');
INSERT INTO book (book_id, title, subcategory_id, publisher_id, price, point, published_date, description, image_url) VALUES (53, '실무자의 게임 데이터 성장 비법 - 성공하는 게임의 데이터 사용법', 15, 25, 26100, 1450, '2025-11-05', '수많은 성공 사례들에서 축적된 데이터 분석과 운영의 정수를 담고 있다. 많은 책이 분석 이론이나 도구 사용법에 집중하는 반면, 이 책은 ‘원칙’, ‘방법’, ‘도구’라는 체계적인 프레임워크를 제시하며 데이터에 접근하는 본질적인 방법을 이야기한다.', 'https://image.aladin.co.kr/product/37607/27/cover200/k002032931_1.jpg');
INSERT INTO author (author_id, name) VALUES (68, '씽킹데이터');
INSERT INTO translator (translator_id, name) VALUES (13, '제갈진우');
INSERT INTO book_author (book_id, author_id) VALUES (53, 68);
INSERT INTO book_translator (book_id, translator_id) VALUES (53, 13);
INSERT INTO book (book_id, title, subcategory_id, publisher_id, price, point, published_date, description, image_url) VALUES (54, '영어꽃이름 컬러링북', 13, 12, 13400, NULL, '2025-10-10', '', 'https://image.aladin.co.kr/product/37607/23/cover200/k062032931_1.jpg');
INSERT INTO author (author_id, name) VALUES (69, '장이라');
INSERT INTO book_author (book_id, author_id) VALUES (54, 69);
INSERT INTO publisher (publisher_id, name) VALUES (26, '키즈아이콘(아이코닉스)');
INSERT INTO book (book_id, title, subcategory_id, publisher_id, price, point, published_date, description, image_url) VALUES (55, '또솔또호의 응답하라 2', 10, 26, 13500, 750, '2025-11-10', '', 'https://image.aladin.co.kr/product/37607/22/cover200/8964137787_1.jpg');
INSERT INTO author (author_id, name) VALUES (70, '김경희');
INSERT INTO author (author_id, name) VALUES (71, '또솔또호 (원작)');
INSERT INTO author (author_id, name) VALUES (72, '구은미 (그림)');
INSERT INTO author (author_id, name) VALUES (73, '샌드박스네트워크 (감수)');
INSERT INTO book_author (book_id, author_id) VALUES (55, 70);
INSERT INTO book_author (book_id, author_id) VALUES (55, 71);
INSERT INTO book_author (book_id, author_id) VALUES (55, 72);
INSERT INTO book_author (book_id, author_id) VALUES (55, 73);
INSERT INTO publisher (publisher_id, name) VALUES (27, '미다스북스');
INSERT INTO book (book_id, title, subcategory_id, publisher_id, price, point, published_date, description, image_url) VALUES (56, '판 깔아주는 흥 많은 할머니 - 다섯 손주와 엮어가는 유쾌하고 다정한 날들', 9, 27, 16650, 920, '2025-11-17', '나이가 들수록 삶이 고요해진다고 믿는 이들에게, 예상 밖의 웃음과 따뜻한 감동을 건네는 책이다. 두 딸의 육아 휴직 상황에 따라 다섯 손주를 해마다 번갈아 돌봤던 시간! 7년째 ‘격년제 돌봄’을 이어가고 있는 66세의 저자는 자신을 “퇴직자가 아닌, 여전히 현역”이라 소개한다.', 'https://image.aladin.co.kr/product/37607/20/cover200/k932032931_1.jpg');
INSERT INTO author (author_id, name) VALUES (74, '최윤순');
INSERT INTO book_author (book_id, author_id) VALUES (56, 74);
INSERT INTO book (book_id, title, subcategory_id, publisher_id, price, point, published_date, description, image_url) VALUES (57, '동동이와 룰루 미스터리 탐정 모험', 10, 12, 10000, NULL, '2025-09-24', '', 'https://image.aladin.co.kr/product/37607/19/cover200/k922032931_1.jpg');
INSERT INTO author (author_id, name) VALUES (75, '강은아');
INSERT INTO book_author (book_id, author_id) VALUES (57, 75);
INSERT INTO publisher (publisher_id, name) VALUES (28, '밀리언북');
INSERT INTO book (book_id, title, subcategory_id, publisher_id, price, point, published_date, description, image_url) VALUES (58, '생각보다 괜찮은 나를 발견했다', 12, 28, 16910, 890, '2025-11-17', '우리는 매일 자기 자신과의 대화를 피하며 살아간다. 일이 바쁘다는 이유로, 가족을 챙겨야 한다는 이유로, 늘 타인의 기준에 맞춰 행동하다 보니 정작 ‘나’라는 사람은 뒷전이 된다. 그런 우리에게 “괜찮다, 그럴 수 있다”라고 말해주지 않는다. 대신, 왜 그런 감정을 느끼는지, 왜 그런 행동을 반복하는지를 차분히 짚어가며 현실적인 길을 보여준다.', 'https://image.aladin.co.kr/product/37607/19/cover200/k902032931_1.jpg');
INSERT INTO author (author_id, name) VALUES (76, '이진아');
INSERT INTO book_author (book_id, author_id) VALUES (58, 76);
INSERT INTO publisher (publisher_id, name) VALUES (29, 'IVP');
INSERT INTO book (book_id, title, subcategory_id, publisher_id, price, point, published_date, description, image_url) VALUES (59, '겸손을 배우다 - 리처드 포스터의 마지막 수업', 7, 29, 15300, 850, '2025-10-31', '겸손의 의미와 가치를 찾아 나선 1년간의 영적 순례기다. 리처드 포스터는 오늘날 많은 사람들이 무엇보다 자기만족을 중시하면서 자아도취와 이기심에 빠져 겸손이라는 중요한 가치를 잃어 가고 있음을 발견한다.', 'https://image.aladin.co.kr/product/37607/17/cover200/8932823820_1.jpg');
INSERT INTO author (author_id, name) VALUES (77, '리처드 포스터');
INSERT INTO translator (translator_id, name) VALUES (14, '윤종석');
INSERT INTO book_author (book_id, author_id) VALUES (59, 77);
INSERT INTO book_translator (book_id, translator_id) VALUES (59, 14);
INSERT INTO book (book_id, title, subcategory_id, publisher_id, price, point, published_date, description, image_url) VALUES (60, '이 밤이 오지 않았다면 사라졌을 것들 - 컬러판', 9, 12, 11800, NULL, '2025-10-22', '', 'https://image.aladin.co.kr/product/37607/17/cover200/k992032931_1.jpg');
INSERT INTO author (author_id, name) VALUES (78, '이람');
INSERT INTO book_author (book_id, author_id) VALUES (60, 78);
INSERT INTO subcategory (subcategory_id, category_id, subcategory_name) VALUES (16, 1, '외국어');
INSERT INTO book (book_id, title, subcategory_id, publisher_id, price, point, published_date, description, image_url) VALUES (61, '선택이 길을 만든다', 16, 12, 8200, NULL, '2025-10-20', '', 'https://image.aladin.co.kr/product/37607/16/cover200/k952032931_1.jpg');
INSERT INTO author (author_id, name) VALUES (79, '최은식');
INSERT INTO book_author (book_id, author_id) VALUES (61, 79);
INSERT INTO publisher (publisher_id, name) VALUES (30, '지오북');
INSERT INTO book (book_id, title, subcategory_id, publisher_id, price, point, published_date, description, image_url) VALUES (62, '나의 스웜프 씽 - 물의 기억과 습지생태 이야기', 11, 30, 17820, 990, '2025-11-25', '한 생태학자의 삶, 습지에 대한 헌신, 그리고 교육자로서의 30년 여정을 담은 회고록이자 생태문명에 대한 성찰이다. 1996년 미국 유학길에 올라 조지메이슨대학교에서 습지생태학을 가르치고 생태공학을 연구하고 습지예술에 집중했던 경험, 그리고 한국과 미국을 넘나드는 자아 정체성에 관한 이야기를 담아냈다.', 'https://image.aladin.co.kr/product/37607/15/cover200/8994242961_1.jpg');
INSERT INTO author (author_id, name) VALUES (80, '안창우');
INSERT INTO book_author (book_id, author_id) VALUES (62, 80);
INSERT INTO publisher (publisher_id, name) VALUES (31, '큰솔북스');
INSERT INTO book (book_id, title, subcategory_id, publisher_id, price, point, published_date, description, image_url) VALUES (63, '안나의 팡세', 6, 31, 15000, NULL, '2025-10-20', '', 'https://image.aladin.co.kr/product/37607/15/cover200/k802032930_1.jpg');
INSERT INTO author (author_id, name) VALUES (81, '김안나');
INSERT INTO book_author (book_id, author_id) VALUES (63, 81);
INSERT INTO publisher (publisher_id, name) VALUES (32, '파니쥬');
INSERT INTO subcategory (subcategory_id, category_id, subcategory_name) VALUES (17, 1, '사회과학');
INSERT INTO book (book_id, title, subcategory_id, publisher_id, price, point, published_date, description, image_url) VALUES (64, '남과 북 : 여덟 정부의 도전과 좌절 - 노태우에서 윤석열까지', 17, 32, 25200, 1400, '2025-10-01', '', 'https://image.aladin.co.kr/product/37607/14/cover200/k892032930_1.jpg');
INSERT INTO author (author_id, name) VALUES (82, '안인해');
INSERT INTO book_author (book_id, author_id) VALUES (64, 82);
INSERT INTO subcategory (subcategory_id, category_id, subcategory_name) VALUES (18, 1, '청소년');
INSERT INTO book (book_id, title, subcategory_id, publisher_id, price, point, published_date, description, image_url) VALUES (65, '오르막길은 언제나 두렵다', 18, 12, 16000, NULL, '2025-10-22', '', 'https://image.aladin.co.kr/product/37607/14/cover200/k882032930_1.jpg');
INSERT INTO author (author_id, name) VALUES (83, '거꾸로캠퍼스 글말랩');
INSERT INTO book_author (book_id, author_id) VALUES (65, 83);
INSERT INTO publisher (publisher_id, name) VALUES (33, '샌드박스스토리 키즈');
INSERT INTO book (book_id, title, subcategory_id, publisher_id, price, point, published_date, description, image_url) VALUES (66, '백앤아 고 고 캐치 고 바니몽 5 - 본격 고민 해결 코믹스', 10, 33, 13500, 750, '2025-11-05', '', 'https://image.aladin.co.kr/product/37607/12/cover200/k782032930_1.jpg');
INSERT INTO author (author_id, name) VALUES (84, '백앤아 (원작)');
INSERT INTO author (author_id, name) VALUES (85, '최재연 (글)');
INSERT INTO book_author (book_id, author_id) VALUES (66, 84);
INSERT INTO book_author (book_id, author_id) VALUES (66, 85);
INSERT INTO book_author (book_id, author_id) VALUES (66, 72);
INSERT INTO subcategory (subcategory_id, category_id, subcategory_name) VALUES (19, 1, '여행');
INSERT INTO book (book_id, title, subcategory_id, publisher_id, price, point, published_date, description, image_url) VALUES (67, '순례길 힙합에서트롯까지', 19, 12, 14500, NULL, '2025-10-21', '', 'https://image.aladin.co.kr/product/37607/11/cover200/k642032930_1.jpg');
INSERT INTO author (author_id, name) VALUES (86, '엄율산');
INSERT INTO book_author (book_id, author_id) VALUES (67, 86);
INSERT INTO publisher (publisher_id, name) VALUES (34, '토브리치북스');
INSERT INTO book (book_id, title, subcategory_id, publisher_id, price, point, published_date, description, image_url) VALUES (68, '빨간망토 토토와 반짝이는 무지개', 10, 34, 14800, NULL, '2025-10-13', '', 'https://image.aladin.co.kr/product/37607/8/cover200/k682032930_1.jpg');
INSERT INTO author (author_id, name) VALUES (87, '희진 L.');
INSERT INTO book_author (book_id, author_id) VALUES (68, 87);
INSERT INTO publisher (publisher_id, name) VALUES (35, '더스토리');
INSERT INTO subcategory (subcategory_id, category_id, subcategory_name) VALUES (20, 1, '자기계발');
INSERT INTO book (book_id, title, subcategory_id, publisher_id, price, point, published_date, description, image_url) VALUES (69, '데일 카네기 세트 - 전3권 (무삭제 최신 완역본, 금장 에디션) - 인간관계론 + 자기관리론 + 성공대화론', 20, 35, 59400, 3300, '2025-11-30', '데일 카네기 베스트 3종을 읽는 사람은 행운아다. 인간 관계의 성공 비밀을 모두 담은 &lt;인간관계론&gt;, 성공 대화의 가장 중요한 말하기 기술을 모두 담은 &lt;성공대화론&gt;, 성공 대화의 가장 중요한 말하기 기술을 모두 담은 &lt;성공대화론&gt; 3권으로 구성된 세트.', 'https://image.aladin.co.kr/product/37607/6/cover200/k652032930_1.jpg');
INSERT INTO author (author_id, name) VALUES (88, '데일 카네기');
INSERT INTO translator (translator_id, name) VALUES (15, '정내현');
INSERT INTO book_author (book_id, author_id) VALUES (69, 88);
INSERT INTO book_translator (book_id, translator_id) VALUES (69, 15);
INSERT INTO publisher (publisher_id, name) VALUES (36, '콩콩 컴퍼니');
INSERT INTO book (book_id, title, subcategory_id, publisher_id, price, point, published_date, description, image_url) VALUES (70, '스위치(SWITCH) 상대의 마음을 켜는 심리 설계의 기술 - 매력부터 관계 유지까지, 사랑을 얻는 심리의 모든 것', 20, 36, 18100, NULL, '2025-10-01', '', 'https://image.aladin.co.kr/product/37607/6/cover200/k432032930_1.jpg');
INSERT INTO author (author_id, name) VALUES (89, '김혜숙');
INSERT INTO book_author (book_id, author_id) VALUES (70, 89);
INSERT INTO book (book_id, title, subcategory_id, publisher_id, price, point, published_date, description, image_url) VALUES (71, '불변의 프로그래밍 법칙 - 모든 프로그래밍 언어를 관통하는 핵심 원리', 15, 36, 15200, NULL, '2025-10-01', '', 'https://image.aladin.co.kr/product/37607/2/cover200/k212032930_1.jpg');
INSERT INTO author (author_id, name) VALUES (90, '김유리');
INSERT INTO book_author (book_id, author_id) VALUES (71, 90);
INSERT INTO publisher (publisher_id, name) VALUES (37, '아마존의나비');
INSERT INTO book (book_id, title, subcategory_id, publisher_id, price, point, published_date, description, image_url) VALUES (72, '나는 고발한다, KT의 민낯을 - 어느 현직 KT 노동자의 불굴의 투쟁기', 17, 37, 17100, 950, '2025-11-10', '대기업의 부당함에 맞서 노동자가 정의를 세워 가는 과정을 기록한 르포이다. 저자 오희표는 이 책을 통해 우리 모두에게 묻는다. “부당한 현실 앞에서, 당신은 침묵할 것인가? 아니면 맞설 것인가?”', 'https://image.aladin.co.kr/product/37607/1/cover200/k202032930_1.jpg');
INSERT INTO author (author_id, name) VALUES (91, '오희표');
INSERT INTO book_author (book_id, author_id) VALUES (72, 91);
INSERT INTO book (book_id, title, subcategory_id, publisher_id, price, point, published_date, description, image_url) VALUES (73, '비전공자도 이해하는 서비스 연동개발의 모든것', 15, 36, 15200, NULL, '2025-09-25', '', 'https://image.aladin.co.kr/product/37607/0/cover200/k282032930_1.jpg');
INSERT INTO author (author_id, name) VALUES (92, 'K.andy');
INSERT INTO book_author (book_id, author_id) VALUES (73, 92);
INSERT INTO book (book_id, title, subcategory_id, publisher_id, price, point, published_date, description, image_url) VALUES (74, '수학이 증언하는 기적 예수님의 부활', 11, 12, 30000, NULL, '2025-10-20', '', 'https://image.aladin.co.kr/product/37606/97/cover200/k252032930_1.jpg');
INSERT INTO author (author_id, name) VALUES (93, '손혁');
INSERT INTO author (author_id, name) VALUES (94, '금가현');
INSERT INTO book_author (book_id, author_id) VALUES (74, 93);
INSERT INTO book_author (book_id, author_id) VALUES (74, 94);
INSERT INTO book (book_id, title, subcategory_id, publisher_id, price, point, published_date, description, image_url) VALUES (75, '수학이 증언하는 기적 구름기둥 불기둥 - 구름과 불의 회전, 인간정신의 수학', 11, 12, 45200, NULL, '2025-10-22', '', 'https://image.aladin.co.kr/product/37606/97/cover200/k142032930_1.jpg');
INSERT INTO book_author (book_id, author_id) VALUES (75, 93);
INSERT INTO book_author (book_id, author_id) VALUES (75, 94);
INSERT INTO publisher (publisher_id, name) VALUES (38, '재담');
INSERT INTO book (book_id, title, subcategory_id, publisher_id, price, point, published_date, description, image_url) VALUES (76, '피와 재의 여왕 5', 1, 38, 6300, 350, '2025-11-10', '찬연당의 바도 VS 젠과 나나하라 콤비의 사투는 마침내 클라이맥스! 아직 개화하지 않았던 진짜 능력을 각성하는 젠. 가속시키는 힘으로 등을 밀어주는 나나하라. 승부의 행방은 어디로 향하는가?! 그리고 바도의 전투를 지원하기 위해 온 도지마의 진짜 목적은? 도미노와 그가 맺은 협정이란?!', 'https://image.aladin.co.kr/product/37606/96/cover200/k132032930_1.jpg');
INSERT INTO author (author_id, name) VALUES (95, '바코 하지메');
INSERT INTO book_author (book_id, author_id) VALUES (76, 95);
INSERT INTO book (book_id, title, subcategory_id, publisher_id, price, point, published_date, description, image_url) VALUES (77, '수학이 증언하는 기적 하나님의 천지창조', 11, 12, 30000, NULL, '2025-10-20', '', 'https://image.aladin.co.kr/product/37606/96/cover200/k022032930_1.jpg');
INSERT INTO book_author (book_id, author_id) VALUES (77, 93);
INSERT INTO book_author (book_id, author_id) VALUES (77, 94);
INSERT INTO publisher (publisher_id, name) VALUES (39, '진선아이');
INSERT INTO book (book_id, title, subcategory_id, publisher_id, price, point, published_date, description, image_url) VALUES (78, '식물원 온실 구경하기', 13, 39, 12600, 700, '2025-11-25', '오늘은 할아버지 할머니와 함께 식물원 온실을 구경하러 간다. 온실에는 평소에 보기 힘든 신기한 식물이 가득하다. 망고, 바나나, 파인애플과 같은 맛있는 열대 과일이 잔뜩 열리는 과일나무도, 건조한 기후를 이겨 내며 씩씩하게 자라는 선인장도, 고약한 냄새를 풍기는 아모르포팔루스 티타눔 꽃도 모두 온실에서 만날 수 있다.', 'https://image.aladin.co.kr/product/37606/93/cover200/k902032930_1.jpg');
INSERT INTO author (author_id, name) VALUES (96, '마쓰오카 다쓰히데');
INSERT INTO translator (translator_id, name) VALUES (16, '최종호');
INSERT INTO book_author (book_id, author_id) VALUES (78, 96);
INSERT INTO book_translator (book_id, translator_id) VALUES (78, 16);
INSERT INTO book (book_id, title, subcategory_id, publisher_id, price, point, published_date, description, image_url) VALUES (79, '지방의 시간', 17, 12, 19900, NULL, '2025-10-22', '', 'https://image.aladin.co.kr/product/37606/92/cover200/k982032930_1.jpg');
INSERT INTO author (author_id, name) VALUES (97, '이유신');
INSERT INTO book_author (book_id, author_id) VALUES (79, 97);
INSERT INTO book (book_id, title, subcategory_id, publisher_id, price, point, published_date, description, image_url) VALUES (80, '미국주식 곡소리날때 매수하라', 4, 12, 17000, NULL, '2025-10-22', '', 'https://image.aladin.co.kr/product/37606/90/cover200/k972032930_1.jpg');
INSERT INTO author (author_id, name) VALUES (98, '박지영');
INSERT INTO book_author (book_id, author_id) VALUES (80, 98);
INSERT INTO book (book_id, title, subcategory_id, publisher_id, price, point, published_date, description, image_url) VALUES (81, '100세 인생 300년의 삶', 9, 12, 17000, NULL, '2025-10-21', '', 'https://image.aladin.co.kr/product/37606/89/cover200/k962032930_1.jpg');
INSERT INTO author (author_id, name) VALUES (99, '이윤성');
INSERT INTO book_author (book_id, author_id) VALUES (81, 99);
INSERT INTO subcategory (subcategory_id, category_id, subcategory_name) VALUES (21, 1, '건강/취미');
INSERT INTO book (book_id, title, subcategory_id, publisher_id, price, point, published_date, description, image_url) VALUES (82, '쏘니의 시대 축구 영어', 21, 12, 18000, NULL, '2025-10-22', '', 'https://image.aladin.co.kr/product/37606/89/cover200/k952032930_1.jpg');
INSERT INTO author (author_id, name) VALUES (100, '손태건');
INSERT INTO book_author (book_id, author_id) VALUES (82, 100);
INSERT INTO book (book_id, title, subcategory_id, publisher_id, price, point, published_date, description, image_url) VALUES (83, '코딩테스트에 필요한 파이썬 수학 라이브러리', 15, 36, 27900, NULL, '2025-10-30', '', 'https://image.aladin.co.kr/product/37606/88/cover200/k812032939_1.jpg');
INSERT INTO author (author_id, name) VALUES (101, '김아인');
INSERT INTO book_author (book_id, author_id) VALUES (83, 101);
INSERT INTO publisher (publisher_id, name) VALUES (40, '작가와비평');
INSERT INTO book (book_id, title, subcategory_id, publisher_id, price, point, published_date, description, image_url) VALUES (84, '마음 따라 걷는 거야', 9, 40, 19000, 600, '2025-11-15', '8개국을 트레킹하며 자연이 주는 황홀한 순간들을 생생하게 기록한 여행 에세이이다. 저자는 퇴임 후 2년 반 동안 20여 곳의 해외 원정을 포함하여 대부분의 시간을 트레킹으로 보내면서, 살아 있음을 온몸으로 느끼고 있다. 하루도 빠짐없이 남긴 기록은 간결하면서도 그날그날의 생동감이 고스란히 담고 있다.', 'https://image.aladin.co.kr/product/37606/86/cover200/k802032939_1.jpg');
INSERT INTO author (author_id, name) VALUES (102, '박동기');
INSERT INTO book_author (book_id, author_id) VALUES (84, 102);
INSERT INTO book (book_id, title, subcategory_id, publisher_id, price, point, published_date, description, image_url) VALUES (85, '고전문학 박사가 만들고 엄마·아빠·선생님이 읽어주는 옛이야기 저장소', 10, 12, 18900, NULL, '2025-10-21', '', 'https://image.aladin.co.kr/product/37606/85/cover200/k892032939_1.jpg');
INSERT INTO author (author_id, name) VALUES (103, '손기광');
INSERT INTO book_author (book_id, author_id) VALUES (85, 103);
INSERT INTO publisher (publisher_id, name) VALUES (41, '대원씨아이(잡지)');
INSERT INTO subcategory (subcategory_id, category_id, subcategory_name) VALUES (22, 1, '잡지');
INSERT INTO book (book_id, title, subcategory_id, publisher_id, price, point, published_date, description, image_url) VALUES (86, '코믹 챔프 Vol.22 - 2025.11.15', 22, 41, 2850, 30, '2025-11-04', '', 'https://image.aladin.co.kr/product/37606/84/cover200/k852032939_1.jpg');
INSERT INTO author (author_id, name) VALUES (104, '대원씨아이 편집부');
INSERT INTO book_author (book_id, author_id) VALUES (86, 104);
INSERT INTO book (book_id, title, subcategory_id, publisher_id, price, point, published_date, description, image_url) VALUES (87, '길 찾는 개미', 6, 12, 11800, NULL, '2025-10-25', '', 'https://image.aladin.co.kr/product/37606/84/cover200/k702032939_1.jpg');
INSERT INTO author (author_id, name) VALUES (105, '마지운');
INSERT INTO book_author (book_id, author_id) VALUES (87, 105);
INSERT INTO book (book_id, title, subcategory_id, publisher_id, price, point, published_date, description, image_url) VALUES (88, 'CNCF 생태계 실전 아키텍처 가이드 - 오픈소스와 쿠버네티스로 완성하는 클라우드 네이티브', 15, 36, 29800, NULL, '2025-10-27', '', 'https://image.aladin.co.kr/product/37606/84/cover200/k782032939_1.jpg');
INSERT INTO author (author_id, name) VALUES (106, 'KR.UM');
INSERT INTO book_author (book_id, author_id) VALUES (88, 106);
INSERT INTO book (book_id, title, subcategory_id, publisher_id, price, point, published_date, description, image_url) VALUES (89, '슬픔을 바늘로 뜰 수 있다면', 6, 12, 8800, NULL, '2025-10-20', '', 'https://image.aladin.co.kr/product/37606/83/cover200/k662032939_1.jpg');
INSERT INTO author (author_id, name) VALUES (107, '생의 한 가운데(김태은');
INSERT INTO author (author_id, name) VALUES (108, '이수진)');
INSERT INTO book_author (book_id, author_id) VALUES (89, 107);
INSERT INTO book_author (book_id, author_id) VALUES (89, 108);
INSERT INTO publisher (publisher_id, name) VALUES (42, '그린쿱협동조합(잡지)');
INSERT INTO book (book_id, title, subcategory_id, publisher_id, price, point, published_date, description, image_url) VALUES (90, '월간 가드닝 Gardening 2025.11', 22, 42, 12350, 130, '2025-11-04', '', 'https://image.aladin.co.kr/product/37606/83/cover200/k652032939_1.jpg');
INSERT INTO author (author_id, name) VALUES (109, '월간가드닝 편집부');
INSERT INTO book_author (book_id, author_id) VALUES (90, 109);
INSERT INTO publisher (publisher_id, name) VALUES (43, '월간세라믹스사(잡지)');
INSERT INTO book (book_id, title, subcategory_id, publisher_id, price, point, published_date, description, image_url) VALUES (91, '월간 도예 2025.11', 22, 43, 12350, 130, '2025-11-04', '', 'https://image.aladin.co.kr/product/37606/81/cover200/k522032939_1.jpg');
INSERT INTO author (author_id, name) VALUES (110, '월간도예 편집부');
INSERT INTO book_author (book_id, author_id) VALUES (91, 110);
INSERT INTO book (book_id, title, subcategory_id, publisher_id, price, point, published_date, description, image_url) VALUES (92, '5학년 지우개반 우리는 나아간다(아뵤)', 10, 12, 8800, NULL, '2025-10-21', '', 'https://image.aladin.co.kr/product/37606/81/cover200/k502032939_1.jpg');
INSERT INTO author (author_id, name) VALUES (111, '유세영 선생님');
INSERT INTO author (author_id, name) VALUES (112, '5학년 6반 학생들');
INSERT INTO book_author (book_id, author_id) VALUES (92, 111);
INSERT INTO book_author (book_id, author_id) VALUES (92, 112);
INSERT INTO book (book_id, title, subcategory_id, publisher_id, price, point, published_date, description, image_url) VALUES (93, '세라믹 코리아 Ceramics Korea 2025.11', 22, 43, 14250, 150, '2025-11-04', '', 'https://image.aladin.co.kr/product/37606/80/cover200/k412032939_1.jpg');
INSERT INTO author (author_id, name) VALUES (113, '월간세라믹스 편집부');
INSERT INTO book_author (book_id, author_id) VALUES (93, 113);
INSERT INTO publisher (publisher_id, name) VALUES (44, '불광출판사');
INSERT INTO book (book_id, title, subcategory_id, publisher_id, price, point, published_date, description, image_url) VALUES (94, '2026 화엄 탁상용 달력 - 서기 2026년 / 불기 2570년 / 단기 4359년 / 병오년 丙午年', 21, 44, 13500, 750, '2025-11-04', '2026년 달력 &lt;화엄&gt;은 오랜 시간과 고요함이 깃든 열두 곳의 아름다운 화엄 사찰과 사지에서 마주한, 마음속 깊이 스며들 평화로운 순간들을 오롯이 담았다.', 'https://image.aladin.co.kr/product/37606/78/cover200/k492032939_1.jpg');
INSERT INTO author (author_id, name) VALUES (114, '유동영');
INSERT INTO book_author (book_id, author_id) VALUES (94, 114);
INSERT INTO book (book_id, title, subcategory_id, publisher_id, price, point, published_date, description, image_url) VALUES (95, '2026 화엄 벽걸이 달력 - 중(中) - 서기 2026년 / 불기 2570년 / 단기 4359년 / 병오년 丙午年', 21, 44, 7200, 400, '2025-11-04', '2026년 달력 [화엄(華嚴)]은 오랜 시간과 고요함이 깃든 열두 곳의 아름다운 화엄 사찰과 사지(寺址)에서 마주한, 마음속 깊이 스며들 평화로운 순간들을 오롯이 담았다.', 'https://image.aladin.co.kr/product/37606/78/cover200/k472032939_1.jpg');
INSERT INTO book_author (book_id, author_id) VALUES (95, 114);
INSERT INTO publisher (publisher_id, name) VALUES (45, 'ARCHI-LAB(아키랩)');
INSERT INTO book (book_id, title, subcategory_id, publisher_id, price, point, published_date, description, image_url) VALUES (96, '건축문화 Architecture and Culture 2025.11', 22, 45, 28500, 300, '2025-11-04', '', 'https://image.aladin.co.kr/product/37606/78/cover200/k322032939_1.jpg');
INSERT INTO author (author_id, name) VALUES (115, '건축문화 편집부');
INSERT INTO book_author (book_id, author_id) VALUES (96, 115);
INSERT INTO book (book_id, title, subcategory_id, publisher_id, price, point, published_date, description, image_url) VALUES (97, '내일을 기다리는 너에게', 18, 12, 7700, NULL, '2025-10-22', '', 'https://image.aladin.co.kr/product/37606/77/cover200/k302032939_1.jpg');
INSERT INTO author (author_id, name) VALUES (116, '김민서');
INSERT INTO book_author (book_id, author_id) VALUES (97, 116);
INSERT INTO publisher (publisher_id, name) VALUES (46, '월간이하우징(잡지)');
INSERT INTO book (book_id, title, subcategory_id, publisher_id, price, point, published_date, description, image_url) VALUES (98, '이하우징 2025.11', 22, 46, 12350, 130, '2025-11-04', '', 'https://image.aladin.co.kr/product/37606/76/cover200/k392032939_1.jpg');
INSERT INTO author (author_id, name) VALUES (117, '이하우징 편집부');
INSERT INTO book_author (book_id, author_id) VALUES (98, 117);
INSERT INTO book (book_id, title, subcategory_id, publisher_id, price, point, published_date, description, image_url) VALUES (99, '당신은 선물입니다', 6, 12, 8600, NULL, '2025-10-30', '', 'https://image.aladin.co.kr/product/37606/76/cover200/k372032939_1.jpg');
INSERT INTO author (author_id, name) VALUES (118, '주희진');
INSERT INTO book_author (book_id, author_id) VALUES (99, 118);
INSERT INTO book (book_id, title, subcategory_id, publisher_id, price, point, published_date, description, image_url) VALUES (100, '2026 화엄 벽걸이 달력 - 소(小) - 서기 2026년 / 불기 2570년 / 단기 4359년 / 병오년 丙午年', 21, 44, 4500, 250, '2025-11-04', '2026년 달력 [화엄(華嚴)]은 오랜 시간과 고요함이 깃든 열두 곳의 아름다운 화엄 사찰과 사지(寺址)에서 마주한, 마음속 깊이 스며들 평화로운 순간들을 오롯이 담았다.', 'https://image.aladin.co.kr/product/37606/76/cover200/k362032939_1.jpg');
INSERT INTO book_author (book_id, author_id) VALUES (100, 114);
INSERT INTO publisher (publisher_id, name) VALUES (47, '한국문연');
INSERT INTO book (book_id, title, subcategory_id, publisher_id, price, point, published_date, description, image_url) VALUES (101, '불멸의 테이블 - 사공경 시집', 6, 47, 11700, 650, '2025-11-05', '', 'https://image.aladin.co.kr/product/37606/76/cover200/8961044036_1.jpg');
INSERT INTO author (author_id, name) VALUES (119, '사공경');
INSERT INTO book_author (book_id, author_id) VALUES (101, 119);
INSERT INTO publisher (publisher_id, name) VALUES (48, '시매쓰');
INSERT INTO book (book_id, title, subcategory_id, publisher_id, price, point, published_date, description, image_url) VALUES (102, '개념이 쉬워지는 생각수학 6-1 (2026년) - 2022 개정 교육과정', 8, 48, 14850, 820, '2025-10-31', '초등학교 저학년들에게 익숙한 세계 명작동화나 전래동화 속 이야기를 활용하여 수학을 재미있게 배우면서 동시에 개념과 원리를 스스로 탐구하고 이해할 수 있도록 구성한 신개념 초등수학 개념 기본서다.', 'https://image.aladin.co.kr/product/37606/75/cover200/k222032939_1.jpg');
INSERT INTO author (author_id, name) VALUES (120, '시매쓰수학연구소');
INSERT INTO book_author (book_id, author_id) VALUES (102, 120);
INSERT INTO book (book_id, title, subcategory_id, publisher_id, price, point, published_date, description, image_url) VALUES (103, '나는 어떤 엄마가 되고 싶었던 걸까', 6, 12, 11800, NULL, '2025-10-30', '', 'https://image.aladin.co.kr/product/37606/75/cover200/k292032939_1.jpg');
INSERT INTO book_author (book_id, author_id) VALUES (103, 118);
INSERT INTO publisher (publisher_id, name) VALUES (49, '테크월드(잡지)');
INSERT INTO book (book_id, title, subcategory_id, publisher_id, price, point, published_date, description, image_url) VALUES (104, '임베디드 월드 Embedded World 2025.11', 22, 49, 14250, 150, '2025-11-04', '', 'https://image.aladin.co.kr/product/37606/75/cover200/k282032939_1.jpg');
INSERT INTO author (author_id, name) VALUES (121, '임베디드 월드 편집부');
INSERT INTO book_author (book_id, author_id) VALUES (104, 121);
INSERT INTO book (book_id, title, subcategory_id, publisher_id, price, point, published_date, description, image_url) VALUES (105, '나쁜 여자를 넘어 대체 불가능한 여자로', 20, 36, 19600, NULL, '2025-10-24', '', 'https://image.aladin.co.kr/product/37606/74/cover200/k112032939_1.jpg');
INSERT INTO author (author_id, name) VALUES (122, '오인사');
INSERT INTO book_author (book_id, author_id) VALUES (105, 122);
INSERT INTO book (book_id, title, subcategory_id, publisher_id, price, point, published_date, description, image_url) VALUES (106, '개념이 쉬워지는 생각수학 5-1 (2026년) - 2022 개정 교육과정', 8, 48, 14850, 820, '2025-10-31', '초등학교 저학년들에게 익숙한 세계 명작동화나 전래동화 속 이야기를 활용하여 수학을 재미있게 배우면서 동시에 개념과 원리를 스스로 탐구하고 이해할 수 있도록 구성한 신개념 초등수학 개념 기본서다.', 'https://image.aladin.co.kr/product/37606/74/cover200/k122032939_1.jpg');
INSERT INTO book_author (book_id, author_id) VALUES (106, 120);
INSERT INTO publisher (publisher_id, name) VALUES (50, '빅미디어(잡지)');
INSERT INTO book (book_id, title, subcategory_id, publisher_id, price, point, published_date, description, image_url) VALUES (107, '파크골프가이드 2025.11', 22, 50, 14250, 150, '2025-11-04', '', 'https://image.aladin.co.kr/product/37606/74/cover200/k172032939_1.jpg');
INSERT INTO author (author_id, name) VALUES (123, '빅미디어 편집부');
INSERT INTO book_author (book_id, author_id) VALUES (107, 123);
INSERT INTO book (book_id, title, subcategory_id, publisher_id, price, point, published_date, description, image_url) VALUES (108, '유형이 편해지는 생각수학 6-1 (2026년) - 2022 개정 교육과정', 8, 48, 14850, 820, '2025-10-31', '', 'https://image.aladin.co.kr/product/37606/74/cover200/k252032939_1.jpg');
INSERT INTO book_author (book_id, author_id) VALUES (108, 120);
INSERT INTO book (book_id, title, subcategory_id, publisher_id, price, point, published_date, description, image_url) VALUES (109, '유형이 편해지는 생각수학 5-1 (2026년) - 2022 개정 교육과정', 8, 48, 14850, 820, '2025-10-31', '', 'https://image.aladin.co.kr/product/37606/74/cover200/k142032939_1.jpg');
INSERT INTO book_author (book_id, author_id) VALUES (109, 120);
INSERT INTO book (book_id, title, subcategory_id, publisher_id, price, point, published_date, description, image_url) VALUES (110, '2026 화엄 벽걸이 달력 - 대(大)', 21, 44, 9000, 500, '2025-11-04', '2026년 달력 [화엄(華嚴)]은 오랜 시간과 고요함이 깃든 열두 곳의 아름다운 화엄 사찰과 사지(寺址)에서 마주한, 마음속 깊이 스며들 평화로운 순간들을 오롯이 담았다.', 'https://image.aladin.co.kr/product/37606/74/cover200/k102032939_1.jpg');
INSERT INTO book_author (book_id, author_id) VALUES (110, 114);
INSERT INTO book (book_id, title, subcategory_id, publisher_id, price, point, published_date, description, image_url) VALUES (111, '당신의 울음을 필사하는 하얀 밤', 6, 47, 11700, 650, '2025-11-05', '', 'https://image.aladin.co.kr/product/37606/73/cover200/8961044028_1.jpg');
INSERT INTO author (author_id, name) VALUES (124, '문지아');
INSERT INTO book_author (book_id, author_id) VALUES (111, 124);
INSERT INTO publisher (publisher_id, name) VALUES (51, '신흥메드싸이언스');
INSERT INTO book (book_id, title, subcategory_id, publisher_id, price, point, published_date, description, image_url) VALUES (112, '척추 초음파의 모든것', 14, 51, 90000, 2700, '2025-10-30', '', 'https://image.aladin.co.kr/product/37606/72/cover200/8964980921_1.jpg');
INSERT INTO author (author_id, name) VALUES (125, 'Iwasaki Hirosh');
INSERT INTO author (author_id, name) VALUES (126, '정효준');
INSERT INTO translator (translator_id, name) VALUES (17, '서준원');
INSERT INTO book_author (book_id, author_id) VALUES (112, 125);
INSERT INTO book_author (book_id, author_id) VALUES (112, 126);
INSERT INTO book_translator (book_id, translator_id) VALUES (112, 17);
INSERT INTO book (book_id, title, subcategory_id, publisher_id, price, point, published_date, description, image_url) VALUES (113, '골프가이드 GOLF guide 2025.11', 22, 50, 14250, 150, '2025-11-04', '', 'https://image.aladin.co.kr/product/37606/71/cover200/k922032939_1.jpg');
INSERT INTO book_author (book_id, author_id) VALUES (113, 123);
INSERT INTO publisher (publisher_id, name) VALUES (52, '좋은땅');
INSERT INTO book (book_id, title, subcategory_id, publisher_id, price, point, published_date, description, image_url) VALUES (114, '오늘도 나는 당신의 삶에 한 잔의 커피를 권합니다', 9, 52, 15120, 840, '2025-12-01', '삶의 매 순간을 배움으로 바라보는 교육자이자 사색가, 이왕수 저자의 에세이 《오늘도 나는 당신의 삶에 한 잔의 커피를 권합니다》는 일상 속 ‘배움’의 온도를 다시 느끼게 한다. 아이들을 가르치며 배우고, 관계 속에서 깨닫고, 실수 속에서 단단해지는 과정을 따뜻한 문장으로 풀어낸다.', 'https://image.aladin.co.kr/product/37606/71/cover200/k992032939_1.jpg');
INSERT INTO author (author_id, name) VALUES (127, '이왕수');
INSERT INTO book_author (book_id, author_id) VALUES (114, 127);
INSERT INTO publisher (publisher_id, name) VALUES (53, '김달진미술연구소');
INSERT INTO book (book_id, title, subcategory_id, publisher_id, price, point, published_date, description, image_url) VALUES (115, '서울아트가이드 Seoul Art Guide 2025.11', 22, 53, 4650, 40, '2025-11-04', '2002년 1월 창간한『서울아트가이드』는 국내외에서 개최되는 최신 미술전시정보를 한 눈에 볼 수 있는 가장 대표적인 정보지로 국내외 미술현장 소식, 칼럼 등 정확하고 전문적인 미술정보를 발행 및 보급하여 미술계 소식소통에 기여하고 있다.', 'https://image.aladin.co.kr/product/37606/69/cover200/k952032939_1.jpg');
INSERT INTO author (author_id, name) VALUES (128, '김달진미술연구소');
INSERT INTO book_author (book_id, author_id) VALUES (115, 128);
INSERT INTO subcategory (subcategory_id, category_id, subcategory_name) VALUES (23, 1, '중학교참고서');
INSERT INTO book (book_id, title, subcategory_id, publisher_id, price, point, published_date, description, image_url) VALUES (116, '혼공수학 [개념의 정식-일차방정식의 활용]', 23, 12, 14900, NULL, '2025-10-24', '', 'https://image.aladin.co.kr/product/37606/69/cover200/k812032938_1.jpg');
INSERT INTO author (author_id, name) VALUES (129, '정근창');
INSERT INTO book_author (book_id, author_id) VALUES (116, 129);
INSERT INTO book (book_id, title, subcategory_id, publisher_id, price, point, published_date, description, image_url) VALUES (117, '내 마음속 무지개', 10, 12, 9300, NULL, '2025-10-21', '', 'https://image.aladin.co.kr/product/37606/69/cover200/k802032938_1.jpg');
INSERT INTO author (author_id, name) VALUES (130, '수원선일초등학교 3학년 4반');
INSERT INTO book_author (book_id, author_id) VALUES (117, 130);
INSERT INTO publisher (publisher_id, name) VALUES (54, '디지털포스트(잡지)');
INSERT INTO book (book_id, title, subcategory_id, publisher_id, price, point, published_date, description, image_url) VALUES (118, '디지털포스트(PC사랑) 2025.11', 22, 54, 9020, 90, '2025-11-04', '', 'https://image.aladin.co.kr/product/37606/68/cover200/k892032938_1.jpg');
INSERT INTO author (author_id, name) VALUES (131, '디지털포스트 편집부');
INSERT INTO book_author (book_id, author_id) VALUES (118, 131);
INSERT INTO book (book_id, title, subcategory_id, publisher_id, price, point, published_date, description, image_url) VALUES (119, '꿈 많은 3학년3반입니다', 10, 12, 9800, NULL, '2025-10-22', '', 'https://image.aladin.co.kr/product/37606/68/cover200/k872032938_1.jpg');
INSERT INTO author (author_id, name) VALUES (132, '수원선일초등학교 3학년 3반');
INSERT INTO book_author (book_id, author_id) VALUES (119, 132);
INSERT INTO book (book_id, title, subcategory_id, publisher_id, price, point, published_date, description, image_url) VALUES (120, '섭리 그리고 지혜 - 익어가는 인생 말보다 깊은 침묵의 선물', 9, 12, 20200, NULL, '2025-10-24', '', 'https://image.aladin.co.kr/product/37606/67/cover200/k752032938_1.jpg');
INSERT INTO author (author_id, name) VALUES (133, '최민수');
INSERT INTO book_author (book_id, author_id) VALUES (120, 133);
INSERT INTO book (book_id, title, subcategory_id, publisher_id, price, point, published_date, description, image_url) VALUES (121, '구름 사탕 한 조각', 10, 12, 16500, NULL, '2025-10-22', '', 'https://image.aladin.co.kr/product/37606/67/cover200/k622032938_1.jpg');
INSERT INTO author (author_id, name) VALUES (134, '수원선일초등학교 3학년 1반');
INSERT INTO book_author (book_id, author_id) VALUES (121, 134);
INSERT INTO publisher (publisher_id, name) VALUES (55, '조선뉴스프레스');
INSERT INTO book (book_id, title, subcategory_id, publisher_id, price, point, published_date, description, image_url) VALUES (122, '글로벌 K명의는 병을 이렇게 다스립니다 - 세계 의료 이끄는 한국 최고 의사 31명 ''건강 특진실''', 21, 55, 17100, 950, '2025-10-21', '병에 걸리면 결국 의사를 잘 만나는 것이 처음이자 끝이라고 할 수 있다. 건강할 때는 건강 정보를 찾아 읽고, 건강 프로그램을 시청하며, 건강기능식품을 챙겨 먹지만, 막상 병이 찾아오면 환자가 스스로 할 수 있는 일은 많지 않다. 책은 ‘진짜 명의는 누구인가’라는 질문에서 출발했다. 진짜 명의에게 진짜 건강 이야기를 듣는 것이 이 책의 목적이다.', 'https://image.aladin.co.kr/product/37606/65/cover200/k602032938_1.jpg');
INSERT INTO author (author_id, name) VALUES (135, '김공필');
INSERT INTO book_author (book_id, author_id) VALUES (122, 135);
INSERT INTO book (book_id, title, subcategory_id, publisher_id, price, point, published_date, description, image_url) VALUES (123, '떠남은 사랑의 또 다른 이름', 6, 12, 8100, NULL, '2025-09-26', '', 'https://image.aladin.co.kr/product/37606/65/cover200/k692032938_1.jpg');
INSERT INTO author (author_id, name) VALUES (136, '조인근');
INSERT INTO book_author (book_id, author_id) VALUES (123, 136);
INSERT INTO publisher (publisher_id, name) VALUES (56, '더로드');
INSERT INTO book (book_id, title, subcategory_id, publisher_id, price, point, published_date, description, image_url) VALUES (124, '생각의 파도 - 마인드가 부를 부른다', 20, 56, 17100, 950, '2025-11-05', '', 'https://image.aladin.co.kr/product/37606/65/cover200/k672032938_1.jpg');
INSERT INTO author (author_id, name) VALUES (137, '정범희');
INSERT INTO book_author (book_id, author_id) VALUES (124, 137);
INSERT INTO publisher (publisher_id, name) VALUES (57, '오렌지연필');
INSERT INTO book (book_id, title, subcategory_id, publisher_id, price, point, published_date, description, image_url) VALUES (125, '우리나라 예쁜 동시 따라 쓰기 - 꽃처럼 피어나는 아름다운 시', 10, 57, 12420, 690, '2025-11-14', '오랜 세월 사랑받아온 우리나라의 아름다운 동시들을 다시 불러오는 책이다. 짧은 시 한 편, 따뜻한 그림 한 장, 그리고 그 시를 따라 써 내려가는 한 줄 한 줄 속에서 독자는 잊고 지냈던 감성과 평온을 되찾는다.', 'https://image.aladin.co.kr/product/37606/65/cover200/k662032938_1.jpg');
INSERT INTO author (author_id, name) VALUES (138, '이강래 (엮은이)');
INSERT INTO book_author (book_id, author_id) VALUES (125, 138);
INSERT INTO publisher (publisher_id, name) VALUES (58, '블록체인투데이(잡지)');
INSERT INTO book (book_id, title, subcategory_id, publisher_id, price, point, published_date, description, image_url) VALUES (126, '블록체인투데이 BlockChain Today 2025.11', 22, 58, 12350, 130, '2025-11-04', '', 'https://image.aladin.co.kr/product/37606/64/cover200/k652032938_1.jpg');
INSERT INTO author (author_id, name) VALUES (139, '블록체인투데이 편집부');
INSERT INTO book_author (book_id, author_id) VALUES (126, 139);
INSERT INTO book (book_id, title, subcategory_id, publisher_id, price, point, published_date, description, image_url) VALUES (127, '우리의 빛이 머문 자리', 18, 12, 12300, NULL, '2025-10-24', '', 'https://image.aladin.co.kr/product/37606/63/cover200/k502032938_1.jpg');
INSERT INTO author (author_id, name) VALUES (140, '한울');
INSERT INTO book_author (book_id, author_id) VALUES (127, 140);
INSERT INTO publisher (publisher_id, name) VALUES (59, '곰단지(잡지)');
INSERT INTO book (book_id, title, subcategory_id, publisher_id, price, point, published_date, description, image_url) VALUES (128, '곰단지야 2025.11', 22, 59, 3320, 30, '2025-11-04', '', 'https://image.aladin.co.kr/product/37606/62/cover200/k582032938_1.jpg');
INSERT INTO author (author_id, name) VALUES (141, '곰단지 편집부');
INSERT INTO book_author (book_id, author_id) VALUES (128, 141);
INSERT INTO publisher (publisher_id, name) VALUES (60, '올배움');
INSERT INTO book (book_id, title, subcategory_id, publisher_id, price, point, published_date, description, image_url) VALUES (129, '2026 名品 식물보호기사·산업기사 과년도 필기 - 필기 과년도, CBT 모의고사', 3, 60, 24300, 1350, '2026-01-10', '', 'https://image.aladin.co.kr/product/37606/61/cover200/k442032938_1.jpg');
INSERT INTO author (author_id, name) VALUES (142, '권현준');
INSERT INTO book_author (book_id, author_id) VALUES (129, 142);
INSERT INTO book (book_id, title, subcategory_id, publisher_id, price, point, published_date, description, image_url) VALUES (130, '빛바랜 청춘', 6, 12, 12000, NULL, '2025-10-22', '', 'https://image.aladin.co.kr/product/37606/60/cover200/k492032938_1.jpg');
INSERT INTO author (author_id, name) VALUES (143, '변이삭');
INSERT INTO book_author (book_id, author_id) VALUES (130, 143);
INSERT INTO publisher (publisher_id, name) VALUES (61, '싱긋');
INSERT INTO book (book_id, title, subcategory_id, publisher_id, price, point, published_date, description, image_url) VALUES (131, '브랜뉴 스위밍클럽 - 2025 경기히든작가', 6, 61, 13500, 750, '2025-11-13', '무한한 가능성을 지닌 작가들이 한국 문학의 내일로 성장할 수 있도록 지원하는 ‘경기히든작가’ 프로젝트로, 소설 부문 당선작인 장상미 연작소설 『브랜뉴 스위밍클럽』이 출간되었다. 이번 작품은 ‘브랜뉴 스위밍클럽’이라는 ‘젊음’의 판타지 공간을 배경으로 삼례, 강일, 옥정의 세 인물이 겪는 노년의 존재 가치와 열정, 사랑을 그린 세 편의 연작소설을 담았다.', 'https://image.aladin.co.kr/product/37606/60/cover200/k482032938_1.jpg');
INSERT INTO author (author_id, name) VALUES (144, '장상미');
INSERT INTO book_author (book_id, author_id) VALUES (131, 144);
INSERT INTO book (book_id, title, subcategory_id, publisher_id, price, point, published_date, description, image_url) VALUES (132, '2026 名品 종자기사/산업기사 과년도 필기 - 필기 과년도, CBT 모의고사', 3, 60, 22500, 1250, '2026-01-10', '', 'https://image.aladin.co.kr/product/37606/58/cover200/k472032938_1.jpg');
INSERT INTO book_author (book_id, author_id) VALUES (132, 142);
INSERT INTO publisher (publisher_id, name) VALUES (62, '함께자람(교학사)');
INSERT INTO book (book_id, title, subcategory_id, publisher_id, price, point, published_date, description, image_url) VALUES (133, '둘 중 하나는 게임 오버', 10, 62, 13500, 750, '2025-11-01', '주변의 모든 것이 마음에 들지 않는 아이 한솔이. 다른 세상이라면, 좀 더 멋진 모습이라면 모두가 나에게 주목하지 않을까? 작은 바람에서 시작된 한솔이의 새로운 세상 게임 속 ‘드림피아’에서 아바타가 되다. 게임과 현실 사이에서 길을 잃은 한솔이가 진짜 소중한 것을 찾고 과연 현실로 돌아올 수 있을까?', 'https://image.aladin.co.kr/product/37606/57/cover200/8909553030_1.jpg');
INSERT INTO author (author_id, name) VALUES (145, '오드');
INSERT INTO author (author_id, name) VALUES (146, '이수현 (그림)');
INSERT INTO book_author (book_id, author_id) VALUES (133, 145);
INSERT INTO book_author (book_id, author_id) VALUES (133, 146);
INSERT INTO publisher (publisher_id, name) VALUES (63, '신아출판사');
INSERT INTO book (book_id, title, subcategory_id, publisher_id, price, point, published_date, description, image_url) VALUES (134, '진주성 승전기', 6, 63, 16200, 900, '2025-10-30', '임진왜란의 분수령이 된 진주성 전투를 그린 정통 역사소설. 김시민 장군과 3천의 군사가 3만의 적을 막아낸 기적 같은 승리를 통해 용기와 희생, 신념의 힘을 되새긴다.', 'https://image.aladin.co.kr/product/37606/57/cover200/k312032938_1.jpg');
INSERT INTO author (author_id, name) VALUES (147, '유복환');
INSERT INTO book_author (book_id, author_id) VALUES (134, 147);
INSERT INTO book (book_id, title, subcategory_id, publisher_id, price, point, published_date, description, image_url) VALUES (135, '2026 名品 종자기사/산업기사 필기 - 최신 출제기준 반영', 3, 60, 31500, 1750, '2026-01-10', '한 권으로 공부해도 합격할 수 있도록 출제경향을 철저하고 세밀하게 파악하여 수험생들이 쉽고 빠르게 접근할 수 있도록 이론과 기출문제를 분석하였고, 각 문제마다 충분한 해설을 하여 종자기사/산업기사 필기에 대비할 수 있도록 구성하였다.', 'https://image.aladin.co.kr/product/37606/57/cover200/k322032938_1.jpg');
INSERT INTO book_author (book_id, author_id) VALUES (135, 142);
INSERT INTO publisher (publisher_id, name) VALUES (64, '타임(잡지)');
INSERT INTO book (book_id, title, subcategory_id, publisher_id, price, point, published_date, description, image_url) VALUES (136, '타임 아시아 Time Asia : 2025.11.10', 22, 64, 12820, 130, '2025-11-04', '', 'https://image.aladin.co.kr/product/37606/56/cover200/k372032938_1.jpg');
INSERT INTO author (author_id, name) VALUES (148, '아시아타임즈');
INSERT INTO book_author (book_id, author_id) VALUES (136, 148);
INSERT INTO book (book_id, title, subcategory_id, publisher_id, price, point, published_date, description, image_url) VALUES (137, '2026 名品 유기농업기능사 필기 - 최신 출제기준 반영', 3, 60, 22500, 1250, '2026-01-10', '한 권으로 공부해도 합격할 수 있도록 출제경향을 철저하고 세밀하게 파악하여 수험생들이 쉽고 빠르게 접근할 수 있도록 이론과 기출문제를 완벽분석하였고, 각 문제마다 충분한 해설을 하여 유기농업기능사 시험에 대비할 수 있도록 구성하였다.', 'https://image.aladin.co.kr/product/37606/56/cover200/k382032938_1.jpg');
INSERT INTO book_author (book_id, author_id) VALUES (137, 142);
INSERT INTO book (book_id, title, subcategory_id, publisher_id, price, point, published_date, description, image_url) VALUES (138, '온라인 유통 성장 로드맵 - 스마트스토어, 쿠팡으로 시작하는 온라인 판매의 모든 것', 4, 12, 18000, NULL, '2025-11-01', '', 'https://image.aladin.co.kr/product/37606/52/cover200/k202032938_1.jpg');
INSERT INTO author (author_id, name) VALUES (149, '전의진');
INSERT INTO author (author_id, name) VALUES (150, '권오석');
INSERT INTO book_author (book_id, author_id) VALUES (138, 149);
INSERT INTO book_author (book_id, author_id) VALUES (138, 150);
INSERT INTO publisher (publisher_id, name) VALUES (65, '교유서가');
INSERT INTO book (book_id, title, subcategory_id, publisher_id, price, point, published_date, description, image_url) VALUES (139, '삶은 도서관 - 책과 사람 사이에서 살아가는 이야기, 2025 경기히든작가 선정작', 9, 65, 13500, 750, '2025-11-13', '무한한 가능성을 지닌 작가들이 한국 문학의 내일로 성장할 수 있도록 지원하는 ‘경기히든작가’ 프로젝트로, 산문 부문 당선작인 인자 작가의 에세이 『삶은 도서관』이 출간되었다. 20년간 광고·홍보 전문가로 일하던 저자가 마흔 중반, 공공도서관 노동자로 ‘제2의 인생’을 시작하며 펼쳐지는 놀라운 관찰과 성찰의 기록이다.', 'https://image.aladin.co.kr/product/37606/52/cover200/k272032938_1.jpg');
INSERT INTO author (author_id, name) VALUES (151, '인자');
INSERT INTO book_author (book_id, author_id) VALUES (139, 151);
INSERT INTO publisher (publisher_id, name) VALUES (66, '세진사');
INSERT INTO book (book_id, title, subcategory_id, publisher_id, price, point, published_date, description, image_url) VALUES (140, '2026 지적직공무원 지적전산학 기출문제집 & 합격모의고사 - 개정9판, 기술직공무원 시험 대비', 3, 66, 27550, 1450, '2026-01-21', '지적직공무원 시험의 지적전산학 과목의 기출문제 및 합격모의고사를 수록하였다. 년도별 기출문제를 수록하여 문제의 출제경향분석뿐만 아니라 출제빈도 및 난이도를 수험생들이 쉽게 파악할 수 있도록 하였다.', 'https://image.aladin.co.kr/product/37606/13/cover200/k962032938_1.jpg');
INSERT INTO author (author_id, name) VALUES (152, '이영수');
INSERT INTO book_author (book_id, author_id) VALUES (140, 152);
INSERT INTO book (book_id, title, subcategory_id, publisher_id, price, point, published_date, description, image_url) VALUES (141, '작은 숨고르기의 기적', 9, 34, 7500, NULL, '2025-10-10', '', 'https://image.aladin.co.kr/product/37606/10/cover200/k882032837_1.jpg');
INSERT INTO author (author_id, name) VALUES (153, '고경서');
INSERT INTO book_author (book_id, author_id) VALUES (141, 153);
INSERT INTO publisher (publisher_id, name) VALUES (67, '두란노');
INSERT INTO book (book_id, title, subcategory_id, publisher_id, price, point, published_date, description, image_url) VALUES (142, '인공지능(AI) 시대, 전인지능(HI)으로 답하다 - 글로벌 인재를 키우는 한동대학교의 교육 전략', 7, 67, 16200, 900, '2025-11-04', '인공지능(AI) 시대에 전인지능(HI)으로 응답하며, 기독대학 한동대학교의 교육 개혁을 이끌어 온 최도성 총장의 교육 이야기다. 저자는 ‘기술이 지배하는 시대에 어떻게 교육해야 하는가’라는 담론을 던지며, 한동대학교의 사례를 통해 미래 교육의 대안과 비전을 제시한다.', 'https://image.aladin.co.kr/product/37606/10/cover200/8953152038_1.jpg');
INSERT INTO author (author_id, name) VALUES (154, '최도성');
INSERT INTO book_author (book_id, author_id) VALUES (142, 154);
INSERT INTO book (book_id, title, subcategory_id, publisher_id, price, point, published_date, description, image_url) VALUES (143, '2026 지적직공무원 지적측량 기출문제집 & 합격모의고사 - 7, 9급 기술직공무원, 한국국토정보공사 시험 대비', 3, 66, 27550, 1450, '2026-01-21', '지적측량 최신문제까지 포함된 2009년~2025년 35회 기출문제는 완벽한 해설로 실력평가와 생생한 합격감각을 키울 수 있도록 편찬하였다. 기출문제를 기반으로 만든 용어별 합격모의고사 20회 400문제를 수록하였다.', 'https://image.aladin.co.kr/product/37606/8/cover200/k872032837_1.jpg');
INSERT INTO book_author (book_id, author_id) VALUES (143, 152);
INSERT INTO publisher (publisher_id, name) VALUES (68, '사람과나무사이');
INSERT INTO book (book_id, title, subcategory_id, publisher_id, price, point, published_date, description, image_url) VALUES (144, '세계사를 바꾼 커피 이야기', 5, 68, 17100, 950, '2025-11-11', '커피는 어떻게 세계사를 바꿨을까? 이슬람 수피교도가 욕망을 억제하기 위한 도구로 마시던 ‘검은 음료’가 역설적으로 상업자본가와 정치권력자의 ‘검은 욕망’을 자극하며 아라비아와 유럽, 나아가 전 세계를 제패한 이야기를 다룬다.', 'https://image.aladin.co.kr/product/37606/8/cover200/k862032837_1.jpg');
INSERT INTO author (author_id, name) VALUES (155, '우스이 류이치로');
INSERT INTO translator (translator_id, name) VALUES (18, '김수경');
INSERT INTO book_author (book_id, author_id) VALUES (144, 155);
INSERT INTO book_translator (book_id, translator_id) VALUES (144, 18);
INSERT INTO book (book_id, title, subcategory_id, publisher_id, price, point, published_date, description, image_url) VALUES (145, '여름이었다 - 별들의 이야기', 6, 12, 12700, NULL, '2025-10-22', '', 'https://image.aladin.co.kr/product/37606/8/cover200/k712032837_1.jpg');
INSERT INTO author (author_id, name) VALUES (156, '하서연');
INSERT INTO book_author (book_id, author_id) VALUES (145, 156);
INSERT INTO publisher (publisher_id, name) VALUES (69, '예문에듀');
INSERT INTO book (book_id, title, subcategory_id, publisher_id, price, point, published_date, description, image_url) VALUES (146, '2026 산업안전기사 필기 (최현준) - 전2권', 3, 69, 37800, 2100, '2026-01-20', '', 'https://image.aladin.co.kr/product/37793/2/cover200/k412033276_1.jpg');
INSERT INTO author (author_id, name) VALUES (157, '최현준');
INSERT INTO author (author_id, name) VALUES (158, '서진수');
INSERT INTO author (author_id, name) VALUES (159, '이철한');
INSERT INTO author (author_id, name) VALUES (160, '이승호');
INSERT INTO book_author (book_id, author_id) VALUES (146, 157);
INSERT INTO book_author (book_id, author_id) VALUES (146, 158);
INSERT INTO book_author (book_id, author_id) VALUES (146, 159);
INSERT INTO book_author (book_id, author_id) VALUES (146, 160);
INSERT INTO publisher (publisher_id, name) VALUES (70, 'YNK MEDIA(만화)');
INSERT INTO book (book_id, title, subcategory_id, publisher_id, price, point, published_date, description, image_url) VALUES (147, '블루 피리어드 2 - 시프트코믹스', 1, 70, 5400, 300, '2025-11-27', '그림 그리는 재미에 푹 빠져 미대 지원을 결심한 고교생 야구치 야토라. 인간관계와 공부를 일종의 미션으로 여기며 살아온 리얼충이 처음으로 열망을 가지면서 인생이 바뀐다. 그림을 안 그리는 사람도 공감하는 스포츠 근성의 미대 수험 스토리. 세계는 시련과 기쁨으로 가득 차 있다.', 'https://image.aladin.co.kr/product/37792/83/cover200/k942033173_1.jpg');
INSERT INTO author (author_id, name) VALUES (161, '야마구치 츠바사');
INSERT INTO translator (translator_id, name) VALUES (19, '신혜선');
INSERT INTO book_author (book_id, author_id) VALUES (147, 161);
INSERT INTO book_translator (book_id, translator_id) VALUES (147, 19);
INSERT INTO book (book_id, title, subcategory_id, publisher_id, price, point, published_date, description, image_url) VALUES (148, '이번 미션은, 생각의 무게, 인생 이야기', 6, 12, 9200, NULL, '2025-10-23', '', 'https://image.aladin.co.kr/product/37792/78/cover200/k932033179_1.jpg');
INSERT INTO author (author_id, name) VALUES (162, '배하율 외 2명');
INSERT INTO book_author (book_id, author_id) VALUES (148, 162);
INSERT INTO publisher (publisher_id, name) VALUES (71, '지식나무');
INSERT INTO book (book_id, title, subcategory_id, publisher_id, price, point, published_date, description, image_url) VALUES (149, '1955, 길 위에 나를 세우다', 6, 71, 9000, 500, '2025-10-30', '', 'https://image.aladin.co.kr/product/37792/77/cover200/k672033178_1.jpg');
INSERT INTO author (author_id, name) VALUES (163, '양경숙');
INSERT INTO book_author (book_id, author_id) VALUES (149, 163);
INSERT INTO book (book_id, title, subcategory_id, publisher_id, price, point, published_date, description, image_url) VALUES (150, '리코리스 리코일 1 - 시프트코믹스', 1, 70, 5400, 300, '2025-11-27', '흉악 범죄가 전혀 일어나지 않는 나라 일본. 그 치안을 그늘에서 유지하는 에이전트 「리코리스」의 정체는, 교복을 입은 채 도시에 녹아든 소녀들이었다.', 'https://image.aladin.co.kr/product/37792/70/cover200/k782033073_1.jpg');
INSERT INTO author (author_id, name) VALUES (164, '비젠 야스노리');
INSERT INTO author (author_id, name) VALUES (165, 'Spider Lily (원작)');
INSERT INTO translator (translator_id, name) VALUES (20, '이주엽');
INSERT INTO book_author (book_id, author_id) VALUES (150, 164);
INSERT INTO book_author (book_id, author_id) VALUES (150, 165);
INSERT INTO book_translator (book_id, translator_id) VALUES (150, 20);
INSERT INTO book (book_id, title, subcategory_id, publisher_id, price, point, published_date, description, image_url) VALUES (151, '오늘이 그날이다', 6, 71, 10800, 600, '2025-10-05', '삶의 고통과 성숙, 그리고 존재의 의미에 대해 깊이 있는 성찰 속에서도 톡톡 튀는 듯한 유머를 놓지 않고 있음을 읽는 내내 유쾌하게서술하고 있다. 각기 다른 소재와 주제를 다루고 있지만, 시인만의 독특한 시선으로 일상의 사물과 풍경을 통해 삶의 보편적인 진리를 소근대듯 속삭이고 있다.', 'https://image.aladin.co.kr/product/37792/69/cover200/k022033073_1.jpg');
INSERT INTO author (author_id, name) VALUES (166, '곽필종');
INSERT INTO book_author (book_id, author_id) VALUES (151, 166);
INSERT INTO book (book_id, title, subcategory_id, publisher_id, price, point, published_date, description, image_url) VALUES (152, '블루 피리어드 1 - 시프트코믹스', 1, 70, 5400, 300, '2025-11-27', '우수한 성적, 뛰어난 처세술. 잘 노는 ''불량아''로 통하면서 동시에 인망까지 두터운 리얼충 고교생이 하루아침에 그림 그리는 재미에 눈을 떴다. 미대를 목표로 청춘을 불태우는 스포츠 근성 수험 이야기가 펼쳐진다.', 'https://image.aladin.co.kr/product/37792/67/cover200/k202033072_1.jpg');
INSERT INTO book_author (book_id, author_id) VALUES (152, 161);
INSERT INTO book_translator (book_id, translator_id) VALUES (152, 19);
INSERT INTO book (book_id, title, subcategory_id, publisher_id, price, point, published_date, description, image_url) VALUES (153, '삶에 틀은 없어요', 6, 12, 7400, NULL, '2025-10-22', '', 'https://image.aladin.co.kr/product/37792/67/cover200/k272033072_1.jpg');
INSERT INTO author (author_id, name) VALUES (167, 'jhb');
INSERT INTO book_author (book_id, author_id) VALUES (153, 167);
INSERT INTO publisher (publisher_id, name) VALUES (72, '에이치북스');
INSERT INTO book (book_id, title, subcategory_id, publisher_id, price, point, published_date, description, image_url) VALUES (154, '2026 김정현한국사 기출의 정석 법원직 기출 550제 - 법원직 공무원 한국사 시험 대비', 3, 72, 19800, 1100, '2025-11-25', '기본서와 같은 순서로 문제를 배열해 학습 흐름을 통일했다. 2021~2025년 법원직 기출을 반영하고 기출 기반 10회분 모의고사로 실전 감각을 점검한다.', 'https://image.aladin.co.kr/product/37792/66/cover200/k262033072_1.jpg');
INSERT INTO author (author_id, name) VALUES (168, '김정현');
INSERT INTO book_author (book_id, author_id) VALUES (154, 168);
INSERT INTO book (book_id, title, subcategory_id, publisher_id, price, point, published_date, description, image_url) VALUES (155, 'SHWD 슈드 3 - 시프트코믹스', 1, 70, 5400, 300, '2025-11-27', '때는 20XX년. 의문의 생체병기 ''듀나미스''를 처리하는 특수조직 SHWD. 도쿄 지부에는 강인한 정신력의 여성 사와다와 사와다를 흠모하는 강인한 신체의 여성 코가가 함께 버디로 일하고 있다. 사와다에게 호감을 느끼는 코가와, 그와 반대로 타인에게 정을 붙이지 않는 사와다.', 'https://image.aladin.co.kr/product/37792/65/cover200/k142033072_1.jpg');
INSERT INTO author (author_id, name) VALUES (169, 'sono.N');
INSERT INTO translator (translator_id, name) VALUES (21, '신예림');
INSERT INTO book_author (book_id, author_id) VALUES (155, 169);
INSERT INTO book_translator (book_id, translator_id) VALUES (155, 21);
INSERT INTO book (book_id, title, subcategory_id, publisher_id, price, point, published_date, description, image_url) VALUES (156, '흑과 백 ~Black & White~ 3 - 시프트코믹스', 1, 70, 5400, 300, '2025-11-27', '시라카와와 쿠로다 사이에는 격한 라이벌 의식과 증오, 그리고 가끔은 육체관계를 갖는 신기한 감정이 있었다. 하지만 쿠로다가 펀드매니저 사카키바라 사토미와 친밀해지고 영업 실적도 비약적으로 오른 것에 조바심이 난 시라카와는 쿠로다를 실추시키기 위한 책략을 꾸미게 되는데...', 'https://image.aladin.co.kr/product/37792/64/cover200/k132033072_1.jpg');
INSERT INTO author (author_id, name) VALUES (170, 'Sal Jiang');
INSERT INTO translator (translator_id, name) VALUES (22, '나민형');
INSERT INTO book_author (book_id, author_id) VALUES (156, 170);
INSERT INTO book_translator (book_id, translator_id) VALUES (156, 22);
INSERT INTO book (book_id, title, subcategory_id, publisher_id, price, point, published_date, description, image_url) VALUES (157, '빠지는 날들은 너의 탓 2 - 시프트코믹스', 1, 70, 5400, 300, '2025-11-27', '비밀 교제 2년째를 맞이한 사내 인기남 하기모토 료와 동기 미즈노 유리. 아직도 그를 이름으로 부를 때 두근거리는 유리와 한편, 하기모토는 주변을 향한 질투와 견제로 쉴 틈이 없는데...', 'https://image.aladin.co.kr/product/37792/54/cover200/k402033977_1.jpg');
INSERT INTO author (author_id, name) VALUES (171, '후카사와 네지');
INSERT INTO book_author (book_id, author_id) VALUES (157, 171);
INSERT INTO book (book_id, title, subcategory_id, publisher_id, price, point, published_date, description, image_url) VALUES (158, '리코리스 리코일 1 (트리플 특전판) - 포토카드 2종 + 스티커 4종 + 일러스트 카드 1종, 시프트코믹스', 1, 70, 5400, 300, '2025-11-27', '', 'https://image.aladin.co.kr/product/37792/47/cover200/k262033972_1.jpg');
INSERT INTO book_author (book_id, author_id) VALUES (158, 164);
INSERT INTO book_author (book_id, author_id) VALUES (158, 165);
INSERT INTO book_translator (book_id, translator_id) VALUES (158, 20);
INSERT INTO book (book_id, title, subcategory_id, publisher_id, price, point, published_date, description, image_url) VALUES (159, '매지컬★익스플로러 : 에로게임의 친구 캐릭터로 전생했지만, 게임 지식을 써서 자유롭게 살아간다 10 - Shift Novel', 6, 70, 6300, 350, '2025-11-27', '', 'https://image.aladin.co.kr/product/37792/46/cover200/k362033970_1.jpg');
INSERT INTO author (author_id, name) VALUES (172, '이리스');
INSERT INTO author (author_id, name) VALUES (173, '칸나츠키 노보루 (그림)');
INSERT INTO translator (translator_id, name) VALUES (23, '이경인');
INSERT INTO book_author (book_id, author_id) VALUES (159, 172);
INSERT INTO book_author (book_id, author_id) VALUES (159, 173);
INSERT INTO book_translator (book_id, translator_id) VALUES (159, 23);
INSERT INTO publisher (publisher_id, name) VALUES (73, '합신대학원출판부');
INSERT INTO book (book_id, title, subcategory_id, publisher_id, price, point, published_date, description, image_url) VALUES (160, '고린도전서 주해', 7, 73, 33300, 1850, '2025-10-30', '', 'https://image.aladin.co.kr/product/37792/45/cover200/k582033970_1.jpg');
INSERT INTO author (author_id, name) VALUES (174, '박형용');
INSERT INTO book_author (book_id, author_id) VALUES (160, 174);
INSERT INTO book (book_id, title, subcategory_id, publisher_id, price, point, published_date, description, image_url) VALUES (161, '시로야마와 미타 씨 4 - 시프트코믹스', 1, 70, 5400, 300, '2025-11-27', '시골에 사는 시로야마 타츠히코는, 동급생 미타 타미코와 교제 중. 데이트 장소를 초등학교 남학생들에게 점거당하거나, 새로운 커플이 탄생하고, 평범하게 축제를 즐기는 등 바쁜 하루하루를 보낸다. 그러던 중, 미타 씨가 감기에 걸려버리는데…', 'https://image.aladin.co.kr/product/37792/44/cover200/k992033970_1.jpg');
INSERT INTO author (author_id, name) VALUES (175, '쿠사카베 유헤이');
INSERT INTO book_author (book_id, author_id) VALUES (161, 175);
INSERT INTO book_translator (book_id, translator_id) VALUES (161, 21);
INSERT INTO book (book_id, title, subcategory_id, publisher_id, price, point, published_date, description, image_url) VALUES (162, '대장간에서 시작하는 이세계 슬로 라이프 8 - Shift Novel', 6, 70, 7650, 420, '2025-11-27', '', 'https://image.aladin.co.kr/product/37792/41/cover200/k112033877_1.jpg');
INSERT INTO author (author_id, name) VALUES (176, '타마마루');
INSERT INTO author (author_id, name) VALUES (177, '킨타 (그림)');
INSERT INTO translator (translator_id, name) VALUES (24, '반기모');
INSERT INTO book_author (book_id, author_id) VALUES (162, 176);
INSERT INTO book_author (book_id, author_id) VALUES (162, 177);
INSERT INTO book_translator (book_id, translator_id) VALUES (162, 24);
INSERT INTO publisher (publisher_id, name) VALUES (74, '한국출판마케팅연구소');
INSERT INTO book (book_id, title, subcategory_id, publisher_id, price, point, published_date, description, image_url) VALUES (163, '기획회의 644호 : 2025.11.20 - #창작자가 뽑은 21세기 미래의 고전', 22, 74, 9000, 500, '2025-11-18', '', 'https://image.aladin.co.kr/product/37792/31/cover200/k712033879_1.jpg');
INSERT INTO author (author_id, name) VALUES (178, '한국출판마케팅연구소');
INSERT INTO book_author (book_id, author_id) VALUES (163, 178);
INSERT INTO publisher (publisher_id, name) VALUES (75, '에스티유니타스');
INSERT INTO book (book_id, title, subcategory_id, publisher_id, price, point, published_date, description, image_url) VALUES (164, '2026 진또배기 논리', 3, 75, 10800, 120, '2025-11-27', '유대종 선생님의 진또배기 시리즈 중 하나로, 변화된 공무원 국어 시험에 꼭 나올 만한 논리 개념을 압축하여 담아낸 교재다. 이 책을 통해 논리 영역의 출제 유형과 개념을 빠르게 익히고 문제 풀이를 연습할 수 있다.', 'https://image.aladin.co.kr/product/37792/26/cover200/k682033878_1.jpg');
INSERT INTO author (author_id, name) VALUES (179, '유대종 국어 연구소');
INSERT INTO book_author (book_id, author_id) VALUES (164, 179);
INSERT INTO publisher (publisher_id, name) VALUES (76, '민음사');
INSERT INTO book (book_id, title, subcategory_id, publisher_id, price, point, published_date, description, image_url) VALUES (165, '동일성과 차이', 12, 76, 27000, 1500, '2025-11-14', '', 'https://image.aladin.co.kr/product/37792/18/cover200/8937415976_1.jpg');
INSERT INTO author (author_id, name) VALUES (180, '마르틴 하이데거');
INSERT INTO translator (translator_id, name) VALUES (25, '신상희');
INSERT INTO author (author_id, name) VALUES (181, '임보라 (감수)');
INSERT INTO book_author (book_id, author_id) VALUES (165, 180);
INSERT INTO book_author (book_id, author_id) VALUES (165, 181);
INSERT INTO book_translator (book_id, translator_id) VALUES (165, 25);
INSERT INTO publisher (publisher_id, name) VALUES (77, '다른상상');
INSERT INTO book (book_id, title, subcategory_id, publisher_id, price, point, published_date, description, image_url) VALUES (166, '부의 그릇 - 마인드셋에서 실행까지, 결국 부의 길에 이르는 법', 20, 77, 15120, 840, '2025-11-20', '평범한 직장인이 결심으로 만든 ‘부의 그릇’을 통해 시간과 선택의 자유로 완성되는 진짜 부를 설명한다. 창업과 직장, 투자에서 얻은 통찰로 자동수입 설계법과 일상의 실전 전략을 제시하며 누구나 자신의 부의 그릇을 키울 수 있음을 보여준다.', 'https://image.aladin.co.kr/product/37792/12/cover200/k232033666_1.jpg');
INSERT INTO author (author_id, name) VALUES (182, '제이투');
INSERT INTO book_author (book_id, author_id) VALUES (166, 182);
INSERT INTO publisher (publisher_id, name) VALUES (78, '홍릉(홍릉과학출판사)');
INSERT INTO book (book_id, title, subcategory_id, publisher_id, price, point, published_date, description, image_url) VALUES (167, '핵심만 담은 엑셀·파워포인트 콤보 가이드', 15, 78, 29000, 870, '2025-11-17', '', 'https://image.aladin.co.kr/product/37792/5/cover200/k012033665_1.jpg');
INSERT INTO author (author_id, name) VALUES (183, '장은실');
INSERT INTO author (author_id, name) VALUES (184, '양숙희');
INSERT INTO book_author (book_id, author_id) VALUES (167, 183);
INSERT INTO book_author (book_id, author_id) VALUES (167, 184);
INSERT INTO publisher (publisher_id, name) VALUES (79, '길벗어린이');
INSERT INTO book (book_id, title, subcategory_id, publisher_id, price, point, published_date, description, image_url) VALUES (168, '할머니의 역습 - 정진호 그림동시집', 10, 79, 11700, 650, '2025-11-30', '“이야기 보따리, 절대 풀지 말 것!” 재밌어 보이는 이 보따리 속에 어떤 동시들이 들어 있을까? 옛이야기와 전래동화, 속담, 풍속 등을 모티브로 한 그림동시집 《할머니의 역습》은 짜릿한 반전으로 우리를 즐거운 상상력의 세계로 데려간다.', 'https://image.aladin.co.kr/product/37791/99/cover200/8955828268_1.jpg');
INSERT INTO author (author_id, name) VALUES (185, '정진호');
INSERT INTO book_author (book_id, author_id) VALUES (168, 185);
INSERT INTO publisher (publisher_id, name) VALUES (80, '창업미디어그룹(월간지)');
INSERT INTO book (book_id, title, subcategory_id, publisher_id, price, point, published_date, description, image_url) VALUES (169, '창업 & 프랜차이즈 2025.11', 22, 80, 13300, 140, '2025-11-18', '', 'https://image.aladin.co.kr/product/37791/94/cover200/k982033665_1.jpg');
INSERT INTO author (author_id, name) VALUES (186, '창업앤프랜차이즈 편집부');
INSERT INTO book_author (book_id, author_id) VALUES (169, 186);
INSERT INTO publisher (publisher_id, name) VALUES (81, '서울미디어코믹스(서울문화사)');
INSERT INTO book (book_id, title, subcategory_id, publisher_id, price, point, published_date, description, image_url) VALUES (170, '분명 사랑이니까 필요 없어 8 - 완결', 1, 81, 4500, 250, '2025-11-19', '마도카의 병을 치료할 방법이 있다는 걸 알고 빛이 비치기 시작한 마도카와 코우타의 사랑. 그런데 수술을 하면 기억이 사라질지도 모른다고 한다. 첫사랑, 밴드 동료들과의 인연을 잊고 싶지 않은 마도카는 망설이는데….', 'https://image.aladin.co.kr/product/37791/92/cover200/k952033665_1.jpg');
INSERT INTO author (author_id, name) VALUES (187, '미나세 아이');
INSERT INTO translator (translator_id, name) VALUES (26, '박소현');
INSERT INTO book_author (book_id, author_id) VALUES (170, 187);
INSERT INTO book_translator (book_id, translator_id) VALUES (170, 26);
INSERT INTO book (book_id, title, subcategory_id, publisher_id, price, point, published_date, description, image_url) VALUES (171, '마법에 걸린 신학기 5 - 완결', 1, 81, 5400, 300, '2025-11-19', '마츠오 선생님의 원한이 담긴 계략에 힘을 빌려준 영능력자 모자. 드디어 영능력자 모자와 다섯 명의 힘이 정면 승부를. 그리고 다섯 명이 지닌 신비한 힘의 원천도 밝혀질까?', 'https://image.aladin.co.kr/product/37791/92/cover200/k822033664_1.jpg');
INSERT INTO author (author_id, name) VALUES (188, '히가와 쿄오코');
INSERT INTO translator (translator_id, name) VALUES (27, '김영신');
INSERT INTO book_author (book_id, author_id) VALUES (171, 188);
INSERT INTO book_translator (book_id, translator_id) VALUES (171, 27);
INSERT INTO book (book_id, title, subcategory_id, publisher_id, price, point, published_date, description, image_url) VALUES (172, '용살의 이사기 5', 1, 81, 5850, 320, '2025-11-19', '전율할 만큼 거대한 몸체. 천둥이 울리는 무대 위에서, 신(神)인 용을 상대로 승산 따윈 없다. 그럼에도 맞서 싸운다. 타츠나미로부터 물려받은 것, 치에나미와 한 약속. 빈사에 처한 쌍둥이 히나미와 미나미를 구하기 위해 이사기는 칼을 치켜든다….', 'https://image.aladin.co.kr/product/37791/91/cover200/k872033664_1.jpg');
INSERT INTO author (author_id, name) VALUES (189, '호시노 마코토');
INSERT INTO translator (translator_id, name) VALUES (28, '오경화');
INSERT INTO book_author (book_id, author_id) VALUES (172, 189);
INSERT INTO book_translator (book_id, translator_id) VALUES (172, 28);
INSERT INTO book (book_id, title, subcategory_id, publisher_id, price, point, published_date, description, image_url) VALUES (173, '북검전기 9', 1, 81, 14400, 800, '2025-11-19', '', 'https://image.aladin.co.kr/img/noimg_b.gif');
INSERT INTO author (author_id, name) VALUES (190, '해민');
INSERT INTO author (author_id, name) VALUES (191, '우각 (원작)');
INSERT INTO book_author (book_id, author_id) VALUES (173, 190);
INSERT INTO book_author (book_id, author_id) VALUES (173, 191);
INSERT INTO book (book_id, title, subcategory_id, publisher_id, price, point, published_date, description, image_url) VALUES (174, '마법에 걸린 신학기 4', 1, 81, 5400, 300, '2025-11-19', '고등학교 생활 마지막 문화제 직전. 오컬트부의 준비를 돕는 코토미와 친구들도 매우 바쁘다. 그런데 악한 감정에 지배된 마츠오 선생님이 문화제 당일에 무슨 일을 꾸미는 것 같은데?', 'https://image.aladin.co.kr/product/37791/90/cover200/k722033664_1.jpg');
INSERT INTO book_author (book_id, author_id) VALUES (174, 188);
INSERT INTO book_translator (book_id, translator_id) VALUES (174, 27);
INSERT INTO publisher (publisher_id, name) VALUES (82, '메가로스쿨');
INSERT INTO book (book_id, title, subcategory_id, publisher_id, price, point, published_date, description, image_url) VALUES (175, '잘고른 300제 추리논증 - 2027학년도 LEET 대비, 개정10판', 3, 82, 29700, 1650, '2025-11-10', '', 'https://image.aladin.co.kr/product/37791/89/cover200/8966349501_1.jpg');
INSERT INTO author (author_id, name) VALUES (192, '메가로스쿨 언어논리연구소 (엮은이)');
INSERT INTO book_author (book_id, author_id) VALUES (175, 192);
INSERT INTO book (book_id, title, subcategory_id, publisher_id, price, point, published_date, description, image_url) VALUES (176, '잘고른 300제 언어이해 - 2027학년도 LEET 대비, 개정 10판', 3, 82, 29700, 1650, '2025-11-10', '메가로스쿨 언어논리연구소가 국가시행시험 기출 중 LEET 적합 문항만 선별해 유형별로 구성한 기출 기반 문제집이다. 유형별 집중풀이와 기출 연계 학습표를 제공하며, LEET식 사고 체화에 맞춘 해설로 문제 해결력을 높일 수 있다.', 'https://image.aladin.co.kr/product/37791/89/cover200/8966349471_1.jpg');
INSERT INTO author (author_id, name) VALUES (193, '메가로스쿨 언어논리연구소');
INSERT INTO book_author (book_id, author_id) VALUES (176, 193);
INSERT INTO publisher (publisher_id, name) VALUES (83, '미래가치');
INSERT INTO book (book_id, title, subcategory_id, publisher_id, price, point, published_date, description, image_url) VALUES (177, '2026 화학 수업실연의 법칙 : 화학편 - 임용 2차 시험대비', 3, 83, 13300, 700, '2025-11-24', '', 'https://image.aladin.co.kr/product/37791/87/cover200/k622033664_1.jpg');
INSERT INTO author (author_id, name) VALUES (194, '김유민');
INSERT INTO author (author_id, name) VALUES (195, '김하영');
INSERT INTO author (author_id, name) VALUES (196, '이하린');
INSERT INTO author (author_id, name) VALUES (197, '김은경');
INSERT INTO book_author (book_id, author_id) VALUES (177, 194);
INSERT INTO book_author (book_id, author_id) VALUES (177, 195);
INSERT INTO book_author (book_id, author_id) VALUES (177, 196);
INSERT INTO book_author (book_id, author_id) VALUES (177, 197);
INSERT INTO publisher (publisher_id, name) VALUES (84, '문예출판사');
INSERT INTO book (book_id, title, subcategory_id, publisher_id, price, point, published_date, description, image_url) VALUES (178, '방황', 6, 84, 8100, 450, '2025-12-05', '루쉰은 작품을 통해 중국의 반봉건적인 사상을 타파하고 계몽하기 위한 중국 인민의 투쟁 과제가 무엇인지를 선구적이고 용감하게 제시했다. 그의 작품이 시대와 국경을 넘어 전 세계 청년의 가슴을 뜨겁게 달구는 이유가 여기에 있다.', 'https://image.aladin.co.kr/product/37791/83/cover200/8931026218_1.jpg');
INSERT INTO author (author_id, name) VALUES (198, '루쉰');
INSERT INTO translator (translator_id, name) VALUES (29, '정석원');
INSERT INTO book_author (book_id, author_id) VALUES (178, 198);
INSERT INTO book_translator (book_id, translator_id) VALUES (178, 29);
INSERT INTO publisher (publisher_id, name) VALUES (85, '박문각');
INSERT INTO book (book_id, title, subcategory_id, publisher_id, price, point, published_date, description, image_url) VALUES (179, '박문각 공무원 9급 매일 합격모의고사 [25년 12월] - 7·9급 공무원 공채 대비', 3, 85, 27000, 1500, '2025-11-24', '''박문각 합격관리'' 앱을 통해 답안입력, 성적관리, 합격예측 전망, 동영상 해설강의, 1:1 상담 등의 관리 시스템을 제공하며, 75명의 전문 출제진과 박문각 합격전략연구소의 6회 이상의 문제 검수를 통해 출제된 문제는 수험생을 가장 빠른 합격의 길로 인도할 것이다.', 'https://image.aladin.co.kr/product/37791/81/cover200/k672033664_1.jpg');
INSERT INTO author (author_id, name) VALUES (199, '박문각 합격전략연구소');
INSERT INTO book_author (book_id, author_id) VALUES (179, 199);
INSERT INTO publisher (publisher_id, name) VALUES (86, '하랑출판');
INSERT INTO book (book_id, title, subcategory_id, publisher_id, price, point, published_date, description, image_url) VALUES (180, '건축물 속에 숨겨진 디자인 건축', 2, 86, 88200, 4900, '2025-11-28', '', 'https://image.aladin.co.kr/product/37791/81/cover200/k542033664_1.jpg');
INSERT INTO author (author_id, name) VALUES (200, '하랑출판 편집부');
INSERT INTO book_author (book_id, author_id) VALUES (180, 200);
INSERT INTO book (book_id, title, subcategory_id, publisher_id, price, point, published_date, description, image_url) VALUES (181, '훌륭한 군인 - 가장 슬픈 이야기', 6, 84, 9000, 500, '2025-12-05', '“이렇게 슬픈 이야기는 들어본 적이 없다.” 인간의 감정을 심층까지 해부하고 섬세하게 묘사한 포드 매덕스 포드의 20세기 영국 최고의 문제작.', 'https://image.aladin.co.kr/product/37791/81/cover200/8931026307_1.jpg');
INSERT INTO author (author_id, name) VALUES (201, '포드 매독스 포드');
INSERT INTO translator (translator_id, name) VALUES (30, '손영미');
INSERT INTO book_author (book_id, author_id) VALUES (181, 201);
INSERT INTO book_translator (book_id, translator_id) VALUES (181, 30);
INSERT INTO book (book_id, title, subcategory_id, publisher_id, price, point, published_date, description, image_url) VALUES (182, '박문각 공무원 9급 주간 합격모의고사 [25년 12월] - 7·9급 공무원 공채 대비', 3, 85, 18000, 1000, '2025-11-24', '', 'https://image.aladin.co.kr/product/37791/80/cover200/k502033664_1.jpg');
INSERT INTO book_author (book_id, author_id) VALUES (182, 199);
INSERT INTO book (book_id, title, subcategory_id, publisher_id, price, point, published_date, description, image_url) VALUES (183, '스타디움 아키텍쳐 건축 모음집', 2, 86, 88200, 4900, '2025-11-28', '', 'https://image.aladin.co.kr/product/37791/80/cover200/k572033664_1.jpg');
INSERT INTO book_author (book_id, author_id) VALUES (183, 200);
INSERT INTO book (book_id, title, subcategory_id, publisher_id, price, point, published_date, description, image_url) VALUES (184, '그리스 로마 신화', 12, 84, 10800, 600, '2025-12-05', '', 'https://image.aladin.co.kr/product/37791/79/cover200/8931025505_1.jpg');
INSERT INTO author (author_id, name) VALUES (202, '이디스 해밀턴');
INSERT INTO translator (translator_id, name) VALUES (31, '장왕록');
INSERT INTO book_author (book_id, author_id) VALUES (184, 202);
INSERT INTO book_translator (book_id, translator_id) VALUES (184, 31);
INSERT INTO book (book_id, title, subcategory_id, publisher_id, price, point, published_date, description, image_url) VALUES (185, '아름다워지는 건축하우스 디자인', 2, 86, 88200, 4900, '2025-11-28', '', 'https://image.aladin.co.kr/product/37791/78/cover200/k422033664_1.jpg');
INSERT INTO book_author (book_id, author_id) VALUES (185, 200);
INSERT INTO book (book_id, title, subcategory_id, publisher_id, price, point, published_date, description, image_url) VALUES (186, '오피스텔 건축 디자인 모음집', 2, 86, 88200, 4900, '2025-11-28', '', 'https://image.aladin.co.kr/product/37791/76/cover200/k402033664_1.jpg');
INSERT INTO book_author (book_id, author_id) VALUES (186, 200);
INSERT INTO book (book_id, title, subcategory_id, publisher_id, price, point, published_date, description, image_url) VALUES (187, '지하생활자의 수기', 6, 84, 9900, 550, '2025-12-05', '《지하생활자의 수기》는 유례가 없는 긴 독백 형식으로 쓴 놀라운 작품으로 카프카, 사르트르, 카뮈 등 20세기 실존주의 작가들에게 결정적인 영향을 주며 실존주의의 문을 열었다는 평가를 받고 있다. 주인공은 사회의 어디에도 적응하지 못하는 사람으로, 상트페테르부르크의 음습한 지하방에 틀어박혀 세상과 단절된 채 살아간다.', 'https://image.aladin.co.kr/product/37791/75/cover200/8931026269_1.jpg');
INSERT INTO author (author_id, name) VALUES (203, '표도르 도스토옙스키');
INSERT INTO translator (translator_id, name) VALUES (32, '이동현');
INSERT INTO book_author (book_id, author_id) VALUES (187, 203);
INSERT INTO book_translator (book_id, translator_id) VALUES (187, 32);
INSERT INTO book (book_id, title, subcategory_id, publisher_id, price, point, published_date, description, image_url) VALUES (188, '야성의 부름', 6, 84, 7200, 400, '2025-12-05', '', 'https://image.aladin.co.kr/product/37791/70/cover200/8931026277_1.jpg');
INSERT INTO author (author_id, name) VALUES (204, '잭 런던');
INSERT INTO translator (translator_id, name) VALUES (33, '임종기');
INSERT INTO book_author (book_id, author_id) VALUES (188, 204);
INSERT INTO book_translator (book_id, translator_id) VALUES (188, 33);
INSERT INTO book (book_id, title, subcategory_id, publisher_id, price, point, published_date, description, image_url) VALUES (189, '제니의 초상', 6, 84, 9000, 500, '2025-12-05', '로버트 네이선의 대표작이자, 그에게 1차 세계대전 이후 미국 문단에서 독자적 지위를 안겨준 작품이다. 영화로도 제작되어 많은 사랑을 받은 작품이기도 하다. 현재는 20세기 미국 환상 문학의 고전을 꼽히기도 한다.', 'https://image.aladin.co.kr/product/37791/70/cover200/8931026234_1.jpg');
INSERT INTO author (author_id, name) VALUES (205, '로버트 네이선');
INSERT INTO translator (translator_id, name) VALUES (34, '이덕희');
INSERT INTO book_author (book_id, author_id) VALUES (189, 205);
INSERT INTO book_translator (book_id, translator_id) VALUES (189, 34);
INSERT INTO book (book_id, title, subcategory_id, publisher_id, price, point, published_date, description, image_url) VALUES (190, '보이지 않는 인간 2', 6, 84, 9900, 550, '2025-12-05', '인간은 언제 ‘나’로서 뚜렷하게 존재할 수 있는가. 인종과 현실의 한계에 부딪혀가며 고유한 정체성을 찾는 랠프 엘리슨의 20세기 가장 위대한 미국 소설.', 'https://image.aladin.co.kr/product/37791/68/cover200/8931026293_1.jpg');
INSERT INTO author (author_id, name) VALUES (206, '랠프 엘리슨');
INSERT INTO translator (translator_id, name) VALUES (35, '송무');
INSERT INTO book_author (book_id, author_id) VALUES (190, 206);
INSERT INTO book_translator (book_id, translator_id) VALUES (190, 35);
INSERT INTO book (book_id, title, subcategory_id, publisher_id, price, point, published_date, description, image_url) VALUES (191, '동물농장', 6, 84, 7200, 400, '2025-12-05', '짧은 생애 동안 자유를 억압하는 모든 권력과 이념에 맞섰던 양심적 지식인의 고뇌가 담긴 《동물농장》은 예리한 통찰과 풍자를 통해 문학의 정치적 목적과 예술적 목적을 융합해낸 걸작이다. 오웰은 폭정에 맞선 혁명이 오히려 더 잔혹한 전체주의로 변질해가는 모습을 섬뜩할 정도로 선명하게 그려낸다.', 'https://image.aladin.co.kr/product/37791/68/cover200/8931026250_1.jpg');
INSERT INTO author (author_id, name) VALUES (207, '조지 오웰');
INSERT INTO translator (translator_id, name) VALUES (36, '김승욱');
INSERT INTO book_author (book_id, author_id) VALUES (191, 207);
INSERT INTO book_translator (book_id, translator_id) VALUES (191, 36);
INSERT INTO book (book_id, title, subcategory_id, publisher_id, price, point, published_date, description, image_url) VALUES (192, '2026 루이스 임용고시 심층면접 기출분석집 (전공 공통편) - 임용 2차 면접 대비', 3, 83, 36100, 1900, '2025-11-21', '중등임용 전공 공통 심층면접 대비서로, 2010~2025년 기출을 심층 분석해 세부 주제별로 정리했다. 핵심 이론과 고득점 답안 아이디어를 제공하고 실전 대비 연습문제와 해설로 면접 대비를 완성한다.', 'https://image.aladin.co.kr/product/37791/67/cover200/k382033664_1.jpg');
INSERT INTO author (author_id, name) VALUES (208, '루이스');
INSERT INTO book_author (book_id, author_id) VALUES (192, 208);
INSERT INTO book (book_id, title, subcategory_id, publisher_id, price, point, published_date, description, image_url) VALUES (193, '보이지 않는 인간 1', 6, 84, 9900, 550, '2025-12-05', '인간은 언제 ‘나’로서 뚜렷하게 존재할 수 있는가. 인종과 현실의 한계에 부딪혀가며 고유한 정체성을 찾는 랠프 엘리슨의 20세기 가장 위대한 미국 소설.', 'https://image.aladin.co.kr/product/37791/65/cover200/8931026285_1.jpg');
INSERT INTO book_author (book_id, author_id) VALUES (193, 206);
INSERT INTO book_translator (book_id, translator_id) VALUES (193, 35);
INSERT INTO book (book_id, title, subcategory_id, publisher_id, price, point, published_date, description, image_url) VALUES (194, '밤의 노예', 6, 84, 10800, 600, '2025-12-05', '무명에 가까웠던 신진 작가 미셸 오스트에게 공쿠르상을 안겨준 작품이자, 작가의 두 번째 작품이다. 이 소설은 누보로망의 연장에 있다. 2차 세계대전 이후 프랑스에서 시작된 전위적인 작품의 경향을 일컫는 누보로망은 ‘반反소설’ 혹은 ‘새로운 소설’을 의미한다.', 'https://image.aladin.co.kr/product/37791/63/cover200/8931026226_1.jpg');
INSERT INTO author (author_id, name) VALUES (209, '미셸 오스트');
INSERT INTO translator (translator_id, name) VALUES (37, '이재형');
INSERT INTO book_author (book_id, author_id) VALUES (194, 209);
INSERT INTO book_translator (book_id, translator_id) VALUES (194, 37);
INSERT INTO book (book_id, title, subcategory_id, publisher_id, price, point, published_date, description, image_url) VALUES (195, '2026 루이스 영어임용 2차 All-in-One : 영어면접.수업실연 실전전략 - 임용 2차 시험대비', 3, 83, 39900, 2100, '2025-11-21', '', 'https://image.aladin.co.kr/product/37791/62/cover200/k212033664_1.jpg');
INSERT INTO book_author (book_id, author_id) VALUES (195, 208);
INSERT INTO book (book_id, title, subcategory_id, publisher_id, price, point, published_date, description, image_url) VALUES (196, '1984', 6, 84, 9450, 520, '2025-12-05', '《1984》는 인간의 존엄성과 자유를 박탈하는 전체주의와 그 속에서 인간이 맞이하는 비참한 말로를 묘사한 디스토피아 소설의 대표적인 작품이다. 선명한 전율과 충격이 뇌리를 떠나지 않는 이 소설은 첫 문장부터 마지막 문장까지 독자를 완전히 몰입시키는 생생한 가상 세계를 그려낸다.', 'https://image.aladin.co.kr/product/37791/61/cover200/8931026242_1.jpg');
INSERT INTO book_author (book_id, author_id) VALUES (196, 207);
INSERT INTO book_translator (book_id, translator_id) VALUES (196, 36);
INSERT INTO book (book_id, title, subcategory_id, publisher_id, price, point, published_date, description, image_url) VALUES (197, '한국 고전 전통 문양 모음집 : 기하학적 문양과 추상문양', 2, 86, 88200, 4900, '2025-11-25', '', 'https://image.aladin.co.kr/product/37791/59/cover200/k272033664_1.jpg');
INSERT INTO book_author (book_id, author_id) VALUES (197, 200);
INSERT INTO book (book_id, title, subcategory_id, publisher_id, price, point, published_date, description, image_url) VALUES (198, '한국 고전 전통 문양 모음집 : 상징적 동물문양', 2, 86, 88200, 4900, '2025-11-25', '', 'https://image.aladin.co.kr/product/37791/57/cover200/k142033664_1.jpg');
INSERT INTO book_author (book_id, author_id) VALUES (198, 200);
INSERT INTO publisher (publisher_id, name) VALUES (87, '인디고(주)');
INSERT INTO subcategory (subcategory_id, category_id, subcategory_name) VALUES (24, 1, '달력/기타');
INSERT INTO book (book_id, title, subcategory_id, publisher_id, price, point, published_date, description, image_url) VALUES (199, '2026-2027 루나 레트로 2년 대형 B4 탁상 달력 (26년 1월~27년 12월, 음력, 절기)', 24, 87, 16920, 940, '2025-11-18', '', 'https://image.aladin.co.kr/product/37791/56/cover200/k112033664_1.jpg');
INSERT INTO author (author_id, name) VALUES (210, '인디고(주) 편집부');
INSERT INTO book_author (book_id, author_id) VALUES (199, 210);
INSERT INTO book (book_id, title, subcategory_id, publisher_id, price, point, published_date, description, image_url) VALUES (200, '스타트업 비긴즈', 4, 52, 18900, 1050, '2025-11-13', '기술 창업의 아이디어가 시장에서 살아남는 과정을 현실적으로 그려낸 실천형 창업 매뉴얼이다. 창업 교육 현장과 액셀러레이팅, 벤처 투자 실무에서 축적된 경험을 바탕으로, 아이디어 구체화부터 시장 검증, 자금 조달, 조직 운영, 출구 전략까지 스타트업의 전 생애 주기를 체계적으로 정리했다.', 'https://image.aladin.co.kr/product/37791/55/cover200/k182033664_1.jpg');
INSERT INTO author (author_id, name) VALUES (211, '서리빈');
INSERT INTO author (author_id, name) VALUES (212, '손민호');
INSERT INTO author (author_id, name) VALUES (213, '이호재');
INSERT INTO book_author (book_id, author_id) VALUES (200, 211);
INSERT INTO book_author (book_id, author_id) VALUES (200, 212);
INSERT INTO book_author (book_id, author_id) VALUES (200, 213);
INSERT INTO book (book_id, title, subcategory_id, publisher_id, price, point, published_date, description, image_url) VALUES (201, '한국 고전 전통 문양 모음집 : 장생.오복.사랑의 상징문양', 2, 86, 88200, 4900, '2025-11-25', '', 'https://image.aladin.co.kr/product/37791/54/cover200/k172033664_1.jpg');
INSERT INTO book_author (book_id, author_id) VALUES (201, 200);
INSERT INTO publisher (publisher_id, name) VALUES (88, '한국도시환경연구원');
INSERT INTO book (book_id, title, subcategory_id, publisher_id, price, point, published_date, description, image_url) VALUES (202, '한국 풍수사상의 역사 : 상', 7, 88, 45000, 2500, '2025-11-15', '고대 거석문화부터 삼국·고려·조선, 실학의 비판적 수용까지 한국 풍수사상의 전개를 통시적으로 추적한 연구서다. 문화유산의 입지와 사상적 맥락을 종합적으로 해설하며 자연과 공존을 중시한 풍수의 현대적 의미를 짚는다.', 'https://image.aladin.co.kr/product/37791/53/cover200/k092033664_1.jpg');
INSERT INTO author (author_id, name) VALUES (214, '김덕기 (편저)');
INSERT INTO book_author (book_id, author_id) VALUES (202, 214);
INSERT INTO publisher (publisher_id, name) VALUES (89, '교원문고(잡지)');
INSERT INTO book (book_id, title, subcategory_id, publisher_id, price, point, published_date, description, image_url) VALUES (203, '위즈키즈 2025.12', 22, 89, 11870, 120, '2025-12-01', '수행평가, 서술형 문제, 탐구 과제 등 학년이 올라갈수록 어려워지는 과제를 위한 최신지식, 이제 벼락치기나 엄빠표 지식으로는 한계가 있다. 어린이 전문 과학 잡지 『과학소년』은 매달 쏟아지는 뉴스 중 10대가 꼭 알아야 할 최신 과학지식을 선별해 맞춤형으로 큐레이팅한다.', 'https://image.aladin.co.kr/product/37791/51/cover200/k082033664_1.jpg');
INSERT INTO author (author_id, name) VALUES (215, '위즈키즈 편집부');
INSERT INTO book_author (book_id, author_id) VALUES (203, 215);
INSERT INTO book (book_id, title, subcategory_id, publisher_id, price, point, published_date, description, image_url) VALUES (204, '10대 질병의 예방과 치료 - 건강한 삶을 위한', 21, 52, 15120, 840, '2025-11-18', '병의 근본 원인을 ‘생활습관’에서 찾고, 스스로의 몸을 이해하여 건강을 회복하는 실질적인 방법을 제시한다. 저자는 현대의학이 만성질환을 근본적으로 치료하지 못한다는 문제의식에서 출발해, 약과 의료행위의 한계를 짚고 식습관·운동·햇빛·면역 관리 등을 통한 ‘자연치유’의 길을 강조한다.', 'https://image.aladin.co.kr/product/37791/50/cover200/k062033664_1.jpg');
INSERT INTO author (author_id, name) VALUES (216, '김상준');
INSERT INTO book_author (book_id, author_id) VALUES (204, 216);
INSERT INTO book (book_id, title, subcategory_id, publisher_id, price, point, published_date, description, image_url) VALUES (205, '휴양하기 좋은 호텔,리조트 디자인', 2, 86, 88200, 4900, '2025-11-25', '', 'https://image.aladin.co.kr/product/37791/49/cover200/k052033664_1.jpg');
INSERT INTO book_author (book_id, author_id) VALUES (205, 200);
INSERT INTO book (book_id, title, subcategory_id, publisher_id, price, point, published_date, description, image_url) VALUES (206, '과학소년 2025.12', 22, 89, 11870, 120, '2025-12-01', '10대 맞춤형으로 최신 과학·시사 지식을 큐레이팅하는 교원 매거진이다. 저학년도 읽을 수 있도록 쉽게 설명하고 전문기관·전문가가 제작해 신뢰도가 높다. 수행평가와 탐구 과제에 필요한 최신지식을 매달 한 권으로 채울 수 있다.', 'https://image.aladin.co.kr/product/37791/47/cover200/k912033664_1.jpg');
INSERT INTO author (author_id, name) VALUES (217, '과학소년 편집부');
INSERT INTO book_author (book_id, author_id) VALUES (206, 217);
INSERT INTO book (book_id, title, subcategory_id, publisher_id, price, point, published_date, description, image_url) VALUES (207, '조선의 이상향을 짓다 - 퇴계와 율곡의 공간철학', 12, 88, 31500, 1750, '2025-11-18', '', 'https://image.aladin.co.kr/product/37791/39/cover200/k982033664_1.jpg');
INSERT INTO book_author (book_id, author_id) VALUES (207, 214);
INSERT INTO publisher (publisher_id, name) VALUES (90, '로얄컴퍼니');
INSERT INTO book (book_id, title, subcategory_id, publisher_id, price, point, published_date, description, image_url) VALUES (208, '국제평화활동과 한국의 전략 - 유엔과 다국적군의 현장, 그리고 미래', 17, 90, 16200, 900, '2025-09-25', '약 2년여간 유엔 평화활동 현장을 경험한 실무자,국제기구 및 정부 전문가, 학계 연구자들이 함께 참여하여 이론과 실무의 균형을 갖춘 내용을 담고자 노력한 결과물이다. 국제기구나 유엔 활동의 개요를 소개하는 데 그치지 않고, 한국의 PKO 참여 경과와 제도적 쟁점, 정책적 시사점을 분석함으로써, 국제평화 거버넌스 구축에 있어 한국의 전략적 기여를 모색하고자 하였다.', 'https://image.aladin.co.kr/product/37791/31/cover200/k892033663_1.jpg');
INSERT INTO author (author_id, name) VALUES (218, '박흥순');
INSERT INTO author (author_id, name) VALUES (219, '송승종');
INSERT INTO author (author_id, name) VALUES (220, '김병춘');
INSERT INTO author (author_id, name) VALUES (221, '최영범');
INSERT INTO author (author_id, name) VALUES (222, '강효경');
INSERT INTO author (author_id, name) VALUES (223, '구정아');
INSERT INTO author (author_id, name) VALUES (224, '권태환');
INSERT INTO author (author_id, name) VALUES (225, '반길주');
INSERT INTO author (author_id, name) VALUES (226, '주영윤');
INSERT INTO book_author (book_id, author_id) VALUES (208, 218);
INSERT INTO book_author (book_id, author_id) VALUES (208, 219);
INSERT INTO book_author (book_id, author_id) VALUES (208, 220);
INSERT INTO book_author (book_id, author_id) VALUES (208, 221);
INSERT INTO book_author (book_id, author_id) VALUES (208, 222);
INSERT INTO book_author (book_id, author_id) VALUES (208, 223);
INSERT INTO book_author (book_id, author_id) VALUES (208, 224);
INSERT INTO book_author (book_id, author_id) VALUES (208, 225);
INSERT INTO book_author (book_id, author_id) VALUES (208, 226);
INSERT INTO publisher (publisher_id, name) VALUES (91, '넥서스');
INSERT INTO book (book_id, title, subcategory_id, publisher_id, price, point, published_date, description, image_url) VALUES (209, '나혼자 끝내는 독학 독일어 첫걸음 - 개정판 / 단어장, 동영상 강의 등 10가지 독학용 학습자료 포함', 16, 91, 17820, 990, '2025-12-01', '혼자서 독일어를 공부하는 분들을 위해 개발된 독학자 맞춤형 교재이다. 학원에 다니지 않아도, 단어장이나 다른 참고서를 사지 않아도 이 책 한 권만으로 20일 만에 독일어 기초 과정을 마스터할 수 있도록 구성되어 있다.', 'https://image.aladin.co.kr/product/37791/28/cover200/k802033663_1.jpg');
INSERT INTO author (author_id, name) VALUES (227, '안희철(다미안)');
INSERT INTO author (author_id, name) VALUES (228, '엘레나 쿠비츠키 (감수)');
INSERT INTO author (author_id, name) VALUES (229, '정승환 (강의)');
INSERT INTO book_author (book_id, author_id) VALUES (209, 227);
INSERT INTO book_author (book_id, author_id) VALUES (209, 228);
INSERT INTO book_author (book_id, author_id) VALUES (209, 229);
INSERT INTO book (book_id, title, subcategory_id, publisher_id, price, point, published_date, description, image_url) VALUES (210, '다이어트는 내일부터의 전설 - 집 나간 의지는 편의점에 있다', 6, 52, 10800, 600, '2025-11-01', '유머와 따뜻한 시선으로 일상을 그린 시집으로, 냉장고 앞 유혹부터 고양이에게 털어놓는 마음까지 솔직한 언어로 공감을 이끈다. “가끔은 눕는 것이 가장 용기 있는 결정” 같은 구절을 통해 쉼과 자기 긍정을 전하며 웃음 뒤의 여운으로 오늘을 돌아보게 한다.', 'https://image.aladin.co.kr/product/37791/23/cover200/k862033663_1.jpg');
INSERT INTO author (author_id, name) VALUES (230, '정명선');
INSERT INTO book_author (book_id, author_id) VALUES (210, 230);
INSERT INTO publisher (publisher_id, name) VALUES (92, '미래엔');
INSERT INTO subcategory (subcategory_id, category_id, subcategory_name) VALUES (25, 1, '고등학교참고서');
INSERT INTO book (book_id, title, subcategory_id, publisher_id, price, point, published_date, description, image_url) VALUES (211, '1등급 만들기 법과 사회 570제 (2026년) - 2022 개정 교육과정, 기출 분석 문제집', 25, 92, 11700, 650, '2025-11-17', '핵심 개념 정리와 고빈출 문제로 내신을 완벽하게 대비할 수 있는 기출 분석 문제집이다. 시험에 자주 나오는 유형을 분석하여 출제한 다양한 유형의 문제를 통해 1등급의 노하우를 빠르게 터득할 수 있도록 하였다.', 'https://image.aladin.co.kr/product/37791/23/cover200/k852033663_1.jpg');
INSERT INTO author (author_id, name) VALUES (231, '손영찬');
INSERT INTO book_author (book_id, author_id) VALUES (211, 231);
INSERT INTO book (book_id, title, subcategory_id, publisher_id, price, point, published_date, description, image_url) VALUES (212, '1등급 만들기 윤리와 사상 680제 (2026년) - 2022 개정 교육과정, 기출 분석 문제집', 25, 92, 11700, 650, '2025-11-17', '핵심 개념과 고빈출 문제로 내신을 대비하는 기출 분석 문제집이다. 개념 정리와 <문제로 확인>을 연계해 이해를 높이고, 기본·실력·고난도 문제로 단계별 학습이 가능하다. 단원 마무리 문제와 자세한 오답 풀이, 자료 분석, 정리 노트까지 제공해 시험 전 실력을 완성한다.', 'https://image.aladin.co.kr/product/37791/22/cover200/k622033663_1.jpg');
INSERT INTO author (author_id, name) VALUES (232, '문일호');
INSERT INTO book_author (book_id, author_id) VALUES (212, 232);
INSERT INTO book (book_id, title, subcategory_id, publisher_id, price, point, published_date, description, image_url) VALUES (213, '1등급 만들기 정치 630제 (2026년) - 2022 개정 교육과정 반영, 기출 분석 문제집', 25, 92, 11700, 650, '2025-11-17', '핵심 개념 정리와 고빈출 문제로 내신을 완벽하게 대비할 수 있는 기출 분석 문제집이다. 시험에 자주 나오는 유형을 분석하여 출제한 다양한 유형의 문제를 통해 1등급의 노하우를 빠르게 터득할 수 있도록 하였다.', 'https://image.aladin.co.kr/product/37791/19/cover200/k602033663_1.jpg');
INSERT INTO author (author_id, name) VALUES (233, '박홍인');
INSERT INTO author (author_id, name) VALUES (234, '나혜영');
INSERT INTO author (author_id, name) VALUES (235, '강윤식');
INSERT INTO book_author (book_id, author_id) VALUES (213, 233);
INSERT INTO book_author (book_id, author_id) VALUES (213, 234);
INSERT INTO book_author (book_id, author_id) VALUES (213, 235);
INSERT INTO book (book_id, title, subcategory_id, publisher_id, price, point, published_date, description, image_url) VALUES (214, '말꽃 3집', 6, 52, 15300, 850, '2025-11-20', '전원문학회가 반세기를 넘어 쌓아 온 문학의 숨결을 다시 엮은 시와 수필, 평론의 집이다. 한때 진주의 청춘들이 모여 “글 읽고 쓰는 것이 멋있다”는 낭만 하나로 시작한 작은 모임이, 이제는 세월의 결을 품은 노년의 문장으로 다시 모였다. 그 시절의 풋풋한 열정과 청춘의 뜨거운 감성이 “그리움”이라는 이름으로 되살아나, 이 책의 모든 페이지를 적시고 있다.', 'https://image.aladin.co.kr/product/37791/18/cover200/k672033663_1.jpg');
INSERT INTO author (author_id, name) VALUES (236, '전원문학회');
INSERT INTO book_author (book_id, author_id) VALUES (214, 236);
INSERT INTO publisher (publisher_id, name) VALUES (93, '에듀피디');
INSERT INTO book (book_id, title, subcategory_id, publisher_id, price, point, published_date, description, image_url) VALUES (215, '신박사의 Arete 교육학 핵심이론서', 3, 93, 34200, 1900, '2026-01-14', '', 'https://image.aladin.co.kr/product/37791/18/cover200/k662033663_1.jpg');
INSERT INTO author (author_id, name) VALUES (237, '신박사');
INSERT INTO book_author (book_id, author_id) VALUES (215, 237);
INSERT INTO publisher (publisher_id, name) VALUES (94, '더퀘스트');
INSERT INTO book (book_id, title, subcategory_id, publisher_id, price, point, published_date, description, image_url) VALUES (216, '휴먼 코드 - AI가 질주한다, 당신의 무기는 무엇인가', 4, 94, 19800, 1100, '2025-12-03', 'AI의 빠른 진화와 그로 인한 경제·사회 변화상을 생생하게 짚어가며, 그 속에서 우리들 각자는 삶의 포트폴리오를 어떻게 재설계해야 할지, 일·감각·관계·소유·사회 5가지 관점에서 그려간다. 국내외 리더 55인과 나눈 100시간의 대화를 녹여냄으로써 AI 시대의 구체적인 생존법을 전방위로 탐색한다.', 'https://image.aladin.co.kr/product/37791/18/cover200/k512033663_1.jpg');
INSERT INTO author (author_id, name) VALUES (238, '성소라');
INSERT INTO book_author (book_id, author_id) VALUES (216, 238);
INSERT INTO book (book_id, title, subcategory_id, publisher_id, price, point, published_date, description, image_url) VALUES (217, '현대적 재 탄생한 인테리어 디자인', 2, 86, 88200, 4900, '2025-11-25', '', 'https://image.aladin.co.kr/product/37791/17/cover200/k562033663_1.jpg');
INSERT INTO book_author (book_id, author_id) VALUES (217, 200);
INSERT INTO publisher (publisher_id, name) VALUES (95, '에이스북');
INSERT INTO book (book_id, title, subcategory_id, publisher_id, price, point, published_date, description, image_url) VALUES (218, '입학 전 꼭 필요한 학교준비 127가지 실전 기술', 14, 95, 28000, NULL, '2025-11-24', '', 'https://image.aladin.co.kr/product/37791/7/cover200/k452033663_1.jpg');
INSERT INTO author (author_id, name) VALUES (239, '이효진');
INSERT INTO author (author_id, name) VALUES (240, '백나은');
INSERT INTO author (author_id, name) VALUES (241, '유지현');
INSERT INTO author (author_id, name) VALUES (242, '전혜원');
INSERT INTO author (author_id, name) VALUES (243, '김은정');
INSERT INTO book_author (book_id, author_id) VALUES (218, 239);
INSERT INTO book_author (book_id, author_id) VALUES (218, 240);
INSERT INTO book_author (book_id, author_id) VALUES (218, 241);
INSERT INTO book_author (book_id, author_id) VALUES (218, 242);
INSERT INTO book_author (book_id, author_id) VALUES (218, 243);
INSERT INTO publisher (publisher_id, name) VALUES (96, '수줍은삐삐');
INSERT INTO book (book_id, title, subcategory_id, publisher_id, price, point, published_date, description, image_url) VALUES (219, '100개의 달걀', 13, 96, 15300, 850, '2025-11-25', '아이가 책장을 넘기면서 맛있는 달걀 요리를 상상하다 보면 자연스럽게 1부터 100까지 숫자를 세고 읽는 법을 익히며 숫자의 재미, 요리의 즐거움, 친구와 함께하는 기쁨을 배울 수 있는 그림책이다.', 'https://image.aladin.co.kr/product/37791/4/cover200/k322033663_1.jpg');
INSERT INTO author (author_id, name) VALUES (244, '모모로');
INSERT INTO translator (translator_id, name) VALUES (38, '김보나');
INSERT INTO book_author (book_id, author_id) VALUES (219, 244);
INSERT INTO book_translator (book_id, translator_id) VALUES (219, 38);
INSERT INTO publisher (publisher_id, name) VALUES (97, '아울북');
INSERT INTO book (book_id, title, subcategory_id, publisher_id, price, point, published_date, description, image_url) VALUES (220, '어휘와 마음이 자라는 세계 명작 필사 노트 - 국민 담임 서진쌤의 멋진 말, 멋진 생각', 10, 97, 15210, 840, '2025-11-19', '마음이 뒤죽박죽되어 스스로도 감정을 알기 어려운 순간이 있다. 이 책은 그런 때 명작 속 문장을 소리 내어 읽고 따라 쓰며 자신의 마음을 차분히 들여다볼 수 있도록 돕는 책이다. 작품과 작가를 함께 찾아보며 문장의 의미를 확장하는 과정은 독서 경험을 더욱 깊게 만들어 준다.', 'https://image.aladin.co.kr/product/37791/2/cover200/k392033663_1.jpg');
INSERT INTO author (author_id, name) VALUES (245, '정서진(서진쌤)');
INSERT INTO author (author_id, name) VALUES (246, '박경선');
INSERT INTO author (author_id, name) VALUES (247, '영수 (그림)');
INSERT INTO book_author (book_id, author_id) VALUES (220, 245);
INSERT INTO book_author (book_id, author_id) VALUES (220, 246);
INSERT INTO book_author (book_id, author_id) VALUES (220, 247);
INSERT INTO publisher (publisher_id, name) VALUES (98, '정독(마인드탭(MindTap))');
INSERT INTO book (book_id, title, subcategory_id, publisher_id, price, point, published_date, description, image_url) VALUES (221, '로스쿨 선택형 기출 최신ㆍ빈출지문 3000 - 제4판', 3, 98, 36000, 1080, '2025-11-20', '최근 3개년 변시·법전협 모의 전 지문과 12년간 2회 이상 기출된 지문을 한 권에 모아 최종정리용으로 재구성했다. ‘로선정’과 동일한 문항 번호를 유지해 연계 학습이 가능하고, 중복·학습효과 기준으로 지문을 선별했다. 빈출도와 출제연도 표시로 필요한 만큼만 골라 공부할 수 있어 시험 직전 핵심 점검에 유용하다.', 'https://image.aladin.co.kr/product/37790/99/cover200/k372033663_1.jpg');
INSERT INTO author (author_id, name) VALUES (248, '정연석');
INSERT INTO book_author (book_id, author_id) VALUES (221, 248);
INSERT INTO publisher (publisher_id, name) VALUES (99, '영음사');
INSERT INTO book (book_id, title, subcategory_id, publisher_id, price, point, published_date, description, image_url) VALUES (222, '날마다 양식으로 읽는 웨스트민스터 표준교리 6', 7, 99, 25200, 1400, '2025-11-14', '『날마다 양식으로 읽는 웨스트민스터 표준교리 6』는 『웨스트민스터 신앙고백서』, 『웨스트민스터 대요리문답』, 『웨스트민스터 소요리문답』을 주제별로 나누어 웨스트민스터 표준교리를 1년 365일 동안 한 번씩 읽을 수 있도록 구성하였다.', 'https://image.aladin.co.kr/product/37790/98/cover200/8973042076_1.jpg');
INSERT INTO author (author_id, name) VALUES (249, '김병훈');
INSERT INTO book_author (book_id, author_id) VALUES (222, 249);
INSERT INTO book (book_id, title, subcategory_id, publisher_id, price, point, published_date, description, image_url) VALUES (223, '그저 여명일 뿐 3', 1, 38, 14400, 800, '2025-10-20', '범진과 갑작스러운 이별을 경험한 후 준영은 승운 엄마의 지원을 받아 생계와 학업을 이어가 대기업 한경에서 커리어를 쌓고 있다. 그러던 어느 날, 부산의 한 건설현장에서 추락사고가 발생해 진상조사를 위해 준영이 파견된다. 그곳에서 김씨로 불리는 범진과 어쩌다 마주친 준영.', 'https://image.aladin.co.kr/product/37790/97/cover200/k292033663_1.jpg');
INSERT INTO author (author_id, name) VALUES (250, '우지혜');
INSERT INTO author (author_id, name) VALUES (251, '강기 (그림)');
INSERT INTO book_author (book_id, author_id) VALUES (223, 250);
INSERT INTO book_author (book_id, author_id) VALUES (223, 251);
INSERT INTO publisher (publisher_id, name) VALUES (100, '서울문화사');
INSERT INTO book (book_id, title, subcategory_id, publisher_id, price, point, published_date, description, image_url) VALUES (224, '정브르의 퀴즈 도감 (동물, 파충류) 세트 - 전2권', 10, 100, 24300, 1350, '2025-11-26', '생물 유튜버 정브르가 알려주는 힌트를 보고 동물에 대한 궁금증을 해결할 수 있다. 생생한 사진으로 동물 몸의 구조를 관찰하고, 브르의 영상으로 관찰 동물을 만나요! 흥미진진한 동물 X파일로 동물 상식도 쌓을 수 있다.', 'https://image.aladin.co.kr/product/37790/96/cover200/k262033663_1.jpg');
INSERT INTO author (author_id, name) VALUES (252, '정브르');
INSERT INTO book_author (book_id, author_id) VALUES (224, 252);
INSERT INTO book_author (book_id, author_id) VALUES (224, 73);
INSERT INTO publisher (publisher_id, name) VALUES (101, '한즈미디어(한스미디어)');
INSERT INTO book (book_id, title, subcategory_id, publisher_id, price, point, published_date, description, image_url) VALUES (225, '브랜드로 남은 사람들 - 세상을 바꿔놓은 기업가 22인에게 배우는 영원히 기억되는 브랜드의 비밀', 4, 101, 18000, 1000, '2025-11-25', '추동훈 저자는 매일경제에서 〈흥부전〉(‘흥’미로운 ‘부’-랜드 ‘전’)을 연재하며 전 세계 유명 브랜드의 흥망성쇠와 뒷이야기를 전해왔다. 이중 고심 끝에 22개의 브랜드를 고르고 골라 재구성한 게 바로 이 책 『브랜드로 남은 사람들』이다. 저자는 이름을 걸고 세상에 도전장을 내민 창업가 22명의 이야기를 흥미로운 스토리텔링으로 풀어낸다.', 'https://image.aladin.co.kr/product/37790/94/cover200/k112033663_1.jpg');
INSERT INTO author (author_id, name) VALUES (253, '추동훈');
INSERT INTO book_author (book_id, author_id) VALUES (225, 253);
INSERT INTO book (book_id, title, subcategory_id, publisher_id, price, point, published_date, description, image_url) VALUES (226, '정브르의 파충류 퀴즈 도감', 10, 100, 13500, 750, '2025-11-26', '', 'https://image.aladin.co.kr/product/37790/91/cover200/k192033663_1.jpg');
INSERT INTO book_author (book_id, author_id) VALUES (226, 252);