INSERT INTO author (author_id, name) VALUES (511, '신순희');
INSERT INTO book_author (book_id, author_id) VALUES (437, 511);
INSERT INTO publisher (publisher_id, name) VALUES (227, '');
INSERT INTO subcategory (subcategory_id, category_id, subcategory_name) VALUES (29, 1, '전집/중고전집');
INSERT INTO book (book_id, title, subcategory_id, publisher_id, price, point, published_date, description, image_url) VALUES (438, '전8권-Go Go 카카오프렌즈 31 32 33 34 35 36 37 38권 세트', 29, 227, 121050, 1340, '2025-11-12', '', 'https://image.aladin.co.kr/product/37777/49/cover200/scm484003428472.jpg');
INSERT INTO author (author_id, name) VALUES (512, '업데이트 편집부');
INSERT INTO book_author (book_id, author_id) VALUES (438, 512);
INSERT INTO book (book_id, title, subcategory_id, publisher_id, price, point, published_date, description, image_url) VALUES (439, '전3권-벌거벗은 세계사 퀴즈 탐험대 1 2 3권 세트', 29, 227, 39960, 440, '2025-11-11', '', 'https://image.aladin.co.kr/product/37777/49/cover200/scm484003428469.jpg');
INSERT INTO book_author (book_id, author_id) VALUES (439, 512);
INSERT INTO publisher (publisher_id, name) VALUES (228, '박영사');
INSERT INTO book (book_id, title, subcategory_id, publisher_id, price, point, published_date, description, image_url) VALUES (440, '2026 박상민 JUSTICE 범죄학 적중지문 총정리 - 경찰.경비지도사 시험대비', 3, 228, 30000, 1500, '2025-12-05', '', 'https://image.aladin.co.kr/product/37775/54/cover200/k252033565_1.jpg');
INSERT INTO author (author_id, name) VALUES (513, '박상민');
INSERT INTO book_author (book_id, author_id) VALUES (440, 513);
INSERT INTO book (book_id, title, subcategory_id, publisher_id, price, point, published_date, description, image_url) VALUES (441, '갈라디아서 주석 1장 - Deep Spiritual Power', 7, 12, 39000, NULL, '2025-11-04', '', 'https://image.aladin.co.kr/product/37775/54/cover200/k122033565_1.jpg');
INSERT INTO author (author_id, name) VALUES (514, '여재창');
INSERT INTO book_author (book_id, author_id) VALUES (441, 514);
INSERT INTO book (book_id, title, subcategory_id, publisher_id, price, point, published_date, description, image_url) VALUES (442, '회색도시의 풍선', 10, 12, 14500, NULL, '2025-10-31', '', 'https://image.aladin.co.kr/product/37775/51/cover200/k192033565_1.jpg');
INSERT INTO author (author_id, name) VALUES (515, 'Ray(레이)');
INSERT INTO book_author (book_id, author_id) VALUES (442, 515);
INSERT INTO book (book_id, title, subcategory_id, publisher_id, price, point, published_date, description, image_url) VALUES (443, '방탄 강사 25 (세계 최초 강사 분야 10가지 강의 분야 1000개 통합)', 20, 12, 50000, NULL, '2025-11-10', '', 'https://image.aladin.co.kr/product/37775/50/cover200/k102033565_1.jpg');
INSERT INTO author (author_id, name) VALUES (516, '최보규');
INSERT INTO author (author_id, name) VALUES (517, '서윤희');
INSERT INTO book_author (book_id, author_id) VALUES (443, 516);
INSERT INTO book_author (book_id, author_id) VALUES (443, 517);
INSERT INTO book (book_id, title, subcategory_id, publisher_id, price, point, published_date, description, image_url) VALUES (444, '나의 가장 좋은 때는 아직 오지 않았다 - 인생의 황금기는 60세부터', 9, 12, 15200, NULL, '2025-10-22', '', 'https://image.aladin.co.kr/product/37775/44/cover200/k162033565_1.jpg');
INSERT INTO author (author_id, name) VALUES (518, '나경수');
INSERT INTO book_author (book_id, author_id) VALUES (444, 518);
INSERT INTO book (book_id, title, subcategory_id, publisher_id, price, point, published_date, description, image_url) VALUES (445, '방탄 강사 24 (세계 최초 강사 분야 10가지 강의 분야 1000개 통합)', 20, 12, 46200, NULL, '2025-11-10', '', 'https://image.aladin.co.kr/product/37775/42/cover200/k032033565_1.jpg');
INSERT INTO book_author (book_id, author_id) VALUES (445, 516);
INSERT INTO book_author (book_id, author_id) VALUES (445, 517);
INSERT INTO book (book_id, title, subcategory_id, publisher_id, price, point, published_date, description, image_url) VALUES (446, '한국의 전통가옥 컬러링북', 21, 12, 7200, NULL, '2025-11-01', '', 'https://image.aladin.co.kr/product/37775/36/cover200/k092033565_1.jpg');
INSERT INTO author (author_id, name) VALUES (519, '최시우');
INSERT INTO book_author (book_id, author_id) VALUES (446, 519);
INSERT INTO book (book_id, title, subcategory_id, publisher_id, price, point, published_date, description, image_url) VALUES (447, '하양 둘', 6, 12, 10700, NULL, '2025-10-22', '', 'https://image.aladin.co.kr/product/37775/25/cover200/k072033565_1.jpg');
INSERT INTO author (author_id, name) VALUES (520, '박찬욱');
INSERT INTO book_author (book_id, author_id) VALUES (447, 520);
INSERT INTO book (book_id, title, subcategory_id, publisher_id, price, point, published_date, description, image_url) VALUES (448, '너에게 우주의 목소리가 들리는 순간', 6, 12, 10200, NULL, '2025-10-23', '', 'https://image.aladin.co.kr/product/37775/15/cover200/k932033565_1.jpg');
INSERT INTO author (author_id, name) VALUES (521, '임하랑 외 3명');
INSERT INTO book_author (book_id, author_id) VALUES (448, 521);
INSERT INTO book (book_id, title, subcategory_id, publisher_id, price, point, published_date, description, image_url) VALUES (449, '다섯 개의 창', 6, 12, 10600, NULL, '2025-10-22', '', 'https://image.aladin.co.kr/product/37775/8/cover200/k962033565_1.jpg');
INSERT INTO author (author_id, name) VALUES (522, '김예건 외 4명');
INSERT INTO book_author (book_id, author_id) VALUES (449, 522);
INSERT INTO publisher (publisher_id, name) VALUES (229, '범론사');
INSERT INTO book (book_id, title, subcategory_id, publisher_id, price, point, published_date, description, image_url) VALUES (450, '조문 판례 민법 - 법원직 / 법무사 / 법원승진 / 법원행시 / 변호사 / 노무사', 3, 229, 27000, 1500, '2025-11-05', '민법 조문과 판례를 통합해 이론과 사례를 함께 학습하도록 구성한 교재다. 반복 출제된 조문과 판례를 표시해 효율적으로 대비할 수 있고, 사례형 시험에 자주 나오는 판례의 쟁점과 요지를 명확하게 정리해 실제 문제 해결 능력을 키우는 데 도움이 된다.', 'https://image.aladin.co.kr/product/37774/96/cover200/895557570x_1.jpg');
INSERT INTO author (author_id, name) VALUES (523, '구갑성');
INSERT INTO author (author_id, name) VALUES (524, '김문성');
INSERT INTO author (author_id, name) VALUES (525, '장형진');
INSERT INTO book_author (book_id, author_id) VALUES (450, 523);
INSERT INTO book_author (book_id, author_id) VALUES (450, 524);
INSERT INTO book_author (book_id, author_id) VALUES (450, 525);
INSERT INTO publisher (publisher_id, name) VALUES (230, '살림터');
INSERT INTO book (book_id, title, subcategory_id, publisher_id, price, point, published_date, description, image_url) VALUES (451, '교육의 정치적 중립성', 17, 230, 22500, 1250, '2025-11-22', '', 'https://image.aladin.co.kr/product/37774/95/cover200/k882033564_1.jpg');
INSERT INTO author (author_id, name) VALUES (526, '김용');
INSERT INTO author (author_id, name) VALUES (527, '강구섭');
INSERT INTO author (author_id, name) VALUES (528, '고지마 유키');
INSERT INTO author (author_id, name) VALUES (529, '권순정');
INSERT INTO author (author_id, name) VALUES (530, '김민조');
INSERT INTO author (author_id, name) VALUES (531, '김범주');
INSERT INTO author (author_id, name) VALUES (532, '김용일');
INSERT INTO author (author_id, name) VALUES (533, '모영민');
INSERT INTO author (author_id, name) VALUES (534, '이인수');
INSERT INTO author (author_id, name) VALUES (535, '정설미');
INSERT INTO author (author_id, name) VALUES (536, '최상훈');
INSERT INTO author (author_id, name) VALUES (537, '하동엽');
INSERT INTO book_author (book_id, author_id) VALUES (451, 526);
INSERT INTO book_author (book_id, author_id) VALUES (451, 527);
INSERT INTO book_author (book_id, author_id) VALUES (451, 528);
INSERT INTO book_author (book_id, author_id) VALUES (451, 529);
INSERT INTO book_author (book_id, author_id) VALUES (451, 530);
INSERT INTO book_author (book_id, author_id) VALUES (451, 531);
INSERT INTO book_author (book_id, author_id) VALUES (451, 532);
INSERT INTO book_author (book_id, author_id) VALUES (451, 533);
INSERT INTO book_author (book_id, author_id) VALUES (451, 534);
INSERT INTO book_author (book_id, author_id) VALUES (451, 535);
INSERT INTO book_author (book_id, author_id) VALUES (451, 536);
INSERT INTO book_author (book_id, author_id) VALUES (451, 537);
INSERT INTO book (book_id, title, subcategory_id, publisher_id, price, point, published_date, description, image_url) VALUES (452, '가면 속 이면', 6, 12, 10700, NULL, '2025-10-22', '', 'https://image.aladin.co.kr/product/37774/91/cover200/k862033564_1.jpg');
INSERT INTO author (author_id, name) VALUES (538, '안도연 외 4명');
INSERT INTO book_author (book_id, author_id) VALUES (452, 538);
INSERT INTO book (book_id, title, subcategory_id, publisher_id, price, point, published_date, description, image_url) VALUES (453, '내 인생의 여정', 9, 12, 12100, NULL, '2025-10-22', '', 'https://image.aladin.co.kr/product/37774/87/cover200/k852033564_1.jpg');
INSERT INTO author (author_id, name) VALUES (539, '정계근');
INSERT INTO book_author (book_id, author_id) VALUES (453, 539);
INSERT INTO publisher (publisher_id, name) VALUES (231, '마음이음');
INSERT INTO book (book_id, title, subcategory_id, publisher_id, price, point, published_date, description, image_url) VALUES (454, '나라 독립과 여성 교육을 이끈 차미리사', 10, 231, 11700, 650, '2025-11-20', '차별의 시대를 넘어 교육자이자 독립운동가로 우뚝 선 차미리사의 삶을 담은 책이다. 유학과 해외 활동, 여성 계몽과 교육 운동의 발자취를 통해 오늘의 성평등 가치와 자립의 의미를 다시 바라보게 한다.', 'https://image.aladin.co.kr/product/37774/82/cover200/k742033564_1.jpg');
INSERT INTO author (author_id, name) VALUES (540, '이여니');
INSERT INTO author (author_id, name) VALUES (541, '이주미 (그림)');
INSERT INTO author (author_id, name) VALUES (542, '한상권 (감수)');
INSERT INTO book_author (book_id, author_id) VALUES (454, 540);
INSERT INTO book_author (book_id, author_id) VALUES (454, 541);
INSERT INTO book_author (book_id, author_id) VALUES (454, 542);
INSERT INTO publisher (publisher_id, name) VALUES (232, '북비스타');
INSERT INTO book (book_id, title, subcategory_id, publisher_id, price, point, published_date, description, image_url) VALUES (455, '그건 가슴이 뭉근해지는 일이었습니다', 6, 232, 9900, 550, '2025-11-17', '제주 생활 8년 차의 아내이자 어머니이자 할머니인 저자는 ‘인생 2모작’을 살아가는 여정에서 시라는 단짝을 만났다고 고백한다. 시가 선사한 위로와 배움은 희망과 용기로 이어졌고, 삶의 깊은 곳에서 올라온 토로와 고백, 사람을 향한 사랑의 발견이 일기처럼 기록되며 시가 되었다. 그 과정은 언제나 무언가를 따뜻하게 바라보게 하고 가슴을 뭉근하게 데우는 시간이었음을 담담히 전한다.', 'https://image.aladin.co.kr/product/37774/82/cover200/k712033564_1.jpg');
INSERT INTO author (author_id, name) VALUES (543, '윤여');
INSERT INTO book_author (book_id, author_id) VALUES (455, 543);
INSERT INTO book (book_id, title, subcategory_id, publisher_id, price, point, published_date, description, image_url) VALUES (456, '고양이 한 스푼', 9, 12, 18900, NULL, '2025-10-22', '', 'https://image.aladin.co.kr/product/37774/80/cover200/k702033564_1.jpg');
INSERT INTO author (author_id, name) VALUES (544, '김지은');
INSERT INTO book_author (book_id, author_id) VALUES (456, 544);
INSERT INTO publisher (publisher_id, name) VALUES (233, '느루(미래인재컴퍼니)');
INSERT INTO book (book_id, title, subcategory_id, publisher_id, price, point, published_date, description, image_url) VALUES (457, '2026 신광은 형사법 : 형법 총론 기출총정리 - 개정판', 3, 233, 28800, 320, '2025-11-20', '2011~2025년 전 직렬 형법 기출을 완전 수록해 주제별로 재구성하고 쟁점 중심 해설을 강화했다. 유사지문 비교, 핵심체크·Hyper OX, 회독·중요도 표시로 전략학습이 가능해 경찰·법원·검찰·해경 등 모든 직렬 시험 대비에 적합한 기출총정리 교재다.', 'https://image.aladin.co.kr/product/37774/79/cover200/k772033564_1.jpg');
INSERT INTO author (author_id, name) VALUES (545, '신광은');
INSERT INTO book_author (book_id, author_id) VALUES (457, 545);
INSERT INTO publisher (publisher_id, name) VALUES (234, '아트북스');
INSERT INTO book (book_id, title, subcategory_id, publisher_id, price, point, published_date, description, image_url) VALUES (458, '초록색 미술관 - 화가들이 사랑한 자연, 그 치유의 풍경', 2, 234, 21600, 1200, '2025-11-17', '초록빛 예술로 자연의 치유와 평온을 전하는 에세이로, 16~20세기 화가 15명의 작품을 통해 초록이 지닌 위로·안식·희망을 이야기한다. 자연을 사랑한 화가들의 여정과 미술사를 따라 지친 마음에 싱그러운 쉼을 건네는 책이다.', 'https://image.aladin.co.kr/product/37774/76/cover200/8961964631_1.jpg');
INSERT INTO author (author_id, name) VALUES (546, '강민지');
INSERT INTO book_author (book_id, author_id) VALUES (458, 546);
INSERT INTO publisher (publisher_id, name) VALUES (235, '사파리');
INSERT INTO book (book_id, title, subcategory_id, publisher_id, price, point, published_date, description, image_url) VALUES (459, '꼬마 생쥐의 행복하고 완벽한 크리스마스', 13, 235, 13500, 750, '2025-11-14', '눈 내린 겨울 숲에서 새 보금자리를 찾으려는 꼬마 생쥐가 어려움에 처한 토끼, 여우, 곰을 돕다가 해가 저물어 버리는 이야기다. 작은 친절이 돌아와 완벽한 크리스마스를 만들어 준다는 메시지를 담아 나눔과 배려의 의미를 자연스럽게 깨닫게 한다.', 'https://image.aladin.co.kr/product/37774/75/cover200/k692033564_1.jpg');
INSERT INTO author (author_id, name) VALUES (547, '레베카 해리 (그림)');
INSERT INTO book_author (book_id, author_id) VALUES (459, 547);
INSERT INTO publisher (publisher_id, name) VALUES (236, '한문화');
INSERT INTO book (book_id, title, subcategory_id, publisher_id, price, point, published_date, description, image_url) VALUES (460, '나는 120살까지 살기로 했다', 21, 236, 18000, 1000, '2025-12-10', '한국인의 삶과 죽음을 바라보는 고유한 관점 ‘장생(長生)’을 현대적으로 재해석한 책 《나는 120살까지 살기로 했다》가 리커버 에디션으로 돌아왔다. 장생은 한국 선도(仙道) 문화에서 비롯된 개념으로, 단순히 오래 사는 것을 넘어 삶의 ‘완성’을 향해 나아가는 삶의 태도를 뜻한다.', 'https://image.aladin.co.kr/product/37774/70/cover200/8956994978_1.jpg');
INSERT INTO author (author_id, name) VALUES (548, '일지 이승헌');
INSERT INTO book_author (book_id, author_id) VALUES (460, 548);
INSERT INTO publisher (publisher_id, name) VALUES (237, '이담(도서출판)');
INSERT INTO book (book_id, title, subcategory_id, publisher_id, price, point, published_date, description, image_url) VALUES (461, '김동찬의 출발', 9, 237, 16200, 900, '2025-11-05', '김동찬은 광주광역시 북구의원과 광주광역시의회 의원을 역임하며 지역 정치 무대에서 잔뼈가 굵은 인물이다. 정치에 임하면서 만들어냈던 업적들과 그의 생애를 써낸 김동찬의 자서전이다.', 'https://image.aladin.co.kr/product/37774/65/cover200/k582033564_1.jpg');
INSERT INTO author (author_id, name) VALUES (549, '김동찬');
INSERT INTO book_author (book_id, author_id) VALUES (461, 549);
INSERT INTO publisher (publisher_id, name) VALUES (238, '해커스공인중개사');
INSERT INTO book (book_id, title, subcategory_id, publisher_id, price, point, published_date, description, image_url) VALUES (462, '2026 해커스 공인중개사 홍승한 핵심요약집 2차 + 7개년 기출분석 : 부동산공시법령', 3, 238, 16200, 900, '2026-01-05', '최신 개정법령과 7개년 출제경향을 반영해 핵심개념만 압축 정리한 7일완성 요약집이다. 빈출개념 TOP20과 TIP·암기PLUS 등 학습장치를 담아 전략적으로 공부할 수 있고, 학습플랜과 인강 연계로 단기간 합격을 준비할 수 있다.', 'https://image.aladin.co.kr/product/37774/60/cover200/k562033564_1.jpg');
INSERT INTO author (author_id, name) VALUES (550, '홍승한');
INSERT INTO author (author_id, name) VALUES (551, '해커스 공인중개사시험 연구소');
INSERT INTO book_author (book_id, author_id) VALUES (462, 550);
INSERT INTO book_author (book_id, author_id) VALUES (462, 551);
INSERT INTO publisher (publisher_id, name) VALUES (239, '블라썸원');
INSERT INTO book (book_id, title, subcategory_id, publisher_id, price, point, published_date, description, image_url) VALUES (463, '작게 시작하는 여성 창업 - 아이디어부터 브랜딩, 운영까지 완성하는 여성 창업 실전노트', 20, 239, 17100, 950, '2025-11-17', '두 명의 여성 창업자와 한 명의 멘토가 작은 실천으로 시작한 창업의 현실 과정을 기록했다. 제약 속에서도 방향을 찾는 법을 안내하며, “왜 이 일을 하려는가”라는 질문에 답할 용기와 통찰을 전한다.', 'https://image.aladin.co.kr/product/37774/59/cover200/k442033564_1.jpg');
INSERT INTO author (author_id, name) VALUES (552, '석경아');
INSERT INTO author (author_id, name) VALUES (553, '곽진영');
INSERT INTO author (author_id, name) VALUES (554, '고태형');
INSERT INTO book_author (book_id, author_id) VALUES (463, 552);
INSERT INTO book_author (book_id, author_id) VALUES (463, 553);
INSERT INTO book_author (book_id, author_id) VALUES (463, 554);
INSERT INTO publisher (publisher_id, name) VALUES (240, '상상출판');
INSERT INTO book (book_id, title, subcategory_id, publisher_id, price, point, published_date, description, image_url) VALUES (464, '스페인 셀프 트래블 - 2026-2027 최신판', 19, 240, 18000, 1000, '2025-11-26', '『스페인 셀프트래블』이 여행의 설렘을 안겨줄 감성 화보와 친절한 지도, 최신 정보를 중심으로 새롭게 출간되었다. 바르셀로나, 마드리드, 안달루시아 등 한국 여행자들에게 친숙한 도시부터 스페인의 정취를 한껏 머금은 근교 소도시까지 총망라해 다룬다.', 'https://image.aladin.co.kr/product/37774/57/cover200/k432033564_1.jpg');
INSERT INTO author (author_id, name) VALUES (555, '송윤경');
INSERT INTO book_author (book_id, author_id) VALUES (464, 555);
INSERT INTO publisher (publisher_id, name) VALUES (241, '나무발전소');
INSERT INTO book (book_id, title, subcategory_id, publisher_id, price, point, published_date, description, image_url) VALUES (465, '[큰글자책] 걷는 이의 축복 코리아둘레길 : 입문편 - 민달팽이 리듬으로 걷다', 19, 241, 58000, 1740, '2025-11-24', '이 책에서 다루고 있는 코리아둘레길은 경기둘레길 전구간과 DMZ평화의 길 전구간이다. 코리아둘레길과 일부 구간이 겹치는 경리둘레길은 비교적 역사 이야기가 풍부한 곳이라서, DMZ평화의길은 평화와 생태 이야기가 풍부한 곳이어서 선택되었다.', 'https://image.aladin.co.kr/product/37774/49/cover200/k492033564_1.jpg');
INSERT INTO author (author_id, name) VALUES (556, '이화규');
INSERT INTO author (author_id, name) VALUES (557, '이세원 (사진)');
INSERT INTO book_author (book_id, author_id) VALUES (465, 556);
INSERT INTO book_author (book_id, author_id) VALUES (465, 557);
INSERT INTO book (book_id, title, subcategory_id, publisher_id, price, point, published_date, description, image_url) VALUES (466, '2026 해커스 공인중개사 한종민 핵심요약집 2차 + 7개년 기출분석 : 부동산공법 - 제37회 공인중개사 2차 시험 대비', 3, 238, 20700, 1150, '2026-01-05', '최신 개정법령과 7개년 출제경향을 반영해 핵심개념만 압축 정리한 7일완성 요약집이다. 빈출개념 TOP30과 TIP·암기PLUS 등 학습장치를 담아 전략적으로 공부할 수 있고, 학습플랜과 인강 연계로 단기간 합격을 준비할 수 있다.', 'https://image.aladin.co.kr/product/37774/41/cover200/k242033564_1.jpg');
INSERT INTO author (author_id, name) VALUES (558, '한종민');
INSERT INTO book_author (book_id, author_id) VALUES (466, 558);
INSERT INTO book_author (book_id, author_id) VALUES (466, 551);
INSERT INTO publisher (publisher_id, name) VALUES (242, '해커스자격증');
INSERT INTO book (book_id, title, subcategory_id, publisher_id, price, point, published_date, description, image_url) VALUES (467, '2026 해커스 전기기사·산업기사 필기 올인원 이론+적중문제+최신기출 - 전기기사·산업기사 전과목｜CBT 모의고사｜전기기사·산업기사 무료 특강｜본 교재 인강', 3, 242, 33300, 1850, '2026-01-05', '방대한 범위를 체계적으로 학습해 기본 개념부터 실전까지 단기간에 완성한다. 2026 대비 출제기준과 최신 개정법령을 반영하고, 그림자료와 다양한 학습장치로 쉽게 이해하며 폭넓게 공부할 수 있다. 최신 기출과 상세한 해설로 실전감각을 키우고, 휴대용 필수공식노트로 완벽하게 대비한다.', 'https://image.aladin.co.kr/product/37774/39/cover200/8969656340_1.jpg');
INSERT INTO author (author_id, name) VALUES (559, '오우진');
INSERT INTO author (author_id, name) VALUES (560, '문영철');
INSERT INTO book_author (book_id, author_id) VALUES (467, 559);
INSERT INTO book_author (book_id, author_id) VALUES (467, 560);
INSERT INTO publisher (publisher_id, name) VALUES (243, '소소담담');
INSERT INTO book (book_id, title, subcategory_id, publisher_id, price, point, published_date, description, image_url) VALUES (468, '회야천 연가', 9, 243, 12600, 700, '2025-11-20', '회야천을 따라 걸으며 배운 삶의 문장. 하천은 멈추지 않고 흐른다. 그 곁에서 십 년을 넘기며 배운 것은, 삶도 물처럼 “머무르되 고이지 않는 법”이었다. 기쁨과 슬픔, 무료와 분주가 교차하는 동안 강둑을 걸었고, 걸음은 곧 문장이 되었다. 이 책은 회야천이 들려준 낮은 목소리 - 사계의 빛과 그림자, 이웃의 안부, 사물의 미세한 표정을 모아 놓은 기록이다. 거창한 진리보다 손 안의 온기를 믿고, 설명보다 체온을 남기고자 했다.', 'https://image.aladin.co.kr/product/37774/39/cover200/k202033564_1.jpg');
INSERT INTO author (author_id, name) VALUES (561, '김응숙');
INSERT INTO book_author (book_id, author_id) VALUES (468, 561);
INSERT INTO book (book_id, title, subcategory_id, publisher_id, price, point, published_date, description, image_url) VALUES (469, '2026 해커스 공인중개사 한민우 핵심요약집 2차 공인중개사법령 및 실무 + 7개년 기출분석 - 제37회 공인중개사 2차 시험 대비', 3, 238, 16200, 900, '2026-01-05', '공인중개사 2차 공인중개사법령 및 실무를 대비할 수 있는 핵심요약집이다. [최신 개정법령] 및 최근 [7개년 공인중개사 시험의 출제경향]을 반영하였다. 7개년 출제비중의 강약에 따른 핵심이론 압축정리와 전략적 학습을 위한 [빈출개념 TOP30]를 수록하였다.', 'https://image.aladin.co.kr/product/37774/36/cover200/k282033564_1.jpg');
INSERT INTO author (author_id, name) VALUES (562, '한민우');
INSERT INTO book_author (book_id, author_id) VALUES (469, 562);
INSERT INTO publisher (publisher_id, name) VALUES (244, 'mck(잡지)');
INSERT INTO book (book_id, title, subcategory_id, publisher_id, price, point, published_date, description, image_url) VALUES (470, '마리끌레르 Marie Claire B형 2025.12 (표지 : 박서준)', 22, 244, 8550, 90, '2025-11-17', '', 'https://image.aladin.co.kr/product/37774/34/cover200/k132033564_1.jpg');
INSERT INTO author (author_id, name) VALUES (563, '마리끌레르 편집부');
INSERT INTO book_author (book_id, author_id) VALUES (470, 563);
INSERT INTO book (book_id, title, subcategory_id, publisher_id, price, point, published_date, description, image_url) VALUES (471, '2026 해커스 공인중개사 신관식 핵심요약집 1차 부동산학개론 + 7개년 기출분석 - 제37회 공인중개사 1차 시험 대비', 3, 238, 18000, 1000, '2026-01-05', '공인중개사 초단기 합격을 목표로 최신 개정법령과 최근 7개년 출제경향을 반영해 핵심을 압축했다. 출제비중에 따른 강약 조절과 빈출개념 TOP30으로 전략적 학습이 가능하며, 이해를 돕는 학습장치와 7일완성 학습플랜으로 체계적인 준비가 완성된다.', 'https://image.aladin.co.kr/product/37774/33/cover200/k192033564_1.jpg');
INSERT INTO author (author_id, name) VALUES (564, '신관식');
INSERT INTO book_author (book_id, author_id) VALUES (471, 564);
INSERT INTO book (book_id, title, subcategory_id, publisher_id, price, point, published_date, description, image_url) VALUES (472, '마리끌레르 Marie Claire A형 2025.12 (표지 : 박서준)', 22, 244, 8550, 90, '2025-11-17', '', 'https://image.aladin.co.kr/product/37774/32/cover200/k042033564_1.jpg');
INSERT INTO book_author (book_id, author_id) VALUES (472, 563);
INSERT INTO book (book_id, title, subcategory_id, publisher_id, price, point, published_date, description, image_url) VALUES (473, '2026 해커스 공인중개사 1차 기본서 민법 및 민사특별법 (채희대) - 제37회 공인중개사 시험 대비', 3, 238, 37800, 2100, '2026-01-05', '공인중개사 1차 민법 및 민사특별법을 대비할 수 있는 수험서로, 최근 10개년 출제경향을 꼼꼼하게 분석하여 꼭 필요한 이론만을 수록한 기본서다. 최신 개정법령을 철저히 반영하여 공인중개사 시험을 빈틈없이 대비할 수 있다.', 'https://image.aladin.co.kr/product/37774/31/cover200/k022033564_1.jpg');
INSERT INTO author (author_id, name) VALUES (565, '채희대');
INSERT INTO book_author (book_id, author_id) VALUES (473, 565);
INSERT INTO publisher (publisher_id, name) VALUES (245, '이야기books');
INSERT INTO book (book_id, title, subcategory_id, publisher_id, price, point, published_date, description, image_url) VALUES (474, '역사와 지리로 만나는 바울이야기', 7, 245, 18000, 1000, '2025-11-24', '터치바이블시리즈 5번째 책이다. 바울의 여정을 따라 복음이 예루살렘을 넘어 제국의 도시와 도로망으로 확장된 과정을 역사와 지리로 재구성하며, 약속-복음-교회로 이어지는 구원의 흐름을 생생하게 보여준다.', 'https://image.aladin.co.kr/product/37774/29/cover200/k052033564_1.jpg');
INSERT INTO author (author_id, name) VALUES (566, '김진산');
INSERT INTO book_author (book_id, author_id) VALUES (474, 566);
INSERT INTO book (book_id, title, subcategory_id, publisher_id, price, point, published_date, description, image_url) VALUES (475, '마리끌레르 Marie Claire D형 2025.12 (표지 : 박서준)', 22, 244, 8550, 90, '2025-11-17', '', 'https://image.aladin.co.kr/product/37774/26/cover200/k992033564_2.jpg');
INSERT INTO book_author (book_id, author_id) VALUES (475, 563);
INSERT INTO book (book_id, title, subcategory_id, publisher_id, price, point, published_date, description, image_url) VALUES (476, '마리끌레르 Marie Claire E형 2025.12 (표지 : 박서준)', 22, 244, 8550, 90, '2025-11-17', '', 'https://image.aladin.co.kr/product/37774/26/cover200/k972033564_1.jpg');
INSERT INTO book_author (book_id, author_id) VALUES (476, 563);
INSERT INTO book (book_id, title, subcategory_id, publisher_id, price, point, published_date, description, image_url) VALUES (477, '마리끌레르 Marie Claire C형 2025.12 (표지 : 박서준)', 22, 244, 8550, 90, '2025-11-17', '', 'https://image.aladin.co.kr/product/37774/24/cover200/k952033564_1.jpg');
INSERT INTO book_author (book_id, author_id) VALUES (477, 563);
INSERT INTO book (book_id, title, subcategory_id, publisher_id, price, point, published_date, description, image_url) VALUES (478, '마리끌레르 Marie Claire F형 2025.12 (표지 : 박서준)', 22, 244, 9500, 100, '2025-11-17', '', 'https://image.aladin.co.kr/product/37774/22/cover200/k832033563_1.jpg');
INSERT INTO book_author (book_id, author_id) VALUES (478, 563);
INSERT INTO publisher (publisher_id, name) VALUES (246, '파워에셋');
INSERT INTO book (book_id, title, subcategory_id, publisher_id, price, point, published_date, description, image_url) VALUES (479, '주식쌩초보 엔비디아·팔란티어로 2,100% 수익낸 투자여정기', 4, 246, 16200, 900, '2025-11-15', '법률·부동산 분야에서 30년을 보낸 전문가가 자산의 무게 중심이 실물에서 혁신 기술로 이동했음을 깨닫고 주식 투자에 나선 과정을 담았다. 엔비디아와 팔란티어에 집중해 5년 만에 2,100% 수익을 거둔 경험을 통해 ‘공부-확신-인내’라는 원칙으로 폭락장을 견디는 법과 초보도 따라갈 수 있는 투자 사고를 보여준다.', 'https://image.aladin.co.kr/product/37774/19/cover200/k852033563_1.jpg');
INSERT INTO author (author_id, name) VALUES (567, '김은유');
INSERT INTO book_author (book_id, author_id) VALUES (479, 567);
INSERT INTO book (book_id, title, subcategory_id, publisher_id, price, point, published_date, description, image_url) VALUES (480, '떡집 순이 할매', 10, 226, 13500, 750, '2025-11-10', '진주 개양의 사라진 떡집과 순이 할매의 이야기를 손글씨와 따뜻한 그림으로 되살린 그림책이다. 새벽부터 떡을 빚던 정취와 골목의 기억을 포근하게 담아낸다.', 'https://image.aladin.co.kr/product/37774/17/cover200/k732033563_1.jpg');
INSERT INTO author (author_id, name) VALUES (568, '성수연');
INSERT INTO author (author_id, name) VALUES (569, '이수민 (그림)');
INSERT INTO author (author_id, name) VALUES (570, '임해영 (손글씨)');
INSERT INTO book_author (book_id, author_id) VALUES (480, 568);
INSERT INTO book_author (book_id, author_id) VALUES (480, 569);
INSERT INTO book_author (book_id, author_id) VALUES (480, 570);
INSERT INTO book (book_id, title, subcategory_id, publisher_id, price, point, published_date, description, image_url) VALUES (481, '부동산 경매공매 상식사전 - 기초 상식부터 권리분석, 물건 공략법, 절세까지 경매와 공매를 한 권으로!, 2026년 개정판', 4, 125, 20700, 1150, '2025-11-19', '《부동산 경매공매 상식사전》이 2026년 최신 정책 이슈까지 완벽 반영해 전면 개정판으로 돌아왔다. 이번 개정판은 경매·공매 투자의 전 과정을 총망라하며, 초보자도 이해하기 쉬운 설명과 풍성한 사례들로 실전 공략을 위한 정보를 가득 담았다.', 'https://image.aladin.co.kr/product/37774/17/cover200/k742033563_1.jpg');
INSERT INTO author (author_id, name) VALUES (571, '백영록');
INSERT INTO book_author (book_id, author_id) VALUES (481, 571);
INSERT INTO book (book_id, title, subcategory_id, publisher_id, price, point, published_date, description, image_url) VALUES (482, '랜덤 수호천사', 6, 12, 15300, NULL, '2025-10-21', '', 'https://image.aladin.co.kr/product/37774/10/cover200/k762033563_1.jpg');
INSERT INTO author (author_id, name) VALUES (572, '김유재');
INSERT INTO book_author (book_id, author_id) VALUES (482, 572);
INSERT INTO publisher (publisher_id, name) VALUES (247, '슬로디미디어');
INSERT INTO book (book_id, title, subcategory_id, publisher_id, price, point, published_date, description, image_url) VALUES (483, '식품 브랜드 창업, 어디서부터 시작하죠? - 전통식품 ‘엿츠’ 브랜드 출시부터 창업 과정의 현실적인 기록!', 4, 247, 16200, 900, '2025-12-10', '브랜드를 만들고 싶지만 어디서부터 시작해야 할지 막막한 이들에게, 전통 엿 브랜드 ‘엿츠Yutts’를 만들며 겪은 실제 과정을 기록한 책이다. OEM 공장 섭외와 계약, 인허가, MOQ, 유통, 패키징, 상표 등록 등 검색으로는 알기 어려운 현실적인 문제들을 하나씩 부딪혀 해결한 경험을 통해 브랜드가 ‘어떻게 만들어지는가’를 생생하게 보여준다.', 'https://image.aladin.co.kr/product/37774/10/cover200/k752033563_1.jpg');
INSERT INTO author (author_id, name) VALUES (573, '김지연');
INSERT INTO book_author (book_id, author_id) VALUES (483, 573);
INSERT INTO publisher (publisher_id, name) VALUES (248, 'jb제이비');
INSERT INTO book (book_id, title, subcategory_id, publisher_id, price, point, published_date, description, image_url) VALUES (484, '가을녘의 단상', 6, 248, 10800, 600, '2025-10-28', '시인의 단시조들은 꾸밈없이 소박한 언어로 진솔한 감정을 짧고 정갈한 단시조의 그릇에 담아냄으로써, 독자들에게 복잡한 해석의 부담 없이 따뜻하고 순수한 공감의 울림을 선사하고 있다.', 'https://image.aladin.co.kr/product/37774/8/cover200/k632033563_1.jpg');
INSERT INTO author (author_id, name) VALUES (574, '이협우');
INSERT INTO book_author (book_id, author_id) VALUES (484, 574);
INSERT INTO publisher (publisher_id, name) VALUES (249, '서교책방');
INSERT INTO book (book_id, title, subcategory_id, publisher_id, price, point, published_date, description, image_url) VALUES (485, '초등 매일 공부의 힘 - 학년이 올라갈수록 성적이 오르는 아이들의 비밀', 27, 249, 17010, 940, '2025-11-19', '30만 초등 부모들의 학습 멘토 이은경 선생님이 15년 교사 경험과 두 아들을 키운 노하우로 초등 공부 습관의 기초를 안내한다. 선행 부담과 학습 불안 속에서 무엇을, 어떻게 시작해야 할지 막막한 부모에게 ‘매일 공부 습관’이라는 명확한 기준을 제시하며 2026 개정 교육과정을 반영한 최신 정보를 담았다.

', 'https://image.aladin.co.kr/product/37774/8/cover200/k642033563_1.jpg');
INSERT INTO author (author_id, name) VALUES (575, '이은경');
INSERT INTO book_author (book_id, author_id) VALUES (485, 575);
INSERT INTO publisher (publisher_id, name) VALUES (250, '퍼스트북');
INSERT INTO book (book_id, title, subcategory_id, publisher_id, price, point, published_date, description, image_url) VALUES (486, '기계진동학 - MATLAB·Python으로 배우는, 4판', 14, 250, 32000, NULL, '2026-01-02', '국내 교육 현실에 맞춰 SI 단위 통일, 핵심 이론 중심으로 재구성한 진동학 교재다. 기초부터 다자유도·연속계 진동을 단계적으로 다루고, MATLAB·Python으로 Runge-Kutta와 FFT를 구현해 실무 적용성을 높였다. 진동·소음 측정 기법까지 포함해 한 학기 학습에 최적화됐다.', 'https://image.aladin.co.kr/product/37774/7/cover200/k692033563_1.jpg');
INSERT INTO author (author_id, name) VALUES (576, '송철기');
INSERT INTO author (author_id, name) VALUES (577, '김성걸');
INSERT INTO author (author_id, name) VALUES (578, '남동호');
INSERT INTO book_author (book_id, author_id) VALUES (486, 576);
INSERT INTO book_author (book_id, author_id) VALUES (486, 577);
INSERT INTO book_author (book_id, author_id) VALUES (486, 578);
INSERT INTO publisher (publisher_id, name) VALUES (251, '순도북스');
INSERT INTO book (book_id, title, subcategory_id, publisher_id, price, point, published_date, description, image_url) VALUES (487, '2026 시험왕 이형재 행정학 단권화 솔루션 요약노트', 3, 251, 22500, 1250, '2025-11-24', '198개 테마로 행정학 전 범위를 정리해 국회직·경찰간부·군무원까지 대비되며 새행정학 3.0도 반영했다. 테마별 학습 초점과 중요도를 제시하고 POINT로 출제 경향을 파악하게 구성했다. 키워드 중심 회독으로 암기 효율을 높이고 기출·OX교재와 연계해 단권화 학습까지 가능하다.', 'https://image.aladin.co.kr/product/37774/7/cover200/k532033563_1.jpg');
INSERT INTO author (author_id, name) VALUES (579, '이형재');
INSERT INTO book_author (book_id, author_id) VALUES (487, 579);
INSERT INTO publisher (publisher_id, name) VALUES (252, '함께먹는사람');
INSERT INTO book (book_id, title, subcategory_id, publisher_id, price, point, published_date, description, image_url) VALUES (488, 'K심리학 상황중독 - Korean psychology Situational addiction', 14, 252, 15390, 810, '2025-11-15', '심리적 에너지의 파산 상태로는 번아웃에 따른 무기력, 불안, 두근거림, 숨쉬기 어려움 등의 증상으로 나타나는데 우울증과 공황장애, 불안장애에 해당하는 현상일 것이다. 그러니 결과적인 파산 상태에 이르지 않았다고 해서, 즉 정신적인 증상이 나타나지 않았다고 해서 완전히 건강한 상태라는 것은 아니다.', 'https://image.aladin.co.kr/product/37774/7/cover200/k512033563_1.jpg');
INSERT INTO author (author_id, name) VALUES (580, '최성규');
INSERT INTO book_author (book_id, author_id) VALUES (488, 580);
INSERT INTO publisher (publisher_id, name) VALUES (253, '한국콘텐츠미디어(매일넷앤드비즈)');
INSERT INTO book (book_id, title, subcategory_id, publisher_id, price, point, published_date, description, image_url) VALUES (489, '[CD] 2026 냉.난방기업체 주소록 - CD-ROM 1장 - 냉난방기, 냉동, 냉장기기제조, 배관·냉난방공사, 보일러, 에어컨수리, 에어컨청소 등 약 5만 1천 건 수록', 4, 253, 224100, 12450, '2025-11-13', '냉·난방기업체 주소록을 분야별, 지역별로 44,636건, 냉·난방기업체 상세정보를 업종별, 지역별로 6,942건을 수록했다.', 'https://image.aladin.co.kr/product/37774/6/cover200/k682033563_1.jpg');
INSERT INTO author (author_id, name) VALUES (581, '(주)한국콘텐츠미디어');
INSERT INTO book_author (book_id, author_id) VALUES (489, 581);
INSERT INTO publisher (publisher_id, name) VALUES (254, '교우사(교재)');
INSERT INTO book (book_id, title, subcategory_id, publisher_id, price, point, published_date, description, image_url) VALUES (490, '고민 끝, 줄리아 하나면 충분', 15, 254, 32000, NULL, '2025-11-10', '', 'https://image.aladin.co.kr/product/37774/6/cover200/k582033563_1.jpg');
INSERT INTO author (author_id, name) VALUES (582, '하길찬');
INSERT INTO book_author (book_id, author_id) VALUES (490, 582);
INSERT INTO publisher (publisher_id, name) VALUES (255, '아침영성지도연구원');
INSERT INTO book (book_id, title, subcategory_id, publisher_id, price, point, published_date, description, image_url) VALUES (491, '매일기도서 - 365일 말씀과 묵상이 있는', 7, 255, 21600, 1200, '2025-11-20', '매일 기도를 삶의 중심에 두도록 돕는 실용적 기도서로, 1년 중 언제든 시작해 개인 묵상부터 가정예배·소그룹까지 다양하게 활용할 수 있다. 반복하며 쓰는 영성훈련의 길을 안내한다.', 'https://image.aladin.co.kr/product/37774/2/cover200/k552033563_1.jpg');
INSERT INTO author (author_id, name) VALUES (583, '신현복');
INSERT INTO book_author (book_id, author_id) VALUES (491, 583);
INSERT INTO book (book_id, title, subcategory_id, publisher_id, price, point, published_date, description, image_url) VALUES (492, '곡선을 그리며', 6, 12, 17300, NULL, '2025-10-24', '', 'https://image.aladin.co.kr/product/37774/0/cover200/k442033563_1.jpg');
INSERT INTO author (author_id, name) VALUES (584, '진솔');
INSERT INTO book_author (book_id, author_id) VALUES (492, 584);
INSERT INTO publisher (publisher_id, name) VALUES (256, '다함(도서출판)');
INSERT INTO book (book_id, title, subcategory_id, publisher_id, price, point, published_date, description, image_url) VALUES (493, '말씀 묵상, 삶의 공간을 채우다 - 귀납적 말씀 묵상을 통해 삶의 변화를 이루는 기본서', 7, 256, 15300, 850, '2025-11-17', '짧은 시간 성경을 읽고 묵상하는 QT의 장점에 더해, 본문의 문맥과 배경을 고려한 깊이 있는 해석이 왜 필요한지 짚어 준다. 단편적 해석이 빚는 오류를 넘어 성령의 인도하심을 경험하도록 돕는 실질적 디딤돌로, 자기중심적 해석에서 하나님 중심적 해석으로 방향을 전환하게 한다.', 'https://image.aladin.co.kr/product/37774/0/cover200/k422033563_1.jpg');
INSERT INTO author (author_id, name) VALUES (585, '조철민');
INSERT INTO book_author (book_id, author_id) VALUES (493, 585);
INSERT INTO publisher (publisher_id, name) VALUES (257, '마음세상');
INSERT INTO book (book_id, title, subcategory_id, publisher_id, price, point, published_date, description, image_url) VALUES (494, '아이 말을 읽다 아이 마음을 읽다', 9, 257, 16380, 910, '2025-11-30', '아이 말의 아름다움을 기록한 따뜻한 일상 에세이로, 다섯 살 사내아이와 여섯 살 딸아이의 말을 사진보다 생생하게 담아 유년 시절의 순간을 되살린다. 아빠가 아이들의 재미있는 말을 놓치지 않기 위해 적기 시작한 글들은 읽는 이에게 아이 시절로 돌아간 듯한 흐뭇한 미소를 선사한다.', 'https://image.aladin.co.kr/product/37773/99/cover200/k412033563_1.jpg');
INSERT INTO author (author_id, name) VALUES (586, '곽도경');
INSERT INTO book_author (book_id, author_id) VALUES (494, 586);
INSERT INTO publisher (publisher_id, name) VALUES (258, '보고사');
INSERT INTO book (book_id, title, subcategory_id, publisher_id, price, point, published_date, description, image_url) VALUES (495, '영남인물고 4 - 상주', 5, 258, 33250, 1750, '2025-11-26', '정조 명으로 편찬된 영남 지역 인물 860명의 기록을 완질로 정리한 역주본이다. 환수된 필사본을 바탕으로 원문과 보충 자료를 함께 번역해 영남 인물사의 사료적 가치를 새롭게 조명한다.', 'https://image.aladin.co.kr/product/37773/97/cover200/k402033563_1.jpg');
INSERT INTO author (author_id, name) VALUES (587, '목만중');
INSERT INTO author (author_id, name) VALUES (588, '심규로');
INSERT INTO author (author_id, name) VALUES (589, '신해진 (역주)');
INSERT INTO book_author (book_id, author_id) VALUES (495, 587);
INSERT INTO book_author (book_id, author_id) VALUES (495, 588);
INSERT INTO book_author (book_id, author_id) VALUES (495, 589);
INSERT INTO publisher (publisher_id, name) VALUES (259, '데이원');
INSERT INTO book (book_id, title, subcategory_id, publisher_id, price, point, published_date, description, image_url) VALUES (496, '플라톤, 나는 불안에 시달리고 있어요', 12, 259, 16200, 900, '2025-11-26', '철학자들도 불안과 소외에 흔들렸던 인간이었다는 사실을 통해 탈레스·소크라테스·플라톤·니체의 삶을 새롭게 비추는 책이다. 철학을 인간적 질문의 역사로 보여주며 독자가 자신의 불안을 깊이 이해하도록 돕는다.', 'https://image.aladin.co.kr/product/37773/96/cover200/k472033563_1.jpg');
INSERT INTO author (author_id, name) VALUES (590, '베네데타 산티니');
INSERT INTO translator (translator_id, name) VALUES (64, '박건우');
INSERT INTO book_author (book_id, author_id) VALUES (496, 590);
INSERT INTO book_translator (book_id, translator_id) VALUES (496, 64);
INSERT INTO book (book_id, title, subcategory_id, publisher_id, price, point, published_date, description, image_url) VALUES (497, '블록체인, 의료 혁명의 열쇠 - 환자 데이터의 보안과 맞춤 의료의 미래', 15, 12, 22000, NULL, '2025-10-25', '', 'https://image.aladin.co.kr/product/37773/92/cover200/k322033563_1.jpg');
INSERT INTO author (author_id, name) VALUES (591, '최윤성');
INSERT INTO author (author_id, name) VALUES (592, '변해원');
INSERT INTO book_author (book_id, author_id) VALUES (497, 591);
INSERT INTO book_author (book_id, author_id) VALUES (497, 592);
INSERT INTO publisher (publisher_id, name) VALUES (260, '푸른길');
INSERT INTO book (book_id, title, subcategory_id, publisher_id, price, point, published_date, description, image_url) VALUES (498, '스토리로 배우는 세계시민교육 : 중등편 - 교사를 위한 세계시민교육 안내서', 17, 260, 14400, 800, '2025-11-24', '스토리텔링을 활용해 세계시민교육을 수업으로 구현하는 중등용 안내서다. 문화다양성·평화·지속가능발전 수업안을 제시해 다양한 교과에서 활용할 수 있다.', 'https://image.aladin.co.kr/product/37773/92/cover200/k332033563_1.jpg');
INSERT INTO author (author_id, name) VALUES (593, '이경한');
INSERT INTO author (author_id, name) VALUES (594, '김다원');
INSERT INTO author (author_id, name) VALUES (595, '김선미 (엮은이)');
INSERT INTO author (author_id, name) VALUES (596, '유네스코 아시아태평양 국제이해교육원 (APCEIU) (기획)');
INSERT INTO book_author (book_id, author_id) VALUES (498, 593);
INSERT INTO book_author (book_id, author_id) VALUES (498, 594);
INSERT INTO book_author (book_id, author_id) VALUES (498, 595);
INSERT INTO book_author (book_id, author_id) VALUES (498, 596);
INSERT INTO publisher (publisher_id, name) VALUES (261, '프런트페이지');
INSERT INTO book (book_id, title, subcategory_id, publisher_id, price, point, published_date, description, image_url) VALUES (499, '[세트] 최소한의 삼국지 + 최소한의 한국사 (20만 부 기념 광복에디션) - 전2권', 12, 261, 33750, 1870, '2025-11-18', '', 'https://image.aladin.co.kr/product/37773/86/cover200/k242033563_1.jpg');
INSERT INTO author (author_id, name) VALUES (597, '최태성');
INSERT INTO author (author_id, name) VALUES (598, '이성원 (감수)');
INSERT INTO book_author (book_id, author_id) VALUES (499, 597);
INSERT INTO book_author (book_id, author_id) VALUES (499, 598);
INSERT INTO publisher (publisher_id, name) VALUES (262, '자유아카데미');
INSERT INTO book (book_id, title, subcategory_id, publisher_id, price, point, published_date, description, image_url) VALUES (500, '프로젝트 관리의 길', 20, 262, 25000, 750, '2025-11-15', '', 'https://image.aladin.co.kr/product/37773/84/cover200/k222033563_1.jpg');
INSERT INTO author (author_id, name) VALUES (599, '김종열');
INSERT INTO book_author (book_id, author_id) VALUES (500, 599);
INSERT INTO publisher (publisher_id, name) VALUES (263, '수필과비평사');
INSERT INTO book (book_id, title, subcategory_id, publisher_id, price, point, published_date, description, image_url) VALUES (501, '울산史 100장면 - 소소한 울산사 에세이', 9, 263, 13500, 750, '2025-11-14', '', 'https://image.aladin.co.kr/product/37773/83/cover200/k202033563_1.jpg');
INSERT INTO author (author_id, name) VALUES (600, '김잠출');
INSERT INTO book_author (book_id, author_id) VALUES (501, 600);
INSERT INTO publisher (publisher_id, name) VALUES (264, '유나');
INSERT INTO book (book_id, title, subcategory_id, publisher_id, price, point, published_date, description, image_url) VALUES (502, '코지 큐티즈 : 따뜻하고 사랑스런 친구들', 21, 264, 9900, 550, '2025-11-28', '전 세계 컬러링북 시장을 사로잡은 글로벌 베스트셀러 아티스트 코코 와이오의 감성 힐링 컬러링북 <코지 큐티즈 : 따뜻하고 사랑스런 친구들>이 한국 독자를 찾아온다. 21개 언어로 번역되어 미국·유럽·중남미·아시아 등지에서 출간된 시리즈로, 꽃이 피고 새싹이 돋는 정원과 포동포동한 아기 동물, 평화로운 풍경이 페이지마다 펼쳐져 하루의 피로를 잔잔하게 녹여준다.', 'https://image.aladin.co.kr/product/37773/83/cover200/k292033563_1.jpg');
INSERT INTO author (author_id, name) VALUES (601, '코코 와이오');
INSERT INTO book_author (book_id, author_id) VALUES (502, 601);
INSERT INTO publisher (publisher_id, name) VALUES (265, '시원스쿨닷컴');
INSERT INTO book (book_id, title, subcategory_id, publisher_id, price, point, published_date, description, image_url) VALUES (503, '한권 한달 완성 일본어 말하기 Lv.2 - 원어민 MP3 음원 + 문장 몰아보기 영상 + 일본어 문법표 + 동사 활용표 + 동사 활용 쓰기 연습', 16, 265, 15120, 840, '2025-11-27', '『한권 한달 완성 일본어 말하기』 시리즈는 일본어의 진입 장벽을 확 낮춘 말하기 중심 학습서로, 일본어를 몰라도 누구나 쉽게 듣고 따라 말할 수 있도록 구성하였다. 본 교재는 문법으로 개념을 다지고 → 문장 반복 연습으로 문장 구조를 익히며 → 다양한 주제로 이루어진 회화문으로 말하기 연습을 할 수 있어 자연스럽게 일본어의 말문이 트일 수 있다.', 'https://image.aladin.co.kr/product/37773/83/cover200/k212033563_1.jpg');
INSERT INTO author (author_id, name) VALUES (602, '시원스쿨어학연구소');
INSERT INTO book_author (book_id, author_id) VALUES (503, 602);
INSERT INTO book (book_id, title, subcategory_id, publisher_id, price, point, published_date, description, image_url) VALUES (504, '템플스토리', 6, 12, 12000, NULL, '2025-11-11', '', 'https://image.aladin.co.kr/product/37773/80/cover200/k262033563_1.jpg');
INSERT INTO author (author_id, name) VALUES (603, '비선 소원재');
INSERT INTO book_author (book_id, author_id) VALUES (504, 603);
INSERT INTO book (book_id, title, subcategory_id, publisher_id, price, point, published_date, description, image_url) VALUES (505, '쥐약이라는 여자', 6, 12, 15000, NULL, '2025-11-03', '', 'https://image.aladin.co.kr/product/37773/79/cover200/k142033563_1.jpg');
INSERT INTO author (author_id, name) VALUES (604, '김학필');
INSERT INTO book_author (book_id, author_id) VALUES (505, 604);
INSERT INTO publisher (publisher_id, name) VALUES (266, '나눔사');
INSERT INTO book (book_id, title, subcategory_id, publisher_id, price, point, published_date, description, image_url) VALUES (506, '둘레길 인문학, 하루를 보석처럼 걷다', 12, 266, 18000, 1000, '2025-11-20', '걷기와 사유를 잇는 ‘둘레길 인문학’으로 자연과 인간의 관계를 새롭게 바라보는 에세이다. 237장의 사진과 간결한 문체로 치유와 성찰의 길을 담아 지친 일상에 깊은 여운을 전한다.', 'https://image.aladin.co.kr/product/37773/78/cover200/897027832x_1.jpg');
INSERT INTO author (author_id, name) VALUES (605, '정세진');
INSERT INTO book_author (book_id, author_id) VALUES (506, 605);
INSERT INTO publisher (publisher_id, name) VALUES (267, '상상나래');
INSERT INTO book (book_id, title, subcategory_id, publisher_id, price, point, published_date, description, image_url) VALUES (507, '마음 한 켠의 소설들', 18, 267, 15300, NULL, '2025-11-10', '', 'https://image.aladin.co.kr/product/37773/73/cover200/k122033563_1.jpg');
INSERT INTO author (author_id, name) VALUES (606, '강서현 외');
INSERT INTO book_author (book_id, author_id) VALUES (507, 606);
INSERT INTO publisher (publisher_id, name) VALUES (268, '지식과감성#');
INSERT INTO book (book_id, title, subcategory_id, publisher_id, price, point, published_date, description, image_url) VALUES (508, '내 이름은 행복입니다', 6, 268, 11700, 650, '2025-12-04', '시인은 행운의 네 잎과 행복의 세 잎 중 무엇이 더 소중한지를 되묻는다. 철학적 사유와 삶의 의미를 일상의 풍경 속에 담아낸 이 시집은, 독자에게 소박한 행복의 자리를 다시 바라보게 만든다.', 'https://image.aladin.co.kr/product/37773/73/cover200/k132033563_1.jpg');
INSERT INTO author (author_id, name) VALUES (607, '전남주');
INSERT INTO book_author (book_id, author_id) VALUES (508, 607);
INSERT INTO book (book_id, title, subcategory_id, publisher_id, price, point, published_date, description, image_url) VALUES (509, '이코노미 조선 612호 : 2025.11.19', 22, 216, 4750, 50, '2025-11-17', '', 'https://image.aladin.co.kr/product/37773/71/cover200/k162033563_1.jpg');
INSERT INTO author (author_id, name) VALUES (608, '이코노미조선 편집부');
INSERT INTO book_author (book_id, author_id) VALUES (509, 608);
INSERT INTO book (book_id, title, subcategory_id, publisher_id, price, point, published_date, description, image_url) VALUES (510, '2026 박문각 위험물기능사 (필기+실기) + 무료특강 세트 - 전2권 - 무료특강 제공', 3, 85, 43020, 2390, '2026-01-20', '&lt;2026 박문각 위험물기능사 필기+무료특강&gt;, &lt;2026 박문각 위험물기능사 실기+무료특강&gt;으로 구성된 세트 교재다.', 'https://image.aladin.co.kr/product/37773/66/cover200/k062033563_1.jpg');
INSERT INTO author (author_id, name) VALUES (609, '김연진');
INSERT INTO book_author (book_id, author_id) VALUES (510, 609);
INSERT INTO publisher (publisher_id, name) VALUES (269, '메이킹북스');
INSERT INTO book (book_id, title, subcategory_id, publisher_id, price, point, published_date, description, image_url) VALUES (511, '오지마을에서 살아남기', 9, 269, 15120, 840, '2025-10-30', '저자의 산골 귀촌 경험을 바탕으로 자연 속에서 살아가는 법을 담담하게 기록한 책이다. 땅을 고르는 기준부터 물·전기·생활 인프라, 원주민과의 관계, 자연과의 공존, 귀촌 정책까지, 실제 현장에서 체득한 생생한 지혜를 정리해 은퇴 후 새로운 삶을 준비하는 이들에게 든든한 길잡이가 되어 준다.', 'https://image.aladin.co.kr/product/37773/62/cover200/k932033563_1.jpg');
INSERT INTO author (author_id, name) VALUES (610, '심현천');
INSERT INTO book_author (book_id, author_id) VALUES (511, 610);
INSERT INTO publisher (publisher_id, name) VALUES (270, '도토리숲');
INSERT INTO book (book_id, title, subcategory_id, publisher_id, price, point, published_date, description, image_url) VALUES (512, '내게도 애인이 생겼다 - 유비자 산문 시집', 6, 270, 12600, 700, '2025-11-29', '작가는 뜻하지 않은 사건으로 우울증과 공황장애로 힘든 시기를 보낼 때, 딸과 사위가 데려온 작은 강아지 ‘토리’와 생활하면서 새로운 희망의 인생을 시작한다. 그리고 매일매일 하루도 빠지지 않고 그날의 감정과 세상 이야기를 시로 표현하기 시작했다. 일상에서 피어오른 작가 자신의 모습과 젊은 시절의 추억 그리고 부모와 가족에 대한 애틋한 그리움을 시로 승화시켜 담아냈다.', 'https://image.aladin.co.kr/product/37773/61/cover200/k922033563_1.jpg');
INSERT INTO author (author_id, name) VALUES (611, '유비자');
INSERT INTO book_author (book_id, author_id) VALUES (512, 611);
INSERT INTO publisher (publisher_id, name) VALUES (271, '꿈의지도');
INSERT INTO book (book_id, title, subcategory_id, publisher_id, price, point, published_date, description, image_url) VALUES (513, '세상의 끝, 파타고니아 - 트레킹 성지 파타고니아 가이드북', 19, 271, 18000, 1000, '2025-12-10', '전 세계 트레커들의 로망 남미 파타고니아를 안내하는 국내 최초 가이드북. 피츠로이와 토레스 델 파이네 등 파타고니아 핵심 트레킹 지역을 여행하는 방법을 알려준다. 능력에 따른 트레킹 코스 선정, 까다로운 산장 예약 방법, 꼭 필요한 트레킹 준비물 등 파타고니아 트레킹 ABC를 다 담았다.', 'https://image.aladin.co.kr/product/37773/59/cover200/k912033563_1.jpg');
INSERT INTO author (author_id, name) VALUES (612, '배인철');
INSERT INTO book_author (book_id, author_id) VALUES (513, 612);
INSERT INTO publisher (publisher_id, name) VALUES (272, '밝은미래');
INSERT INTO book (book_id, title, subcategory_id, publisher_id, price, point, published_date, description, image_url) VALUES (514, '한국사 수수께끼 OX 퀴즈', 10, 272, 10800, 600, '2025-11-17', '알면서도 자주 헷갈리는 역사적 사실과 재미있고 흥미로운 한국사 이야기들을 놀이처럼 다가갈 수 있는 한국사 입문서이다. 귀엽고 엉뚱한 도깨비 오(O)와 엑스(X), 세모(△)는 잃어버린 금방울을 찾으러 천마와 함께 신나는 시간 여행을 통해 한국사 전반을 훑어 나간다.', 'https://image.aladin.co.kr/product/37773/58/cover200/8965467667_1.jpg');
INSERT INTO author (author_id, name) VALUES (613, '보리쌀');
INSERT INTO author (author_id, name) VALUES (614, '황재윤 (그림)');
INSERT INTO book_author (book_id, author_id) VALUES (514, 613);
INSERT INTO book_author (book_id, author_id) VALUES (514, 614);
INSERT INTO book (book_id, title, subcategory_id, publisher_id, price, point, published_date, description, image_url) VALUES (515, '화학자 홍교수의 식물 탐구 생활, 한국사', 5, 12, 16700, NULL, '2025-10-20', '', 'https://image.aladin.co.kr/product/37773/55/cover200/k972033563_1.jpg');
INSERT INTO author (author_id, name) VALUES (615, '홍영식');
INSERT INTO book_author (book_id, author_id) VALUES (515, 615);
INSERT INTO publisher (publisher_id, name) VALUES (273, '텍스트프레스');
INSERT INTO book (book_id, title, subcategory_id, publisher_id, price, point, published_date, description, image_url) VALUES (516, '울림들', 2, 273, 19800, 1100, '2025-11-19', '1913년 단 345부만 인쇄된 바실리 칸딘스키의 유일한 시집 『울림들』이 한국어 완역본으로 출간된다. 총 38편의 산문시와 59점의 목판화로 구성된, 페이지 번호조차 기입되지 않은 이 작품은 칸딘스키가 구상에서 추상으로 전환하던 결정적 시기(1911~1913)에 제작된 실험 시집이다.', 'https://image.aladin.co.kr/product/37773/53/cover200/k842033562_1.jpg');
INSERT INTO author (author_id, name) VALUES (616, '바실리 칸딘스키');
INSERT INTO translator (translator_id, name) VALUES (65, '도요와 호반새');
INSERT INTO book_author (book_id, author_id) VALUES (516, 616);
INSERT INTO book_translator (book_id, translator_id) VALUES (516, 65);
INSERT INTO publisher (publisher_id, name) VALUES (274, '북스테이트');
INSERT INTO book (book_id, title, subcategory_id, publisher_id, price, point, published_date, description, image_url) VALUES (517, '2026 변호사시험 대비 국제거래법 기출문제 Outline 최종정리', 3, 274, 16200, 900, '2025-11-14', '국제거래법 기출·모의고사를 아웃라인으로 정리해 핵심만 빠르게 파악하도록 했다. 방대한 해설 대신 답안 구조를 중심으로 구성해 조문과 논점을 자연스럽게 기억하게 하며, 시험장에서 바로 활용할 수 있는 실전형 대비가 가능하다.', 'https://image.aladin.co.kr/product/37773/51/cover200/k802033562_1.jpg');
INSERT INTO author (author_id, name) VALUES (617, '이성원');
INSERT INTO book_author (book_id, author_id) VALUES (517, 617);
INSERT INTO book (book_id, title, subcategory_id, publisher_id, price, point, published_date, description, image_url) VALUES (518, 'Who? Special : 이길여', 10, 218, 14400, 800, '2025-11-19', '전쟁과 가난 속에서도 생명을 살리겠다는 꿈으로 의사가 된 이길여의 도전과 헌신을 담은 이야기다. 의료 활동부터 가천대학교 설립까지 불가능을 가능으로 만든 집념을 통해 어려움 속에서도 포기하지 않는 용기와 따뜻한 리더십을 전한다.', 'https://image.aladin.co.kr/product/37773/50/cover200/k962033563_1.jpg');
INSERT INTO author (author_id, name) VALUES (618, '김현수');
INSERT INTO author (author_id, name) VALUES (619, '노이정 (그림)');
INSERT INTO author (author_id, name) VALUES (620, '가천문화재단 (감수)');
INSERT INTO book_author (book_id, author_id) VALUES (518, 618);
INSERT INTO book_author (book_id, author_id) VALUES (518, 619);
INSERT INTO book_author (book_id, author_id) VALUES (518, 620);
INSERT INTO book (book_id, title, subcategory_id, publisher_id, price, point, published_date, description, image_url) VALUES (519, '꽃잎이 떨어진 자리', 6, 12, 14100, NULL, '2025-10-20', '', 'https://image.aladin.co.kr/product/37773/50/cover200/k852033562_1.jpg');
INSERT INTO author (author_id, name) VALUES (621, '박윤아');
INSERT INTO book_author (book_id, author_id) VALUES (519, 621);
INSERT INTO publisher (publisher_id, name) VALUES (275, '길벗스쿨');
INSERT INTO book (book_id, title, subcategory_id, publisher_id, price, point, published_date, description, image_url) VALUES (520, '조마조마 기차 여행', 10, 275, 12600, 700, '2025-11-20', '용감하고 꿈 많은 꼬마 문어 꼬뭉이의 짜릿하고 유쾌한 모험을 그린 ?나는야 꼬마 문어 꼬뭉이?의 두 번째 이야기 &lt;조마조마 기차 여행&gt;이 출간되었다. 첫 권에서 꼬뭉이가 친구들과 배 위에 오르고 수박밭에 가 보고 하늘 날기에 도전했다면, 이번에는 파도가 몰아치는 절벽, 바닷속 만물상점, 눈꽃 열차 등 새로운 공간을 배경으로 다채로운 모험을 펼친다.', 'https://image.aladin.co.kr/product/37773/49/cover200/k742033562_1.jpg');
INSERT INTO author (author_id, name) VALUES (622, '박현정');
INSERT INTO book_author (book_id, author_id) VALUES (520, 622);
INSERT INTO book_author (book_id, author_id) VALUES (520, 146);
INSERT INTO publisher (publisher_id, name) VALUES (276, '단꿈아이');
INSERT INTO book (book_id, title, subcategory_id, publisher_id, price, point, published_date, description, image_url) VALUES (521, '[단꿈아이] 설민석 최신간 묶음 세트(전4권) - 한국사 대모험 34 + 세계사 대모험 26 + 그리스 로마 신화 대모험 13 + 삼국지 대모험 24', 29, 276, 52200, 580, '2025-10-20', '', 'https://image.aladin.co.kr/product/37773/49/cover200/scm29496426404.jpg');
INSERT INTO author (author_id, name) VALUES (623, '설민석');
INSERT INTO book_author (book_id, author_id) VALUES (521, 623);
INSERT INTO book (book_id, title, subcategory_id, publisher_id, price, point, published_date, description, image_url) VALUES (522, '울산여지도 - 유네스코 세계유산 도시를 걷다', 5, 268, 18000, 1000, '2025-12-01', '1,000년 왕국 신라가 왜 서울을 한 번도 옮기지 않았을까. 그 이유는 놀랍게도 울산이라는 국제무역항이 있었기 때문이다. 무려 1,200년 전 울산은 한반도 최초의 국제무역항이었다. 그 오래된 울산의 역사성을 답사 형식으로 풀어쓴 인문 지리 역사서가 바로 『울산여지도』다.', 'https://image.aladin.co.kr/product/37773/47/cover200/k792033562_1.jpg');
INSERT INTO author (author_id, name) VALUES (624, '김진영');
INSERT INTO book_author (book_id, author_id) VALUES (522, 624);
INSERT INTO book (book_id, title, subcategory_id, publisher_id, price, point, published_date, description, image_url) VALUES (523, '한권 한달 완성 프랑스어 말하기 Lv. 1 - 알파벳부터 기초 회화까지 한 달 완성', 16, 265, 15120, 840, '2025-11-28', '프랑스어 기초부터 실전 회화까지 한 달 만에 마스터할 수 있도록 구성된 교재이다. 누구나 쉽고 부담 없이 프랑스어를 시작할 수 있도록 어려운 문법이나 과한 설명은 덜어 내고, 초보자를 위한 생활 속 ‘진짜 회화’를 최대한 담아냈다.', 'https://image.aladin.co.kr/product/37773/46/cover200/k702033562_1.jpg');
INSERT INTO author (author_id, name) VALUES (625, '노민주(주미에르)');
INSERT INTO book_author (book_id, author_id) VALUES (523, 625);
INSERT INTO publisher (publisher_id, name) VALUES (277, '음악세계');
INSERT INTO book (book_id, title, subcategory_id, publisher_id, price, point, published_date, description, image_url) VALUES (524, '샛별쌤의 오늘은 계이름 3 With 슈야토야', 2, 277, 4500, 250, '2025-11-13', '총 10권으로 분권하여 계이름을 체계적으로 배울 수 있다. 다양한 문제 유형과 각 권마다 복습, ''계이름 냠냠''을 통해 반복 학습을 하며 놓치는 내용 없이 꼼꼼하게 학습할 수 있도록 구성하였다.', 'https://image.aladin.co.kr/product/37773/46/cover200/k762033562_1.jpg');
INSERT INTO author (author_id, name) VALUES (626, '김지선 (편저)');
INSERT INTO book_author (book_id, author_id) VALUES (524, 626);
INSERT INTO publisher (publisher_id, name) VALUES (278, '돌핀북');
INSERT INTO book (book_id, title, subcategory_id, publisher_id, price, point, published_date, description, image_url) VALUES (525, '채사장의 지대넓얕 11-15번 시리즈 (전5권)', 29, 278, 67500, 750, '2025-11-19', '', 'https://image.aladin.co.kr/product/37773/45/cover200/scm14335426366.jpg');
INSERT INTO author (author_id, name) VALUES (627, '채사장');
INSERT INTO author (author_id, name) VALUES (628, '마케마케');
INSERT INTO book_author (book_id, author_id) VALUES (525, 627);
INSERT INTO book_author (book_id, author_id) VALUES (525, 628);
INSERT INTO publisher (publisher_id, name) VALUES (279, '에이콘출판');
INSERT INTO book (book_id, title, subcategory_id, publisher_id, price, point, published_date, description, image_url) VALUES (526, 'C# 스크립트를 활용한 유니티 6 개발 - 게임과 VR 개발의 첫걸음', 15, 279, 37800, 2100, '2025-11-28', '유니티 6의 최신 렌더링·UI·멀티플레이어·XR 기능을 실습으로 익히며 C# 기반 게임 메카닉, 애셋 관리, 최적화와 네트워크 개발까지 폭넓게 다룬다. 입문자부터 인디 개발자까지 실전 프로젝트에 바로 쓰는 기술서다.', 'https://image.aladin.co.kr/product/37773/44/cover200/k622033562_1.jpg');
INSERT INTO author (author_id, name) VALUES (629, '렘 애퍼슨');
INSERT INTO translator (translator_id, name) VALUES (66, '장세윤');
INSERT INTO book_author (book_id, author_id) VALUES (526, 629);
INSERT INTO book_translator (book_id, translator_id) VALUES (526, 66);
INSERT INTO book (book_id, title, subcategory_id, publisher_id, price, point, published_date, description, image_url) VALUES (527, '채사장의 지대넓얕 1-15번 시리즈 (전15권)', 29, 278, 200700, 2230, '2025-11-19', '', 'https://image.aladin.co.kr/product/37773/43/cover200/scm14335426349.jpg');
INSERT INTO book_author (book_id, author_id) VALUES (527, 627);
INSERT INTO book_author (book_id, author_id) VALUES (527, 628);
INSERT INTO book (book_id, title, subcategory_id, publisher_id, price, point, published_date, description, image_url) VALUES (528, '마지막 사랑', 6, 52, 16200, 900, '2025-11-15', '인생 후반의 외로움과 자기 성찰, 그리고 진정한 사랑의 의미를 묻는 이야기다. 한날한시에 부모가 남긴 짧은 메모 ― “나를 찾지 마라.” 그 말 한 줄로 평범한 일상이 무너진다. 어머니를 잃은 딸 정애와 아버지를 잃은 아들 성철, 그리고 그들을 둘러싼 시간의 흐름은 ‘떠남과 남음’의 의미를 조용히 되묻는다.', 'https://image.aladin.co.kr/product/37773/41/cover200/k602033562_1.jpg');
INSERT INTO author (author_id, name) VALUES (630, '조두현');
INSERT INTO book_author (book_id, author_id) VALUES (528, 630);
INSERT INTO publisher (publisher_id, name) VALUES (280, '어스본코리아');
INSERT INTO book (book_id, title, subcategory_id, publisher_id, price, point, published_date, description, image_url) VALUES (529, '어디어디 숨었니_플랩북 18종 시리즈 (전18권)_우리아이 첫 과학 플랩북', 29, 280, 189000, 2100, '2025-11-13', '', 'https://image.aladin.co.kr/product/37773/40/cover200/scm14335426320.jpg');
INSERT INTO author (author_id, name) VALUES (631, '안나 밀버른');
INSERT INTO book_author (book_id, author_id) VALUES (529, 631);
INSERT INTO book (book_id, title, subcategory_id, publisher_id, price, point, published_date, description, image_url) VALUES (530, '샛별쌤의 오늘은 계이름 2 With 슈야토야', 2, 277, 4500, 250, '2025-11-18', '총 10권으로 분권하여 계이름을 체계적으로 배울 수 있다. 다양한 문제 유형과 각 권마다 복습, ''계이름 냠냠''을 통해 반복 학습을 하며 놓치는 내용 없이 꼼꼼하게 학습할 수 있도록 구성하였다. 아기자기한 슈야토야 캐릭터가 들어간 재미있는 놀이 페이지와 스티커로 흥미도 함께 잡았다. 또한, 전권에 수록된 해답으로 선생님들의 편의성도 더욱 높였다.', 'https://image.aladin.co.kr/product/37773/39/cover200/k682033562_1.jpg');
INSERT INTO book_author (book_id, author_id) VALUES (530, 626);
INSERT INTO publisher (publisher_id, name) VALUES (281, '엔플북스');
INSERT INTO book (book_id, title, subcategory_id, publisher_id, price, point, published_date, description, image_url) VALUES (531, '2026 공조냉동기계기사 필기', 3, 281, 39600, 2200, '2026-01-05', '공조냉동 산업 성장과 함께 난도가 높은 공조냉동기계기사 시험을 대비하도록 NCS 기반 개편 출제기준을 분석해 핵심 이론과 문제를 엄선했다. 직무 중심 시험 변화에 맞춰 출제 가능 영역을 정리해 실전 대응력을 높이며, 수험생이 핵심 범위를 효율적으로 준비하도록 돕는 구성이다.', 'https://image.aladin.co.kr/product/37773/38/cover200/8968134251_1.jpg');
INSERT INTO author (author_id, name) VALUES (632, '공조기술자격연구회');
INSERT INTO book_author (book_id, author_id) VALUES (531, 632);
INSERT INTO book (book_id, title, subcategory_id, publisher_id, price, point, published_date, description, image_url) VALUES (532, '지리마블 인도', 10, 177, 13500, 750, '2025-11-24', '인도 작가가 들려주는 현지 시선의 지리 탐험서로, 타라와 할머니의 여행을 따라 28개 도시의 자연·문화·역사를 이야기처럼 배우는 책이다. 다양성과 산업의 흐름을 익히고 활동지로 탐구까지 확장할 수 있는 생생한 인도 지리 모험이다.', 'https://image.aladin.co.kr/product/37773/36/cover200/k502033562_1.jpg');
INSERT INTO book_author (book_id, author_id) VALUES (532, 399);
INSERT INTO book_author (book_id, author_id) VALUES (532, 401);
INSERT INTO book_translator (book_id, translator_id) VALUES (532, 54);
INSERT INTO publisher (publisher_id, name) VALUES (282, '돌배나무');
INSERT INTO book (book_id, title, subcategory_id, publisher_id, price, point, published_date, description, image_url) VALUES (533, '무엇이 나의 젠더 정체성을 결정할까?', 18, 282, 8100, 450, '2025-10-20', '성·젠더의 차이에서 출발해 젠더 규범과 위계, 대중 매체의 영향까지 짚으며 이분법적 사고를 넘어 평등한 사회로 가기 위한 사유를 제안한다.', 'https://image.aladin.co.kr/product/37773/36/cover200/k512033562_1.jpg');
INSERT INTO author (author_id, name) VALUES (633, '아이다 은디아예');
INSERT INTO author (author_id, name) VALUES (634, '레아 뮈라비에크 (그림)');
INSERT INTO translator (translator_id, name) VALUES (67, '이현');
INSERT INTO author (author_id, name) VALUES (635, '김석 (감수)');
INSERT INTO book_author (book_id, author_id) VALUES (533, 633);
INSERT INTO book_author (book_id, author_id) VALUES (533, 634);
INSERT INTO book_author (book_id, author_id) VALUES (533, 635);
INSERT INTO book_translator (book_id, translator_id) VALUES (533, 67);
INSERT INTO publisher (publisher_id, name) VALUES (283, '책과함께어린이');
INSERT INTO book (book_id, title, subcategory_id, publisher_id, price, point, published_date, description, image_url) VALUES (534, 'DK 100가지 사진으로 보는_신비 7종 시리즈 (전7권)', 29, 283, 198000, 2200, '2025-12-25', '', 'https://image.aladin.co.kr/product/37773/36/cover200/scm14335426277.jpg');
INSERT INTO author (author_id, name) VALUES (636, '캘리 올더쇼');
INSERT INTO book_author (book_id, author_id) VALUES (534, 636);
INSERT INTO book (book_id, title, subcategory_id, publisher_id, price, point, published_date, description, image_url) VALUES (535, '설민석의 우리 고전 대모험 1-8번 시리즈 (전8권)', 29, 276, 108000, 1200, '2025-11-17', '', 'https://image.aladin.co.kr/product/37773/34/cover200/scm14335426258.jpg');
INSERT INTO author (author_id, name) VALUES (637, '최설희');
INSERT INTO book_author (book_id, author_id) VALUES (535, 623);
INSERT INTO book_author (book_id, author_id) VALUES (535, 637);
INSERT INTO book (book_id, title, subcategory_id, publisher_id, price, point, published_date, description, image_url) VALUES (536, '[옐로우] 초등 개구쟁이 저학년 일기장 3권 세트 (1-2 넓은 칸, 120g 내지)', 24, 87, 7830, 430, '2025-11-17', '', 'https://image.aladin.co.kr/product/37773/33/cover200/k432033562_1.jpg');
INSERT INTO book_author (book_id, author_id) VALUES (536, 210);
INSERT INTO publisher (publisher_id, name) VALUES (284, '구민사');
INSERT INTO book (book_id, title, subcategory_id, publisher_id, price, point, published_date, description, image_url) VALUES (537, '2026 기계설계산업기사 필기', 3, 284, 34200, 1900, '2026-01-15', '기계설계산업기사 필기를 대비할 수 있는 수험서다. 출제기준에 맞춰 각 과목별 이론을 체계적으로 요약 정리하여 수험생이 스스로 내용을 정리할 수 있도록 하였다. 내용정리가 끝나면 각 장의 출제예상문제를 풀 수 있도록 하였다. 이때 정리한 내용을 복습할 수 있게 구성하였다.', 'https://image.aladin.co.kr/product/37773/32/cover200/k422033562_1.jpg');
INSERT INTO author (author_id, name) VALUES (638, '김영기');
INSERT INTO book_author (book_id, author_id) VALUES (537, 638);
INSERT INTO book (book_id, title, subcategory_id, publisher_id, price, point, published_date, description, image_url) VALUES (538, '샛별쌤의 오늘은 계이름 1 With 슈야토야', 2, 277, 4500, 250, '2025-11-13', '총 10권으로 분권하여 계이름을 체계적으로 배울 수 있다. 다양한 문제 유형과 각 권마다 복습, ''계이름 냠냠''을 통해 반복 학습을 하며 놓치는 내용 없이 꼼꼼하게 학습할 수 있도록 구성하였다. 아기자기한 슈야토야 캐릭터가 들어간 재미있는 놀이 페이지와 스티커로 흥미도 함께 잡았다.', 'https://image.aladin.co.kr/product/37773/32/cover200/k492033562_1.jpg');
INSERT INTO book_author (book_id, author_id) VALUES (538, 626);
INSERT INTO publisher (publisher_id, name) VALUES (285, '은하수미디어');
INSERT INTO book (book_id, title, subcategory_id, publisher_id, price, point, published_date, description, image_url) VALUES (539, '초등학생을 위한 세계명작 1-65번 시리즈 (전65권)', 29, 285, 438750, 4870, '2025-11-10', '', 'https://image.aladin.co.kr/product/37773/32/cover200/scm14335426234.jpg');
INSERT INTO author (author_id, name) VALUES (639, '엘리너 하지먼 포터');
INSERT INTO translator (translator_id, name) VALUES (68, '양수현');
INSERT INTO book_author (book_id, author_id) VALUES (539, 639);
INSERT INTO book_translator (book_id, translator_id) VALUES (539, 68);
INSERT INTO book (book_id, title, subcategory_id, publisher_id, price, point, published_date, description, image_url) VALUES (540, '[그린] 초등 개구쟁이 저학년 일기장 3권 세트 (1-2 넓은 칸, 120g 내지)', 24, 87, 7830, 430, '2025-11-17', '', 'https://image.aladin.co.kr/product/37773/32/cover200/k462033562_1.jpg');
INSERT INTO book_author (book_id, author_id) VALUES (540, 210);
INSERT INTO book (book_id, title, subcategory_id, publisher_id, price, point, published_date, description, image_url) VALUES (541, '[핑크] 초등 개구쟁이 저학년 알림장 3권 세트 (1-2 넓은 칸, 120g 내지)', 24, 87, 7830, 430, '2025-11-17', '', 'https://image.aladin.co.kr/product/37773/28/cover200/k282033562_1.jpg');
INSERT INTO book_author (book_id, author_id) VALUES (541, 210);
INSERT INTO book (book_id, title, subcategory_id, publisher_id, price, point, published_date, description, image_url) VALUES (542, '쉽게 배우는 소프트웨어 공학 - 제3판', 15, 224, 33000, 1650, '2025-11-17', '소프트웨어 공학을 처음 배우는 독자를 위한 입문서다. 막연하게 느껴졌던 개념을 일상적인 사례와 풍부한 삽화 및 도해로 설명하였다. 3판에서는 설계·품질·프로젝트 관리 파트를 전면 개정하여 최신 국제 표준과 실무 트렌드를 반영했다.', 'https://image.aladin.co.kr/product/37773/26/cover200/k252033562_1.jpg');
INSERT INTO author (author_id, name) VALUES (640, '김치수');
INSERT INTO book_author (book_id, author_id) VALUES (542, 640);
INSERT INTO book (book_id, title, subcategory_id, publisher_id, price, point, published_date, description, image_url) VALUES (543, '마음을 천장에 붙이다', 6, 226, 10800, 600, '2025-11-20', '일상에서 발견한 보석 같은 순간과 가족을 향한 애틋한 시선을 통해 마음의 온기를 전하는 시집이다. 민들레 씨앗처럼 흩어지던 마음을 붙잡아 천장에 붙인다는 표제시의 이미지처럼, 배움의 기쁨·관계의 소중함·작은 존재의 강인함을 우화적 일화로 풀어내 삶의 덕목을 자연스럽게 일깨운다.', 'https://image.aladin.co.kr/product/37773/23/cover200/k162033562_1.jpg');
INSERT INTO author (author_id, name) VALUES (641, '맨드리 김희주');
INSERT INTO book_author (book_id, author_id) VALUES (543, 641);
INSERT INTO publisher (publisher_id, name) VALUES (286, '오후의서재');
INSERT INTO book (book_id, title, subcategory_id, publisher_id, price, point, published_date, description, image_url) VALUES (544, '화가가 사랑한 파리 - 명화에 담긴 101가지 파리 풍경', 2, 286, 20700, 1150, '2025-11-25', '&lt;화가가 사랑한&gt; 시리즈는 한 가지 주제로 작품 101점을 모아 화가들의 개성과 숨은 이야기를 들여다보는 미술 교양 베스트셀러다. 나무와 바다, 밤에 이어 네 번째로 선보이는 주제는 세상 모든 예술가가 꿈꾸는 마음의 고향 ‘파리’다.', 'https://image.aladin.co.kr/product/37773/22/cover200/k012033562_1.jpg');
INSERT INTO author (author_id, name) VALUES (642, '정우철');
INSERT INTO book_author (book_id, author_id) VALUES (544, 642);
INSERT INTO book (book_id, title, subcategory_id, publisher_id, price, point, published_date, description, image_url) VALUES (545, '최소한의 삼국지 - 최태성의 삼국지 고전 특강', 12, 261, 17550, 970, '2025-11-18', '‘삼국지, 한번은 읽어봐야 한다는데 왜 이렇게 길고 등장인물이 많아?’ 삼국지를 선뜻 시작하지 못하는 사람들의 부담감을 덜고, 동양 최고의 고전에 담긴 지혜와 통찰을 쉽고 재미있게 나누기 위해 누적 수강생 700만 명에 이르는 명강사 최태성이 나섰다. 꼭 알아야 할 핵심만 한 권에 담아 누구나 단숨에 이해할 수 있는 삼국지 입문서 《최소한의 삼국지》가 탄생했다.', 'https://image.aladin.co.kr/product/37773/21/cover200/k002033562_1.jpg');
INSERT INTO book_author (book_id, author_id) VALUES (545, 597);
INSERT INTO book_author (book_id, author_id) VALUES (545, 598);
INSERT INTO publisher (publisher_id, name) VALUES (287, '호산나');
INSERT INTO book (book_id, title, subcategory_id, publisher_id, price, point, published_date, description, image_url) VALUES (546, '나의 길, 나의 순례', 7, 287, 9500, 500, '2025-11-20', '저자가 렌터카로 이스라엘부터 요르단 지역을 여행하며 쓴 순례기다. 그의 책에는 이스라엘의 헤브론, 브엘세바, 네게브 사막, 아라바 광야 등과 요르단의 페트라, 세렛 골짜기, 아르논 골짜기, 느보산, 암만, 요단강 등, 성경에 나오는 이름들이 등장한다.', 'https://image.aladin.co.kr/product/37773/20/cover200/k092033562_1.jpg');
INSERT INTO author (author_id, name) VALUES (643, '명광현');
INSERT INTO book_author (book_id, author_id) VALUES (546, 643);
INSERT INTO publisher (publisher_id, name) VALUES (288, '지안에듀');
INSERT INTO book (book_id, title, subcategory_id, publisher_id, price, point, published_date, description, image_url) VALUES (547, '2026 전산직·군무원 소프트웨어공학 기출문제집 - 전산직·군무원·정보감리사·경찰청 / 최신 기출문제 완벽 분석 및 수록 / 전산직 7급 공무원 수험서의 Bible', 3, 288, 21600, 1200, '2025-12-01', '전산직·군무원·경간부·감리사 대비를 위해 2010~2025년 기출과 비공개 복원문항을 단원별로 정리했다. 품질보증·UML·디자인패턴 등 최근 출제 흐름을 반영해 유형 파악과 약점 보완이 쉽고, 이론서 순서에 맞춰 빠르게 적응하도록 구성한 실전 대비용 문제집이다.', 'https://image.aladin.co.kr/product/37773/19/cover200/8966113281_1.jpg');
INSERT INTO author (author_id, name) VALUES (644, '박태순');
INSERT INTO book_author (book_id, author_id) VALUES (547, 644);
INSERT INTO book (book_id, title, subcategory_id, publisher_id, price, point, published_date, description, image_url) VALUES (548, '나에게 온 편지', 21, 12, 9500, NULL, '2025-10-31', '', 'https://image.aladin.co.kr/product/37773/19/cover200/k932033562_1.jpg');
INSERT INTO author (author_id, name) VALUES (645, '변은주');
INSERT INTO book_author (book_id, author_id) VALUES (548, 645);
INSERT INTO publisher (publisher_id, name) VALUES (289, '한국교육방송공사(초등)');
INSERT INTO book (book_id, title, subcategory_id, publisher_id, price, point, published_date, description, image_url) VALUES (549, 'EBS 기초학력 진단평가 중학 2학년 (8절) (2026년) - 2026년 3월 시행 평가 대비', 23, 289, 13500, 150, '2025-11-10', '매년 3월 시행되는 기초학력 진단평가의 목적을 반영해 지난 학년 핵심 개념을 점검하도록 구성되었으며, 『2026 기초학력 진단평가』는 중1 주요 개념 복습과 3회분 실전 모의고사, EBS 중학사이트 온라인 2회분 모의고사로 실력을 확인할 수 있게 한다.', 'https://image.aladin.co.kr/product/37773/17/cover200/8954795692_1.jpg');
INSERT INTO author (author_id, name) VALUES (646, 'EBS(한국교육방송공사) 편집부');
INSERT INTO book_author (book_id, author_id) VALUES (549, 646);
INSERT INTO book (book_id, title, subcategory_id, publisher_id, price, point, published_date, description, image_url) VALUES (550, '지속하는 사람의 힘 - 재능보다 오래 버티는 힘이 인생을 바꾼다', 20, 12, 14100, NULL, '2025-10-13', '', 'https://image.aladin.co.kr/product/37773/11/cover200/k642033561_1.jpg');
INSERT INTO author (author_id, name) VALUES (647, '박재훈');
INSERT INTO book_author (book_id, author_id) VALUES (550, 647);
INSERT INTO book (book_id, title, subcategory_id, publisher_id, price, point, published_date, description, image_url) VALUES (551, '지리마블 아프리카', 10, 177, 13500, 750, '2025-11-24', '아프리카 출신 글, 그림 작가 들이 의기투합해 만든 스토리텔링형 지리 탐험서이다. 책을 펼치는 순간, 북아프리카의 사하라 사막에서 남아프리카의 초원까지 광대한 대륙을 생생히 여행하듯 이동하며 지역·자연·문화·역사를 차례로 만날 수 있다.', 'https://image.aladin.co.kr/product/37773/11/cover200/k612033561_1.jpg');
INSERT INTO author (author_id, name) VALUES (648, '모우니 페다그 (그림)');
INSERT INTO book_author (book_id, author_id) VALUES (551, 398);
INSERT INTO book_author (book_id, author_id) VALUES (551, 648);
INSERT INTO book_translator (book_id, translator_id) VALUES (551, 54);
INSERT INTO book (book_id, title, subcategory_id, publisher_id, price, point, published_date, description, image_url) VALUES (552, 'EBS 기초학력 진단평가 초등 5학년 (8절) (2026년) - 기초학력 진단평가 교재 1위, 2026년 3월 시행 평가 대비', 8, 289, 13500, 150, '2025-11-10', '''기초학력 진단평가''는 매년 3월 학기 초에 실시하는 검사로 새로운 학년의 교육 내용을 이수하는 데 필수적인 교과별 기본 학습 내용을 학생들이 갖추고 있는지 진단하는 평가다. 지난 학년에 배운 내용을 잘 이해했는지 점검하는 것을 목적으로 한다.', 'https://image.aladin.co.kr/product/37773/10/cover200/8954795684_1.jpg');
INSERT INTO book_author (book_id, author_id) VALUES (552, 646);
INSERT INTO book (book_id, title, subcategory_id, publisher_id, price, point, published_date, description, image_url) VALUES (553, 'EBS 기초학력 진단평가 초등 4학년 (8절) (2026년) - 기초학력 진단평가 교재 1위, 2026년 3월 시행 평가 대비', 8, 289, 13500, 150, '2025-11-10', '''기초학력 진단평가''는 매년 3월 학기 초에 실시하는 검사로 새로운 학년의 교육 내용을 이수하는 데 필수적인 교과별 기본 학습 내용을 학생들이 갖추고 있는지 진단하는 평가다. 지난 학년에 배운 내용을 잘 이해했는지 점검하는 것을 목적으로 한다.', 'https://image.aladin.co.kr/product/37773/10/cover200/8954795676_1.jpg');
INSERT INTO book_author (book_id, author_id) VALUES (553, 646);
INSERT INTO publisher (publisher_id, name) VALUES (290, '한님성서연구소');
INSERT INTO book (book_id, title, subcategory_id, publisher_id, price, point, published_date, description, image_url) VALUES (554, '고통 - 2025년 한님성서연구소 제3차 학술 발표 논문집', 7, 290, 20000, NULL, '2025-11-21', '2023년, 한님성서연구소 창립 25주년 학술 발표 논문집, 2024년 제2차 학술 발표 논문집에 이어 세 번째 학술 발표 논문집이다. 한님성서연구소장과 수석연구원들의 논문 총 6편이 실려 있다. 이번 주제는 ''고통''이다.', 'https://image.aladin.co.kr/product/37773/8/cover200/8994359575_1.jpg');
INSERT INTO author (author_id, name) VALUES (649, '정태현');
INSERT INTO author (author_id, name) VALUES (650, '강지숙');
INSERT INTO author (author_id, name) VALUES (651, '송혜경');
INSERT INTO author (author_id, name) VALUES (652, '주원준');
INSERT INTO author (author_id, name) VALUES (653, '강선남');
INSERT INTO author (author_id, name) VALUES (654, '김선영');
INSERT INTO book_author (book_id, author_id) VALUES (554, 649);
INSERT INTO book_author (book_id, author_id) VALUES (554, 650);
INSERT INTO book_author (book_id, author_id) VALUES (554, 651);
INSERT INTO book_author (book_id, author_id) VALUES (554, 652);
INSERT INTO book_author (book_id, author_id) VALUES (554, 653);
INSERT INTO book_author (book_id, author_id) VALUES (554, 654);
INSERT INTO book (book_id, title, subcategory_id, publisher_id, price, point, published_date, description, image_url) VALUES (555, '푸른 탄산 - 아직 끝나지 않은 우리의 계절', 6, 12, 10000, NULL, '2025-10-15', '', 'https://image.aladin.co.kr/product/37773/7/cover200/k542033561_1.jpg');
INSERT INTO author (author_id, name) VALUES (655, '정현지');
INSERT INTO book_author (book_id, author_id) VALUES (555, 655);
INSERT INTO book (book_id, title, subcategory_id, publisher_id, price, point, published_date, description, image_url) VALUES (556, '2026 설비보전기사 필기 - CBT 실전모의고사 6회분 수록', 3, 284, 36000, 2000, '2026-01-15', '설비보전기사의 진동·소음 측정과 설비 상태 분석 업무를 기반으로, 2025년 출제기준과 기출문제를 철저히 반영해 핵심 내용과 필수 문제를 정리한 수험서다. 실전모의고사와 최근 경향 분석을 수록해 혼자서도 충분히 대비할 수 있도록 구성했다.', 'https://image.aladin.co.kr/product/37773/4/cover200/k512033561_1.jpg');
INSERT INTO book_author (book_id, author_id) VALUES (556, 638);
INSERT INTO book (book_id, title, subcategory_id, publisher_id, price, point, published_date, description, image_url) VALUES (557, '영혼의 몸체와 그 사용법 - 신지학 입문서 제1권', 7, 71, 15120, 840, '2025-10-30', '의식을 몸의 주인으로 설명하며 육체·에테르체·심령체를 다루는 실용적 툴킷을 제시한다. 식단과 생활 습관, 호흡, 마음 훈련을 통해 일상의 선택이 보이지 않는 에너지체에 미치는 변화를 체감하게 하고, 감정과 생각에 끌려다니지 않는 관찰자의 자리로 나아가도록 돕는다. 추상적 이론을 생활의 기술로 전환하는 입문 로드맵이자 수행자를 위한 실전 안내서다.', 'https://image.aladin.co.kr/product/37773/3/cover200/k592033561_1.jpg');
INSERT INTO author (author_id, name) VALUES (656, '애니 베전트');
INSERT INTO translator (translator_id, name) VALUES (69, '남우현');
INSERT INTO book_author (book_id, author_id) VALUES (557, 656);
INSERT INTO book_translator (book_id, translator_id) VALUES (557, 69);
INSERT INTO book (book_id, title, subcategory_id, publisher_id, price, point, published_date, description, image_url) VALUES (558, '2026 건설기계설비기사 필기', 3, 284, 43200, 2400, '2026-01-15', '건설기계설비기사 필기 대비를 위해 출제기준에 맞춰 핵심 이론과 중요 문제를 엄선해 혼자서도 정리할 수 있게 구성했다. 최신 기출과 해설로 출제경향을 정확히 파악하고, 빈도 높은 공식에는 별표로 표시해 학습 효율을 높였다. 시험 전 1-2주 자기진단과 집중 학습에 최적화된 수험서다.', 'https://image.aladin.co.kr/product/37773/2/cover200/k582033561_1.jpg');
INSERT INTO book_author (book_id, author_id) VALUES (558, 638);
INSERT INTO publisher (publisher_id, name) VALUES (291, '리브레토');
INSERT INTO book (book_id, title, subcategory_id, publisher_id, price, point, published_date, description, image_url) VALUES (559, '중동 전략 - 신중동시대 기업 진출 전략', 4, 291, 20700, 1150, '2025-11-25', '사우디아라비아가 비전 2030을 통해 경제 구조 전환에 속도를 내며 네옴 프로젝트, 재생에너지, AI, 관광·엔터테인먼트 등 비석유 산업을 대대적으로 육성하는 흐름 속에서 한국 기업이 맞닥뜨릴 전략적 기회와 실제 리스크를 구체적으로 짚은 책이다.', 'https://image.aladin.co.kr/product/37773/2/cover200/k432033561_1.jpg');
INSERT INTO book_author (book_id, author_id) VALUES (559, 510);
INSERT INTO book (book_id, title, subcategory_id, publisher_id, price, point, published_date, description, image_url) VALUES (560, '순간, 스며듦', 6, 12, 9200, NULL, '2025-10-13', '', 'https://image.aladin.co.kr/product/37773/1/cover200/k422033561_1.jpg');
INSERT INTO author (author_id, name) VALUES (657, '오현우');
INSERT INTO book_author (book_id, author_id) VALUES (560, 657);
INSERT INTO publisher (publisher_id, name) VALUES (292, '책들의정원');
INSERT INTO book (book_id, title, subcategory_id, publisher_id, price, point, published_date, description, image_url) VALUES (561, '나의 첫 번째 클래식 수업', 18, 292, 16200, 900, '2025-11-30', '중고등학교 교과서에 가장 많이 등장하는 음악가 19인의 작품과 삶을 깊이 있게 다루고 있는 책이다. 클래식은 지루하고 어렵다는 선입견을 깨고, K-팝만큼이나 재미있고 친근하게 즐길 수 있도록 돕는 입문서다.', 'https://image.aladin.co.kr/product/37773/0/cover200/k412033561_1.jpg');
INSERT INTO author (author_id, name) VALUES (658, '류인하');
INSERT INTO book_author (book_id, author_id) VALUES (561, 658);
INSERT INTO book (book_id, title, subcategory_id, publisher_id, price, point, published_date, description, image_url) VALUES (562, '오답노트', 6, 12, 13600, NULL, '2025-10-29', '', 'https://image.aladin.co.kr/product/37772/97/cover200/k472033561_1.jpg');
INSERT INTO author (author_id, name) VALUES (659, '백호준');
INSERT INTO book_author (book_id, author_id) VALUES (562, 659);
INSERT INTO publisher (publisher_id, name) VALUES (293, '봄날의산책');
INSERT INTO book (book_id, title, subcategory_id, publisher_id, price, point, published_date, description, image_url) VALUES (563, '다시, 시작의 자리에서 - 조용히 내 삶의 새 페이지를 연다', 9, 293, 13500, 750, '2025-11-30', '', 'https://image.aladin.co.kr/product/37772/94/cover200/k342033561_2.jpg');
INSERT INTO author (author_id, name) VALUES (660, '박세원');
INSERT INTO book_author (book_id, author_id) VALUES (563, 660);
INSERT INTO book (book_id, title, subcategory_id, publisher_id, price, point, published_date, description, image_url) VALUES (564, '한권 한달 완성 일본어 말하기 Lv.1 - 원어민 MP3 음원 + 문장 몰아보기 영상 +히라가나ㆍ가타카나 쓰기 노트+숫자·인칭·호칭 표현+ 필수 い형용사·な형용사 단어', 16, 265, 15120, 840, '2025-11-27', '『한권 한달 완성 일본어 말하기』 시리즈는 일본어의 진입 장벽을 낮춘 말하기 중심 학습서로, 일본어를 전혀 모르는 학습자라도 쉽게 듣고 따라 말할 수 있도록 구성하였다.', 'https://image.aladin.co.kr/product/37772/94/cover200/k332033561_1.jpg');
INSERT INTO book_author (book_id, author_id) VALUES (564, 602);
INSERT INTO book (book_id, title, subcategory_id, publisher_id, price, point, published_date, description, image_url) VALUES (565, '대충 살기를 권합니다 - ‘열심히’의 저주를 끝내는 ‘적당히’의 지혜', 20, 236, 16200, 900, '2025-11-17', '수많은 워크숍과 코칭 프로그램을 진행한 작가 리나 놈스는 유튜브 누적 조회수 2,400만 회를 기록하며 새로운 라이프 스타일 멘토로 떠올랐다. 작가는 ‘나는 대충주의자, 대충형 인간이다!’라고 선언하며 ‘열심히’의 저주를 끝내고 ‘적당히’의 지혜를 발휘하자고 말한다.', 'https://image.aladin.co.kr/product/37772/93/cover200/895699496x_1.jpg');
INSERT INTO author (author_id, name) VALUES (661, '리나 놈스');
INSERT INTO translator (translator_id, name) VALUES (70, '김미란');
INSERT INTO book_author (book_id, author_id) VALUES (565, 661);
INSERT INTO book_translator (book_id, translator_id) VALUES (565, 70);
INSERT INTO publisher (publisher_id, name) VALUES (294, '문예연구');
INSERT INTO book (book_id, title, subcategory_id, publisher_id, price, point, published_date, description, image_url) VALUES (566, '징검다리 건너', 6, 294, 10800, 600, '2025-11-14', '', 'https://image.aladin.co.kr/product/37772/93/cover200/k302033561_1.jpg');
INSERT INTO author (author_id, name) VALUES (662, '박영삼');
INSERT INTO book_author (book_id, author_id) VALUES (566, 662);
INSERT INTO publisher (publisher_id, name) VALUES (295, '한강');
INSERT INTO book (book_id, title, subcategory_id, publisher_id, price, point, published_date, description, image_url) VALUES (567, '꽃에 한 생각 덧붙여', 6, 295, 10800, 600, '2025-11-10', '시인은 꽃들을 마주하게 되면 그 아름다움과 신비스러움에 감탄하곤 했으며 이에 생태적 경이로움과 형태적 감동스러움에 탄복하며 꽃과 서로 나눈 이야기들을 묶어 시집으로 엮었다고 밝히고 있다.', 'https://image.aladin.co.kr/product/37772/88/cover200/8957946020_1.jpg');
INSERT INTO author (author_id, name) VALUES (663, '문재옥');
INSERT INTO book_author (book_id, author_id) VALUES (567, 663);
INSERT INTO publisher (publisher_id, name) VALUES (296, '상상스퀘어');
INSERT INTO book (book_id, title, subcategory_id, publisher_id, price, point, published_date, description, image_url) VALUES (568, '최박사의 운동 혁명 - 운동과 함께 건강한 삶을 사는 법', 21, 296, 22500, 1250, '2025-12-03', '운동을 단순한 신체 활동이 아닌 “인간의 잠재력을 온전히 드러내는 생명 시스템의 작동 방식”으로 바라보는 새로운 시선을 제시한다. 저자 최문기는 운동생리학과 행동과학, 신경과학, 영양학을 넘나들며 최신 연구와 실험적 근거를 바탕으로 통합적 회복 메커니즘으로 독자를 안내한다.', 'https://image.aladin.co.kr/product/37772/87/cover200/k352033561_1.jpg');
INSERT INTO author (author_id, name) VALUES (664, '최문기');
INSERT INTO book_author (book_id, author_id) VALUES (568, 664);
INSERT INTO book (book_id, title, subcategory_id, publisher_id, price, point, published_date, description, image_url) VALUES (569, '혼공수학 중1-1 2022개정교육과정', 23, 12, 14900, NULL, '2025-10-13', '', 'https://image.aladin.co.kr/product/37772/84/cover200/k242033561_1.jpg');
INSERT INTO book_author (book_id, author_id) VALUES (569, 129);
INSERT INTO publisher (publisher_id, name) VALUES (297, '돛과닻');
INSERT INTO book (book_id, title, subcategory_id, publisher_id, price, point, published_date, description, image_url) VALUES (570, '우리 몫의 후광은 없나 보네 - 세계 크리스마스 단편선', 6, 297, 16200, 900, '2025-11-11', '따뜻한 희망 대신 현실의 균열을 직면하게 하는 또 다른 크리스마스 이야기다. 달콤한 위로로 덮지 않는 깊은 정서와 단단함을 건네며 희망만큼 절망도 소중하다는 사실을 일깨운다.', 'https://image.aladin.co.kr/product/37772/81/cover200/k142033561_1.jpg');
INSERT INTO author (author_id, name) VALUES (665, '오 헨리');
INSERT INTO author (author_id, name) VALUES (666, '뮤리얼 스파크');
INSERT INTO author (author_id, name) VALUES (667, '블라디미르 나보코프');
INSERT INTO author (author_id, name) VALUES (668, '쥘 쉬페르비엘');
INSERT INTO author (author_id, name) VALUES (669, '찰스 디킨스');
INSERT INTO author (author_id, name) VALUES (670, '한스 크리스티안 안데르센');
INSERT INTO translator (translator_id, name) VALUES (71, '김영글');
INSERT INTO book_author (book_id, author_id) VALUES (570, 665);
INSERT INTO book_author (book_id, author_id) VALUES (570, 666);
INSERT INTO book_author (book_id, author_id) VALUES (570, 667);
INSERT INTO book_author (book_id, author_id) VALUES (570, 668);
INSERT INTO book_author (book_id, author_id) VALUES (570, 669);
INSERT INTO book_author (book_id, author_id) VALUES (570, 670);
INSERT INTO book_translator (book_id, translator_id) VALUES (570, 71);
INSERT INTO book (book_id, title, subcategory_id, publisher_id, price, point, published_date, description, image_url) VALUES (571, '늦게 피어난 시꽃이 내 이름을 불렀다 - 군산 말랭이 마을 동네글방 시인 탄생이야기', 9, 293, 13500, 750, '2025-11-20', '', 'https://image.aladin.co.kr/product/37772/78/cover200/k102033561_2.jpg');
INSERT INTO author (author_id, name) VALUES (671, '박모니카');
INSERT INTO book_author (book_id, author_id) VALUES (571, 671);
INSERT INTO book (book_id, title, subcategory_id, publisher_id, price, point, published_date, description, image_url) VALUES (572, '분꽃', 9, 263, 11700, 650, '2025-11-05', '', 'https://image.aladin.co.kr/product/37772/76/cover200/k192033561_1.jpg');
INSERT INTO author (author_id, name) VALUES (672, '김재희');
INSERT INTO book_author (book_id, author_id) VALUES (572, 672);
INSERT INTO publisher (publisher_id, name) VALUES (298, '마음연결');
INSERT INTO book (book_id, title, subcategory_id, publisher_id, price, point, published_date, description, image_url) VALUES (573, '찻잔을 옆에 두고', 6, 298, 10800, 600, '2025-11-15', '', 'https://image.aladin.co.kr/product/37772/76/cover200/k182033561_1.jpg');
INSERT INTO author (author_id, name) VALUES (673, '박종철');
INSERT INTO book_author (book_id, author_id) VALUES (573, 673);
INSERT INTO book (book_id, title, subcategory_id, publisher_id, price, point, published_date, description, image_url) VALUES (574, '고향에 두고 온 내 마음', 6, 295, 10800, 600, '2025-10-23', '미수의 나이를 지나 구순이 다가온 노시인은 여지껏 발간한 네 권의 시집을 정리하는 의미에서 시선집 『고향에 두고 온 내 마음』을 출간한다고 머리말에서 밝히고 있다. 이런 손진명 시인의 시는 삶의 성찰에서 비롯된 언어의 정화라 할 수 있다.', 'https://image.aladin.co.kr/product/37772/74/cover200/8957945970_1.jpg');
INSERT INTO author (author_id, name) VALUES (674, '손진명');
INSERT INTO book_author (book_id, author_id) VALUES (574, 674);
INSERT INTO publisher (publisher_id, name) VALUES (299, '도화');
INSERT INTO book (book_id, title, subcategory_id, publisher_id, price, point, published_date, description, image_url) VALUES (575, '말하는 여자', 6, 299, 13500, 750, '2025-10-25', '았다. 어린 시절의 균열부터 사회적 약자의 고통, 회복의 순간까지 현실의 그늘을 섬세하게 비추며 인간적 존엄을 다시 묻는 작품집이다.', 'https://image.aladin.co.kr/product/37772/70/cover200/k932033561_1.jpg');
INSERT INTO author (author_id, name) VALUES (675, '신종국');
INSERT INTO book_author (book_id, author_id) VALUES (575, 675);
INSERT INTO publisher (publisher_id, name) VALUES (300, '선교횃불(ccm2u)');
INSERT INTO book (book_id, title, subcategory_id, publisher_id, price, point, published_date, description, image_url) VALUES (576, '성경의 핵심을 파악하라 - 선택과 계약을 중심적으로 한 통전적 성경 연구', 7, 300, 8100, 450, '2025-11-20', '', 'https://image.aladin.co.kr/product/37772/68/cover200/8955465351_1.jpg');
INSERT INTO author (author_id, name) VALUES (676, '이기승');
INSERT INTO book_author (book_id, author_id) VALUES (576, 676);
INSERT INTO book (book_id, title, subcategory_id, publisher_id, price, point, published_date, description, image_url) VALUES (577, '네게로 가는 길', 9, 263, 13500, 750, '2025-11-15', '차영자의 글은 소박하다. 글 쓰는 기술이 뛰어나거나 지나친 비유도 없다. 부지런히 두 발로 걷고 뛰어서 얻어낸 문장이다. 그 힘으로 옛 현인과 선비를 만나 조우하며 자기만의 세계관을 만들어 낸다. 부단한 노력이 만들어 낸 결과이다.', 'https://image.aladin.co.kr/product/37772/67/cover200/k592033560_1.jpg');
INSERT INTO author (author_id, name) VALUES (677, '차영자');
INSERT INTO book_author (book_id, author_id) VALUES (577, 677);
INSERT INTO book (book_id, title, subcategory_id, publisher_id, price, point, published_date, description, image_url) VALUES (578, '요술 부지깽이와 메타픽션 - 로버트 쿠버 소설의 서사론적 방법론', 14, 12, 15000, NULL, '2025-10-15', '', 'https://image.aladin.co.kr/product/37772/63/cover200/k552033560_1.jpg');
INSERT INTO author (author_id, name) VALUES (678, '양윤희');
INSERT INTO book_author (book_id, author_id) VALUES (578, 678);
INSERT INTO book (book_id, title, subcategory_id, publisher_id, price, point, published_date, description, image_url) VALUES (579, '[바이올렛] 초등 개구쟁이 저학년 독서기록장 3권 세트 (1-2 넓은 칸, 120g 내지)', 24, 87, 7830, 430, '2025-11-17', '', 'https://image.aladin.co.kr/product/37772/62/cover200/k562033560_1.jpg');
INSERT INTO book_author (book_id, author_id) VALUES (579, 210);
INSERT INTO book (book_id, title, subcategory_id, publisher_id, price, point, published_date, description, image_url) VALUES (580, '[아이보리] 초등 개구쟁이 저학년 독서기록장 3권 세트 (1-2 넓은 칸, 120g 내지)', 24, 87, 7830, 430, '2025-11-17', '', 'https://image.aladin.co.kr/product/37772/61/cover200/k422033560_1.jpg');
INSERT INTO book_author (book_id, author_id) VALUES (580, 210);
INSERT INTO book (book_id, title, subcategory_id, publisher_id, price, point, published_date, description, image_url) VALUES (581, '[블루] 초등 개구쟁이 저학년 알림장 3권 세트 (1-2 넓은 칸, 120g 내지)', 24, 87, 7830, 430, '2025-11-17', '', 'https://image.aladin.co.kr/product/37772/61/cover200/k412033560_1.jpg');
INSERT INTO book_author (book_id, author_id) VALUES (581, 210);
INSERT INTO book (book_id, title, subcategory_id, publisher_id, price, point, published_date, description, image_url) VALUES (582, '[핑크] 초등 개구쟁이 저학년 줄 노트 4권 세트 (1-2무제, 120g 내지)', 24, 87, 10440, 580, '2025-11-17', '', 'https://image.aladin.co.kr/product/37772/60/cover200/k462033560_1.jpg');
INSERT INTO book_author (book_id, author_id) VALUES (582, 210);
INSERT INTO book (book_id, title, subcategory_id, publisher_id, price, point, published_date, description, image_url) VALUES (583, '2026-27 기본 2년 탁상 달력 (26년 1월~27년 12월)', 24, 87, 9900, 550, '2025-11-17', '', 'https://image.aladin.co.kr/product/37772/60/cover200/k332033560_1.jpg');
INSERT INTO book_author (book_id, author_id) VALUES (583, 210);
INSERT INTO book (book_id, title, subcategory_id, publisher_id, price, point, published_date, description, image_url) VALUES (584, '[블루] 초등 개구쟁이 저학년 줄 노트 4권 세트 (1-2무제, 120g 내지)', 24, 87, 10440, 580, '2025-11-17', '', 'https://image.aladin.co.kr/product/37772/59/cover200/k322033560_1.jpg');
INSERT INTO book_author (book_id, author_id) VALUES (584, 210);
INSERT INTO book (book_id, title, subcategory_id, publisher_id, price, point, published_date, description, image_url) VALUES (585, '[오렌지] 초등 개구쟁이 저학년 받아쓰기 3권 세트 (1-2 넓은 칸, 120g 내지)', 24, 87, 7830, 430, '2025-11-17', '', 'https://image.aladin.co.kr/product/37772/56/cover200/k372033560_1.jpg');
INSERT INTO book_author (book_id, author_id) VALUES (585, 210);
INSERT INTO book (book_id, title, subcategory_id, publisher_id, price, point, published_date, description, image_url) VALUES (586, '한권 한달 완성 프랑스어 말하기 Lv. 2 - 알파벳부터 기초 회화까지 한 달 완성', 16, 265, 15120, 840, '2025-11-28', '프랑스어 기초부터 실전 회화까지 한 달 만에 마스터할 수 있도록 구성된 교재다. 누구나 쉽고 부담 없이 프랑스어를 시작할 수 있도록 어려운 문법이나 과한 설명은 덜어 내고, 초보자를 위한 생활 속 ''진짜 회화''를 최대한 담아냈다. 『한권 한달 완성 프랑스어 말하기 Lv. 2』과 함께 프랑스어 왕초보 탈출, 시작해 보자.', 'https://image.aladin.co.kr/product/37772/55/cover200/k242033560_1.jpg');
INSERT INTO book_author (book_id, author_id) VALUES (586, 625);
INSERT INTO publisher (publisher_id, name) VALUES (301, '너머학교');
INSERT INTO book (book_id, title, subcategory_id, publisher_id, price, point, published_date, description, image_url) VALUES (587, '완다는 별의 소리를 들어요 - 소리로 우주를 연구하는 시각 장애인 천문학자 이야기', 10, 301, 15750, 870, '2025-11-17', '시력을 잃고도 ‘소리’로 우주를 연구해 초신성의 비밀을 밝힌 천문학자 완다의 실제 이야기를 담았다. 친구들과 동료의 도움, 다감각적 데이터를 활용한 포용적 과학을 통해 누구나 과학을 탐험할 수 있음을 보여주는 감동의 지식그림책이다.', 'https://image.aladin.co.kr/product/37772/55/cover200/k112033560_1.jpg');
INSERT INTO author (author_id, name) VALUES (679, '완다 디아스 메르세드');
INSERT INTO author (author_id, name) VALUES (680, '에이미 S. 핸슨');
INSERT INTO author (author_id, name) VALUES (681, '로시오 아레올라 멘도사 (그림)');
INSERT INTO translator (translator_id, name) VALUES (72, '지구');
INSERT INTO book_author (book_id, author_id) VALUES (587, 679);
INSERT INTO book_author (book_id, author_id) VALUES (587, 680);
INSERT INTO book_author (book_id, author_id) VALUES (587, 681);
INSERT INTO book_translator (book_id, translator_id) VALUES (587, 72);
INSERT INTO book (book_id, title, subcategory_id, publisher_id, price, point, published_date, description, image_url) VALUES (588, '여건 철학 개정판', 12, 12, 28700, NULL, '2025-09-08', '', 'https://image.aladin.co.kr/product/37772/55/cover200/k162033560_1.jpg');
INSERT INTO author (author_id, name) VALUES (682, '민승기');
INSERT INTO book_author (book_id, author_id) VALUES (588, 682);
INSERT INTO book (book_id, title, subcategory_id, publisher_id, price, point, published_date, description, image_url) VALUES (589, '[민트] 초등 개구쟁이 저학년 받아쓰기 3권 세트 (1-2 넓은 칸, 120g 내지)', 24, 87, 7830, 430, '2025-11-17', '', 'https://image.aladin.co.kr/product/37772/54/cover200/k152033560_1.jpg');
INSERT INTO book_author (book_id, author_id) VALUES (589, 210);
INSERT INTO publisher (publisher_id, name) VALUES (302, '차차프렌즈');
INSERT INTO book (book_id, title, subcategory_id, publisher_id, price, point, published_date, description, image_url) VALUES (590, 'CCM meets Gospel - 은진피아노의 예배를 위한 피아노 악보집', 7, 302, 19800, 1100, '2025-10-15', '흑인교회에서 10년 넘게 예배 반주자로 사역해온 은진 피아노(Eunjin Piano) 가 들려주는 예배를 위한 CCM 가스펠 피아노 악보집. 전통적인 CCM 찬양곡에 Gospel 코드 진행과 가스펠 보이싱을 더해, 한 곡 안에서도 예배의 흐름과 감정이 자연스럽게 살아나도록 구성했다.', 'https://image.aladin.co.kr/product/37772/49/cover200/k012033560_1.jpg');
INSERT INTO author (author_id, name) VALUES (683, '강은진');
INSERT INTO book_author (book_id, author_id) VALUES (590, 683);
INSERT INTO publisher (publisher_id, name) VALUES (303, '에이아이북스');
INSERT INTO book (book_id, title, subcategory_id, publisher_id, price, point, published_date, description, image_url) VALUES (591, '천부경 - 쉽고 간결한 주역', 7, 303, 33000, NULL, '2025-09-30', '', 'https://image.aladin.co.kr/product/37772/48/cover200/k002033560_1.jpg');
INSERT INTO author (author_id, name) VALUES (684, '양인철');
INSERT INTO book_author (book_id, author_id) VALUES (591, 684);
INSERT INTO book (book_id, title, subcategory_id, publisher_id, price, point, published_date, description, image_url) VALUES (592, '[핑크] 초등 개구쟁이 저학년 칸 노트 4권 세트 (1-2무제, 120g 내지)', 24, 87, 10440, 580, '2025-11-17', '', 'https://image.aladin.co.kr/product/37772/48/cover200/k092033560_1.jpg');
INSERT INTO book_author (book_id, author_id) VALUES (592, 210);
INSERT INTO publisher (publisher_id, name) VALUES (304, '민족문제연구소');
INSERT INTO book (book_id, title, subcategory_id, publisher_id, price, point, published_date, description, image_url) VALUES (593, '김산 따라 아리랑 로드로 - 혁명과 반혁명의 광둥 3년을 찾아서', 5, 304, 18000, 900, '2025-11-10', '김산의 광둥 시절을 사건의 흐름 속에 복원하고 광저우에서 산터우까지 ‘아리랑 로드’를 직접 따라간 기록이다. 패배 속에서도 독립의 희망을 품었던 김산의 발자취를 통해 혁명가들의 신념과 역사적 의미를 새롭게 바라보게 한다.', 'https://image.aladin.co.kr/product/37772/46/cover200/8993741476_1.jpg');
INSERT INTO author (author_id, name) VALUES (685, '김영범');
INSERT INTO book_author (book_id, author_id) VALUES (593, 685);
INSERT INTO book (book_id, title, subcategory_id, publisher_id, price, point, published_date, description, image_url) VALUES (594, '[블루] 초등 개구쟁이 저학년 칸 노트 4권 세트 (1-2무제, 120g 내지)', 24, 87, 10440, 580, '2025-11-17', '', 'https://image.aladin.co.kr/product/37772/45/cover200/k062033560_1.jpg');
INSERT INTO book_author (book_id, author_id) VALUES (594, 210);
INSERT INTO book (book_id, title, subcategory_id, publisher_id, price, point, published_date, description, image_url) VALUES (595, '가는 길 오는 길', 6, 52, 9000, 500, '2025-11-15', '한 생의 들고남을 고요한 시선으로 포착한 시집이다. 노인의 마지막 길과 아기의 첫 울음이 교차하는 순간, 고향 마을의 사계절, 부모와 자식이 실랑이하며 버텨온 일상, 잊히고 사라져가는 풍경들까지, 삶의 결을 따뜻하고 담담하게 담아낸다.', 'https://image.aladin.co.kr/product/37772/44/cover200/k932033560_1.jpg');
INSERT INTO author (author_id, name) VALUES (686, '홍검사');
INSERT INTO book_author (book_id, author_id) VALUES (595, 686);
INSERT INTO publisher (publisher_id, name) VALUES (305, '수학연구사');
INSERT INTO book (book_id, title, subcategory_id, publisher_id, price, point, published_date, description, image_url) VALUES (596, '보험계리사를 위한 중국어 쉽게 익히는 방법', 16, 305, 17550, 970, '2025-11-17', '보험계리사에게 필요한 중국어를 빠르게 익히는 법을 다룬다. 말하기 환경이 부족해도 ‘뇌소리’처럼 소리를 활용해 학습하는 방법을 제시하며 실무에 바로 응용할 수 있는 현실적 전략을 안내한다.', 'https://image.aladin.co.kr/product/37772/44/cover200/k922033560_1.jpg');
INSERT INTO author (author_id, name) VALUES (687, '최단시간외국어연구회');
INSERT INTO book_author (book_id, author_id) VALUES (596, 687);
INSERT INTO publisher (publisher_id, name) VALUES (306, '산지니');
INSERT INTO book (book_id, title, subcategory_id, publisher_id, price, point, published_date, description, image_url) VALUES (597, '문학/사상 12 : 바다정동', 6, 306, 13500, 750, '2025-10-31', '반년간 문예비평지 『문학/사상』 12호는 바다를 감각과 사유의 원천으로 재위치시키는 ‘바다정동’ 개념을 제시하며, 바다를 인간과 비인간, 감정과 문명이 만나는 매개적 미디어로 탐구한다. 기술과 상품화 속에서 잊힌 바다의 숭고와 유동성을 재조명하며 새로운 세계 감각을 모색한다.', 'https://image.aladin.co.kr/product/37772/43/cover200/k992033560_1.jpg');
INSERT INTO author (author_id, name) VALUES (688, '김형술');
INSERT INTO author (author_id, name) VALUES (689, '김혜영');
INSERT INTO author (author_id, name) VALUES (690, '송재학');
INSERT INTO author (author_id, name) VALUES (691, '유선혜');
INSERT INTO author (author_id, name) VALUES (692, '채수옥');
INSERT INTO author (author_id, name) VALUES (693, '구모룡');
INSERT INTO author (author_id, name) VALUES (694, '전솔비');
INSERT INTO author (author_id, name) VALUES (695, '이정임');
INSERT INTO author (author_id, name) VALUES (696, '조성백');
INSERT INTO author (author_id, name) VALUES (697, '윤인로');
INSERT INTO author (author_id, name) VALUES (698, '김건우');
INSERT INTO author (author_id, name) VALUES (699, '김대성');
INSERT INTO author (author_id, name) VALUES (700, '장영은');
INSERT INTO book_author (book_id, author_id) VALUES (597, 688);
INSERT INTO book_author (book_id, author_id) VALUES (597, 689);
INSERT INTO book_author (book_id, author_id) VALUES (597, 690);
INSERT INTO book_author (book_id, author_id) VALUES (597, 691);
INSERT INTO book_author (book_id, author_id) VALUES (597, 692);
INSERT INTO book_author (book_id, author_id) VALUES (597, 693);
INSERT INTO book_author (book_id, author_id) VALUES (597, 694);
INSERT INTO book_author (book_id, author_id) VALUES (597, 695);
INSERT INTO book_author (book_id, author_id) VALUES (597, 696);
INSERT INTO book_author (book_id, author_id) VALUES (597, 697);
INSERT INTO book_author (book_id, author_id) VALUES (597, 698);
INSERT INTO book_author (book_id, author_id) VALUES (597, 699);
INSERT INTO book_author (book_id, author_id) VALUES (597, 700);
INSERT INTO publisher (publisher_id, name) VALUES (307, '명주');
INSERT INTO book (book_id, title, subcategory_id, publisher_id, price, point, published_date, description, image_url) VALUES (598, '글밭에서 크는 아이들 - 보석처럼 빛나는 아이들의 글 모음집', 10, 307, 15120, 840, '2025-11-15', '초등 1학년부터 중학생까지 아이들의 독후감과 상상글, 일기와 시 87편을 원문에 가깝게 엮어 동심과 솔직한 감정을 담아낸 글모음집이다. 작은 행복과 진심 어린 표현이 생생하게 전해져 읽는 이의 마음을 따뜻하게 한다.', 'https://image.aladin.co.kr/product/37772/42/cover200/8969850384_1.jpg');
INSERT INTO author (author_id, name) VALUES (701, '오정현 (엮은이)');
INSERT INTO book_author (book_id, author_id) VALUES (598, 701);
INSERT INTO publisher (publisher_id, name) VALUES (308, '효형출판');
INSERT INTO book (book_id, title, subcategory_id, publisher_id, price, point, published_date, description, image_url) VALUES (599, '&lt;반차도&gt;로 따라가는 정조의 화성행차', 5, 308, 17100, 950, '2025-11-25', '조선의 문화·경제·사회 르네상스를 이끈 세종과 정조 가운데, 당대 예술의 집약체로 꼽히는 <반차도>의 가치에 주목한다. 김홍도 화백이 기록한 1,779명의 행렬은 18세기 조선 문화의 정점을 보여 주며 ‘가장 아름다운 한국의 그림들’ 시리즈로 다시 독자를 찾는다.', 'https://image.aladin.co.kr/product/37772/41/cover200/8958722460_1.jpg');
INSERT INTO author (author_id, name) VALUES (702, '한영우');
INSERT INTO book_author (book_id, author_id) VALUES (599, 702);
INSERT INTO publisher (publisher_id, name) VALUES (309, '다반');
INSERT INTO book (book_id, title, subcategory_id, publisher_id, price, point, published_date, description, image_url) VALUES (600, '관계가 답답할 땐 명리학', 12, 309, 15750, 870, '2025-11-30', '명리학과 융 심리학을 기반으로, 사람 사이에서 반복되는 감정의 패턴을 정확하게 포착해 ‘관계의 본질’을 밝히고, 동시에 나와 다른 사람을 좀 더 구체적으로 이해하기 위해 명리학으로 성격 유형을 파악하는 방법까지 자세히 소개됐다.', 'https://image.aladin.co.kr/product/37772/40/cover200/k962033560_1.jpg');
INSERT INTO author (author_id, name) VALUES (703, '화탁지');
INSERT INTO book_author (book_id, author_id) VALUES (600, 703);
INSERT INTO publisher (publisher_id, name) VALUES (310, '공비타북스');
INSERT INTO book (book_id, title, subcategory_id, publisher_id, price, point, published_date, description, image_url) VALUES (601, '2026 이명훈 행정학 단원별 기출문제집 - 전2권 - 7.9급 공무원', 3, 310, 36000, 2000, '2025-11-18', '기출의 중요성을 중심에 두고 핵심문제·일반문제를 구분해 효율적으로 학습하도록 구성했다. 난이도 표시로 학습 수준을 점검할 수 있으며, 핵심요약서 ‘행정학의 핵’과 연계해 체계적으로 정리할 수 있다. 다양한 국가시험 기출을 포괄적으로 수록하고 최신 법령에 맞게 검토해 오류를 최소화했다.', 'https://image.aladin.co.kr/product/37772/39/cover200/k952033560_1.jpg');
INSERT INTO author (author_id, name) VALUES (704, '이명훈');
INSERT INTO book_author (book_id, author_id) VALUES (601, 704);
INSERT INTO publisher (publisher_id, name) VALUES (311, '리치타임');
INSERT INTO book (book_id, title, subcategory_id, publisher_id, price, point, published_date, description, image_url) VALUES (602, '가족법인이 답이다 - 부동산,증여,상속,투자 세금없이 지배하는 법', 4, 311, 18000, 1000, '2025-11-11', '', 'https://image.aladin.co.kr/product/37772/39/cover200/k822033569_1.jpg');
INSERT INTO author (author_id, name) VALUES (705, '김국현');
INSERT INTO book_author (book_id, author_id) VALUES (602, 705);
INSERT INTO publisher (publisher_id, name) VALUES (312, '라의눈');
INSERT INTO book (book_id, title, subcategory_id, publisher_id, price, point, published_date, description, image_url) VALUES (603, '손뜨개 인형옷 - 20~22㎝ 인형을 위한 니트 스타일 80', 21, 312, 19800, 1100, '2025-11-21', '20~22cm 인형을 위한 다양한 니트 아이템을 실은 책이다. 상의, 하의, 아우터에 가방, 모자, 장갑, 머플러 등 소품까지 무려 80종을 만나볼 수 있다. 케이블무늬, 아란 포셰트, 스트라이프, 노르딕, 깅엄체크, 하운드투스 체크 등 다양한 무늬와 배색도 연출할 수 있다.', 'https://image.aladin.co.kr/product/37772/38/cover200/k812033569_1.jpg');
INSERT INTO author (author_id, name) VALUES (706, '와타나베 미에코');
INSERT INTO translator (translator_id, name) VALUES (73, '이은정');
INSERT INTO author (author_id, name) VALUES (707, '이문옥 (감수)');
INSERT INTO book_author (book_id, author_id) VALUES (603, 706);
INSERT INTO book_author (book_id, author_id) VALUES (603, 707);
INSERT INTO book_translator (book_id, translator_id) VALUES (603, 73);
INSERT INTO publisher (publisher_id, name) VALUES (313, '김영사');
INSERT INTO book (book_id, title, subcategory_id, publisher_id, price, point, published_date, description, image_url) VALUES (604, '정목스님의 아침 편지 365 일력 - 날마다 마음에 꽃 한 송이를 전합니다', 9, 313, 22500, 1250, '2025-12-01', '정목스님의 위로와 통찰을 하루 한 장에 담은 만년 일력으로, 강미선 화백의 그림과 함께 현재에 충실하며 행복을 마주하도록 돕는다. 짧은 성찰을 통해 마음의 평안과 용기를 회복하게 하는 따뜻한 응원의 책이다.', 'https://image.aladin.co.kr/product/37772/37/cover200/k892033569_1.jpg');
INSERT INTO author (author_id, name) VALUES (708, '정목');
INSERT INTO author (author_id, name) VALUES (709, '강미선 (그림)');
INSERT INTO book_author (book_id, author_id) VALUES (604, 708);
INSERT INTO book_author (book_id, author_id) VALUES (604, 709);
INSERT INTO publisher (publisher_id, name) VALUES (314, '도서출판 자운');
INSERT INTO book (book_id, title, subcategory_id, publisher_id, price, point, published_date, description, image_url) VALUES (605, '민법개론 (민법총칙.채권법.물권법) - 제3판', 14, 314, 45000, 450, '2026-01-05', '입문서와 교과서의 중간 단계를 목표로 민법 편제에 맞게 전면 개정해 민법총칙·채권법·물권법으로 재구성했다. 민법의 기본원리를 계약·소유권·불법행위로 설명하고 사례를 덜어 기본 판례 중심으로 정리해 719면으로 압축했다. 2024-2025년 주요 민사판례도 반영했다.', 'https://image.aladin.co.kr/product/37772/35/cover200/k862033569_1.jpg');
INSERT INTO author (author_id, name) VALUES (710, '김준호');
INSERT INTO book_author (book_id, author_id) VALUES (605, 710);
INSERT INTO book (book_id, title, subcategory_id, publisher_id, price, point, published_date, description, image_url) VALUES (606, '여론 디버블링 - AI 시대, 진화하는 가짜뉴스에 대응하는 방법', 17, 312, 22500, 1250, '2025-11-20', '가짜뉴스에 대한 단기적, 즉각적 대응이 아니라 그 진원지나 생태계에 드러나는 구조적인 문제까지 해결하는 방법을 모색한다. 가짜뉴스가 인류가 자랑해온 유산인 민주주의와 공론의 장이란 것을 송두리째 흔들고 있기에 보다 근본적인 대책이 필요하기 때문이다.', 'https://image.aladin.co.kr/product/37772/33/cover200/k732033569_1.jpg');
INSERT INTO author (author_id, name) VALUES (711, '정위용');
INSERT INTO book_author (book_id, author_id) VALUES (606, 711);
INSERT INTO publisher (publisher_id, name) VALUES (315, '모요사');
INSERT INTO book (book_id, title, subcategory_id, publisher_id, price, point, published_date, description, image_url) VALUES (607, '런던의 미술중독자, 르네상스에 빠지다 - 르네상스의 걸작을 찾아 떠난 여정', 2, 315, 22500, 1250, '2025-11-25', '런던에 거주하며 꾸준히 유럽의 미술관을 순례해온 저자는 ‘작품이 걸린 자리 역시 예술의 일부’라는 믿음으로, 그림 너머의 시대상, 예술가의 고뇌, 그리고 작품이 있던 그 자리의 공기까지 되살려낸다.', 'https://image.aladin.co.kr/product/37772/33/cover200/k712033569_1.jpg');
INSERT INTO author (author_id, name) VALUES (712, '임남희');
INSERT INTO book_author (book_id, author_id) VALUES (607, 712);
INSERT INTO book (book_id, title, subcategory_id, publisher_id, price, point, published_date, description, image_url) VALUES (608, '라노비아', 6, 248, 18000, 1000, '2025-11-05', '불완전한 삶 속에서 시가 밝혀 주는 숨은 의미와 위로를 말하며, 안개 같은 순간에서도 아름다움을 발견하는 여정을 담았다. 따스한 여유가 독자에게 스미길 바라는 에세이형 시 해설집이다.', 'https://image.aladin.co.kr/product/37772/33/cover200/k702033569_1.jpg');
INSERT INTO author (author_id, name) VALUES (713, '가츠노요코');
INSERT INTO author (author_id, name) VALUES (714, '김미자');
INSERT INTO author (author_id, name) VALUES (715, '김순희');
INSERT INTO author (author_id, name) VALUES (716, '김백준');
INSERT INTO author (author_id, name) VALUES (717, '소영숙');
INSERT INTO author (author_id, name) VALUES (718, '정이담');
INSERT INTO book_author (book_id, author_id) VALUES (608, 713);
INSERT INTO book_author (book_id, author_id) VALUES (608, 714);
INSERT INTO book_author (book_id, author_id) VALUES (608, 715);
INSERT INTO book_author (book_id, author_id) VALUES (608, 716);
INSERT INTO book_author (book_id, author_id) VALUES (608, 717);
INSERT INTO book_author (book_id, author_id) VALUES (608, 718);
INSERT INTO publisher (publisher_id, name) VALUES (316, '걷는사람');
INSERT INTO book (book_id, title, subcategory_id, publisher_id, price, point, published_date, description, image_url) VALUES (609, '잠의 풀밭', 6, 316, 10800, 600, '2025-11-10', '2021년 《경상일보》 신춘문예로 작품 활동을 시작한 변영현 시인의 첫 시집 『잠의 풀밭』이 출간되었다. 이 시집은 잠과 죽음의 경계에서 흔들리는 한 포기의 풀처럼, 불안과 고단함 속에서도 다시 삶을 향해 손을 뻗는 청춘의 내밀한 시간을 섬세하게 포착한다. 시인은 단순히 생물학적 시기로서의 청춘이 아니라, 세계를 묻고 스스로의 자리를 찾아가는 정신적 상태로서의 청춘을 그려낸다.', 'https://image.aladin.co.kr/product/37772/32/cover200/k722033569_1.jpg');
INSERT INTO author (author_id, name) VALUES (719, '변영현');
INSERT INTO book_author (book_id, author_id) VALUES (609, 719);
INSERT INTO publisher (publisher_id, name) VALUES (317, '문화앤피플뉴스');
INSERT INTO book (book_id, title, subcategory_id, publisher_id, price, point, published_date, description, image_url) VALUES (610, '생명의 불꽃', 9, 317, 15300, 850, '2025-11-15', '정강(靜江) 이신자(秀香智) 시인 겸 수필작가의 여섯 번째 에세이 『생명의 불꽃』이 출간되었다. 이 책은 "문학은 나를 존재케 하는 힘이요, 자성신앙은 나의 영원한 동반자"라는 작가의 굳건한 신념을 바탕으로, 삶의 끝자락에서도 꺼지지 않는 열정을 진솔하게 담아낸 기록이다.', 'https://image.aladin.co.kr/product/37772/29/cover200/k772033569_1.jpg');
INSERT INTO author (author_id, name) VALUES (720, '이신자');
INSERT INTO book_author (book_id, author_id) VALUES (610, 720);
INSERT INTO publisher (publisher_id, name) VALUES (318, '법률저널');
INSERT INTO book (book_id, title, subcategory_id, publisher_id, price, point, published_date, description, image_url) VALUES (611, '2026 최종합격을 위한 음악수업실연 SECRET', 3, 318, 29000, 1450, '2025-11-28', '수험 경험과 6년 차 현장 노하우를 담아 음악 수업 실연을 체계적으로 준비하는 전략을 안내한다. 가창·기악·감상·창작 지도 방안과 문답법·모델링 적용법을 제시하고, 기출 분석과 실제형 모의문제로 실전 대비력을 높인다. 2022 개정 교육과정 흐름을 반영해 미래 교사 역량을 갖추는 길을 안내한다.', 'https://image.aladin.co.kr/product/37772/28/cover200/k762033569_1.jpg');
INSERT INTO author (author_id, name) VALUES (721, '김범수');
INSERT INTO book_author (book_id, author_id) VALUES (611, 721);
INSERT INTO publisher (publisher_id, name) VALUES (319, '을유문화사');
INSERT INTO book (book_id, title, subcategory_id, publisher_id, price, point, published_date, description, image_url) VALUES (612, '밤은 부드러워, 마셔: 어나더 라운드', 9, 319, 16200, 900, '2025-11-15', '스콧 피츠제럴드의 『밤은 부드러워라』와 영화 어나더 라운드에서 제목을 가져온 이 에세이는 술을 둘러싼 이야기들이 어떻게 또 한잔 더를 부르며 삶의 장면을 확장하는지 보여준다. 술 소비의 변화 속에서도 인류의 역사와 일상의 기쁨에 스며든 술의 의미를 되짚으며, 음식과 안주가 만들어 내는 작은 환대를 함께 담았다.', 'https://image.aladin.co.kr/product/37772/26/cover200/8932475857_1.jpg');
INSERT INTO author (author_id, name) VALUES (722, '한은형');
INSERT INTO book_author (book_id, author_id) VALUES (612, 722);
INSERT INTO publisher (publisher_id, name) VALUES (320, 'TERRA(테라출판사)');
INSERT INTO book (book_id, title, subcategory_id, publisher_id, price, point, published_date, description, image_url) VALUES (613, '디스 이즈 이탈리아 This is Italia - 2026~2027년 최신판', 19, 320, 19800, 1100, '2025-12-01', '15년 연속 이탈리아 여행 부문 1위를 지키며 ‘이탈리아 여행서의 기준’으로 자리 잡은 〈디스 이즈 이탈리아〉의 2026~2027년 최신판이 출간되었다. 인문학적 통찰과 현장성을 겸비한 전문 여행작가의 깊이 있는 취재 데이터에, 25년간 여행서만 만들어온 테라의 편집 노하우를 더해 사진·지도·정보가 자연스럽게 이어지는 &lt;디스 이즈&gt; 시리즈만의 완성도를 한층 높였다.', 'https://image.aladin.co.kr/product/37772/25/cover200/k612033569_1.jpg');
INSERT INTO author (author_id, name) VALUES (723, '전혜진');
INSERT INTO author (author_id, name) VALUES (724, '윤도영');
INSERT INTO author (author_id, name) VALUES (725, '박기남');
INSERT INTO book_author (book_id, author_id) VALUES (613, 723);
INSERT INTO book_author (book_id, author_id) VALUES (613, 724);
INSERT INTO book_author (book_id, author_id) VALUES (613, 725);
INSERT INTO publisher (publisher_id, name) VALUES (321, '시와사람');
INSERT INTO book (book_id, title, subcategory_id, publisher_id, price, point, published_date, description, image_url) VALUES (614, '해님도 아플 때가 있어요', 6, 321, 12350, 650, '2025-11-15', '생태적 상상력과 성장, 가족애, 사물 의인화를 아우르며 해·눈·바다까지 감정을 지닌 존재로 그려내는 강나루의 두 번째 동시집을 평론과 함께 조명한 책이다. 동심과 인문주의의 가치를 다시 묻는 생각하는 동시가 생의 본질을 깨우는 힘을 보여준다.', 'https://image.aladin.co.kr/product/37772/25/cover200/8956658005_1.jpg');
INSERT INTO author (author_id, name) VALUES (726, '강나루');
INSERT INTO author (author_id, name) VALUES (727, '강한별 (그림)');
INSERT INTO book_author (book_id, author_id) VALUES (614, 726);
INSERT INTO book_author (book_id, author_id) VALUES (614, 727);
INSERT INTO publisher (publisher_id, name) VALUES (322, '귤프레스');
INSERT INTO book (book_id, title, subcategory_id, publisher_id, price, point, published_date, description, image_url) VALUES (615, '반장으로서의 책임과 의무 6 - 새로운 도약에의 길', 1, 322, 13500, 750, '2025-11-14', '서로 얼굴만 알던 중학생 아랑과 연두는 대전 엑스포 소풍날, 선생님 심부름을 하다 우연히 하루를 함께 보내게 된다. 엉뚱할 만큼 진지한 아랑, 모두가 자신을 좋아할 거라 믿는 연두. 연두가 신기한 아랑과 아랑이 궁금한 연두는 그날 이후 단짝이 된다. 하지만 고등학생이 된 지금, 두 사람은 1등을 두고 경쟁 중이다.', 'https://image.aladin.co.kr/product/37772/22/cover200/k592033569_1.jpg');
INSERT INTO author (author_id, name) VALUES (728, '수신지');
INSERT INTO book_author (book_id, author_id) VALUES (615, 728);
INSERT INTO publisher (publisher_id, name) VALUES (323, '제이포럼');
INSERT INTO book (book_id, title, subcategory_id, publisher_id, price, point, published_date, description, image_url) VALUES (616, '라키비움 J 11호 : 그림책은 그림 - 그림책 잡지', 27, 323, 16200, 900, '2025-11-20', '그림책을 더 재미있게 읽고 깊이 느끼는 모든 방법을 한 권에 담았다. ‘BIB 2025’ 한국 대표 10인의 단독 인터뷰를 통해 지금 한국 그림책이 어떤 실험과 감각 위에 서 있는지, 작가들이 어떻게 그림을 만들고 독자는 어떻게 ‘그림을 읽을 수 있는지’를 자연스럽게 보여준다.', 'https://image.aladin.co.kr/product/37772/21/cover200/k502033569_1.jpg');
INSERT INTO author (author_id, name) VALUES (729, '전은주');
INSERT INTO author (author_id, name) VALUES (730, '표유진');
INSERT INTO author (author_id, name) VALUES (731, '오현수');
INSERT INTO author (author_id, name) VALUES (732, '이시내');
INSERT INTO author (author_id, name) VALUES (733, '하예라');
INSERT INTO book_author (book_id, author_id) VALUES (616, 729);
INSERT INTO book_author (book_id, author_id) VALUES (616, 730);
INSERT INTO book_author (book_id, author_id) VALUES (616, 731);
INSERT INTO book_author (book_id, author_id) VALUES (616, 732);
INSERT INTO book_author (book_id, author_id) VALUES (616, 733);
INSERT INTO book (book_id, title, subcategory_id, publisher_id, price, point, published_date, description, image_url) VALUES (617, '당신은 알고 있나, 아니면 믿고 있나?', 18, 282, 8100, 450, '2025-10-20', '종교와 지식의 경계가 흐려진 시대에 믿음은 무엇이고 지식은 무엇인지 묻는 책이다. 가짜뉴스와 정보의 홍수 속에서 우리가 ‘안다’고 말할 수 있는 기준을 되짚으며 진리에 대한 새로운 성찰을 이끈다.', 'https://image.aladin.co.kr/product/37772/21/cover200/k442033569_1.jpg');
INSERT INTO author (author_id, name) VALUES (734, '카미유 리키에');
INSERT INTO author (author_id, name) VALUES (735, '캉탱 뒤키 (그림)');
INSERT INTO book_author (book_id, author_id) VALUES (617, 734);
INSERT INTO book_author (book_id, author_id) VALUES (617, 735);
INSERT INTO book_author (book_id, author_id) VALUES (617, 635);
INSERT INTO book_translator (book_id, translator_id) VALUES (617, 67);
INSERT INTO publisher (publisher_id, name) VALUES (324, '가나출판사');
INSERT INTO book (book_id, title, subcategory_id, publisher_id, price, point, published_date, description, image_url) VALUES (618, '의사 어벤저스 24 : 환경 응급, 주의를 기울여라! - 어린이 의학 동화', 10, 324, 14220, 790, '2025-11-27', '어린이 의사 양성 프로젝트를 바탕으로 코로나 이후 높아진 공중보건 관심을 쉽고 흥미로운 이야기로 담은 메디컬 동화 시리즈다. 과학교육 전공·방송작가 경력의 고희정 작가가 집필한 ‘의사 어벤저스’는 24권까지 출간되어 다양한 질환과 소재로 계속 확장 중이다.', 'https://image.aladin.co.kr/product/37772/21/cover200/k412033569_1.jpg');
INSERT INTO author (author_id, name) VALUES (736, '고희정');
INSERT INTO author (author_id, name) VALUES (737, '조승연 (그림)');
INSERT INTO author (author_id, name) VALUES (738, '류정민 (감수)');
INSERT INTO book_author (book_id, author_id) VALUES (618, 736);
INSERT INTO book_author (book_id, author_id) VALUES (618, 737);
INSERT INTO book_author (book_id, author_id) VALUES (618, 738);
INSERT INTO publisher (publisher_id, name) VALUES (325, '윤미디어');
INSERT INTO book (book_id, title, subcategory_id, publisher_id, price, point, published_date, description, image_url) VALUES (619, '2026 짠순이 가계부', 28, 325, 10800, 600, '2025-08-27', '', 'https://image.aladin.co.kr/product/37772/19/cover200/8964091647_1.jpg');
INSERT INTO author (author_id, name) VALUES (739, '윤미디어 편집부');
INSERT INTO book_author (book_id, author_id) VALUES (619, 739);
INSERT INTO publisher (publisher_id, name) VALUES (326, '허스트중앙(Hearst-Joongang)');
INSERT INTO book (book_id, title, subcategory_id, publisher_id, price, point, published_date, description, image_url) VALUES (620, '에스콰이어 유강민 포토북 : WALLFLOWER KANGMIN C형', 22, 326, 23750, 250, '2025-12-15', '', 'https://image.aladin.co.kr/product/37772/15/cover200/k462033569_1.jpg');
INSERT INTO author (author_id, name) VALUES (740, '에스콰이어 편집부');
INSERT INTO book_author (book_id, author_id) VALUES (620, 740);
INSERT INTO publisher (publisher_id, name) VALUES (327, '좋은세상바라기');
INSERT INTO book (book_id, title, subcategory_id, publisher_id, price, point, published_date, description, image_url) VALUES (621, '경영학 꼼수비전 - 꼼수가 아니라 본질이다', 4, 327, 15300, 850, '2025-11-14', '경영학 박사이자 28년간 작은 회사를 굴려온 저자가 전하는, 이론이 아닌 ''살아남는 감각''의 경영 실전서. 작은 회사를 운영하는 사람, 창업을 준비 중인 사람, 이론보다 현실이 먼저인 사람들을 위한 경영의 무공비급이다.', 'https://image.aladin.co.kr/product/37772/14/cover200/k342033569_1.jpg');
INSERT INTO author (author_id, name) VALUES (741, '최병석');
INSERT INTO book_author (book_id, author_id) VALUES (621, 741);
INSERT INTO book (book_id, title, subcategory_id, publisher_id, price, point, published_date, description, image_url) VALUES (622, '에스콰이어 유강민 포토북 : WALLFLOWER KANGMIN B형', 22, 326, 23750, 250, '2025-12-15', '', 'https://image.aladin.co.kr/product/37772/14/cover200/k332033569_1.jpg');
INSERT INTO book_author (book_id, author_id) VALUES (622, 740);
INSERT INTO publisher (publisher_id, name) VALUES (328, '현대문예');
INSERT INTO book (book_id, title, subcategory_id, publisher_id, price, point, published_date, description, image_url) VALUES (623, '다향', 6, 328, 15000, 750, '2025-11-05', '', 'https://image.aladin.co.kr/product/37772/14/cover200/k312033569_1.jpg');
INSERT INTO author (author_id, name) VALUES (742, '강순임');
INSERT INTO book_author (book_id, author_id) VALUES (623, 742);
INSERT INTO book (book_id, title, subcategory_id, publisher_id, price, point, published_date, description, image_url) VALUES (624, '에스콰이어 유강민 포토북 : WALLFLOWER KANGMIN A형', 22, 326, 23750, 250, '2025-11-17', '', 'https://image.aladin.co.kr/product/37772/13/cover200/k382033569_1.jpg');
INSERT INTO book_author (book_id, author_id) VALUES (624, 740);
INSERT INTO book (book_id, title, subcategory_id, publisher_id, price, point, published_date, description, image_url) VALUES (625, '2026 한살림 가계부', 28, 325, 10800, 600, '2025-11-17', '', 'https://image.aladin.co.kr/product/37772/13/cover200/8964091639_1.jpg');
INSERT INTO book_author (book_id, author_id) VALUES (625, 739);
INSERT INTO publisher (publisher_id, name) VALUES (329, '위키북스');
INSERT INTO book (book_id, title, subcategory_id, publisher_id, price, point, published_date, description, image_url) VALUES (626, 'LLM 디자인 패턴 - 견고하고 효율적인 AI 시스템 구축을 위한 실용 가이드', 15, 329, 31500, 1750, '2025-11-25', '생성형 AI·보안·전략 분야의 세계적 전문가이자 베스트셀러 저자가 LLM 개발 전 과정을 다룬다. 데이터 정제부터 파이프라인 설계, 프루닝·양자화 최적화, ReAct와 파인튜닝 등 고급 기법, RAG·그래프 검색·RLHF까지 제시하며 에이전틱 LLM 구축으로 확장된다.', 'https://image.aladin.co.kr/product/37772/10/cover200/k232033569_1.jpg');
INSERT INTO author (author_id, name) VALUES (743, '켄황');
INSERT INTO translator (translator_id, name) VALUES (74, '최용');
INSERT INTO book_author (book_id, author_id) VALUES (626, 743);
INSERT INTO book_translator (book_id, translator_id) VALUES (626, 74);
INSERT INTO publisher (publisher_id, name) VALUES (330, '책만드는집');
INSERT INTO book (book_id, title, subcategory_id, publisher_id, price, point, published_date, description, image_url) VALUES (627, '춘파', 6, 330, 10800, 600, '2025-11-17', '', 'https://image.aladin.co.kr/product/37772/10/cover200/8979449127_1.jpg');
INSERT INTO author (author_id, name) VALUES (744, '선종구');
INSERT INTO book_author (book_id, author_id) VALUES (627, 744);
INSERT INTO publisher (publisher_id, name) VALUES (331, '일진사');
INSERT INTO book (book_id, title, subcategory_id, publisher_id, price, point, published_date, description, image_url) VALUES (628, '2026 가스산업기사 필기 과년도 출제문제 해설', 3, 331, 25200, 1400, '2026-01-20', '', 'https://image.aladin.co.kr/product/37772/4/cover200/8942920519_2.jpg');
INSERT INTO author (author_id, name) VALUES (745, '서상희');
INSERT INTO book_author (book_id, author_id) VALUES (628, 745);
INSERT INTO publisher (publisher_id, name) VALUES (332, '학지사');
INSERT INTO book (book_id, title, subcategory_id, publisher_id, price, point, published_date, description, image_url) VALUES (629, '중독장애의 인지행동치료', 14, 332, 25000, NULL, '2026-01-15', '', 'https://image.aladin.co.kr/product/37772/3/cover200/8999735729_1.jpg');
INSERT INTO author (author_id, name) VALUES (746, 'Bruce S. Liese');
INSERT INTO author (author_id, name) VALUES (747, 'Aaron T. Beck');
INSERT INTO author (author_id, name) VALUES (748, '신성만');
INSERT INTO author (author_id, name) VALUES (749, '전대일');
INSERT INTO author (author_id, name) VALUES (750, '김주은');
INSERT INTO translator (translator_id, name) VALUES (75, '조용혁');
INSERT INTO book_author (book_id, author_id) VALUES (629, 746);
INSERT INTO book_author (book_id, author_id) VALUES (629, 747);
INSERT INTO book_author (book_id, author_id) VALUES (629, 748);
INSERT INTO book_author (book_id, author_id) VALUES (629, 749);
INSERT INTO book_author (book_id, author_id) VALUES (629, 750);
INSERT INTO book_translator (book_id, translator_id) VALUES (629, 75);
INSERT INTO publisher (publisher_id, name) VALUES (333, '복있는사람');
INSERT INTO book (book_id, title, subcategory_id, publisher_id, price, point, published_date, description, image_url) VALUES (630, '메시지 완역본 가죽장정 - 일상의 언어로 쓰여진 성경 옆의 성경', 7, 333, 53100, 2950, '2025-09-01', '', 'https://image.aladin.co.kr/product/37772/1/cover200/k252033569_1.jpg');
INSERT INTO author (author_id, name) VALUES (751, '유진 피터슨');
INSERT INTO author (author_id, name) VALUES (752, '홍종락');
INSERT INTO author (author_id, name) VALUES (753, '김순현');
INSERT INTO author (author_id, name) VALUES (754, '윤종석');
INSERT INTO translator (translator_id, name) VALUES (76, '이종태');
INSERT INTO author (author_id, name) VALUES (755, '김회권');
INSERT INTO author (author_id, name) VALUES (756, '김영봉 (감수)');
INSERT INTO book_author (book_id, author_id) VALUES (630, 751);
INSERT INTO book_author (book_id, author_id) VALUES (630, 752);
INSERT INTO book_author (book_id, author_id) VALUES (630, 753);
INSERT INTO book_author (book_id, author_id) VALUES (630, 754);
INSERT INTO book_author (book_id, author_id) VALUES (630, 755);
INSERT INTO book_author (book_id, author_id) VALUES (630, 756);
INSERT INTO book_translator (book_id, translator_id) VALUES (630, 76);
INSERT INTO book (book_id, title, subcategory_id, publisher_id, price, point, published_date, description, image_url) VALUES (631, '2026 플러스 가계부', 28, 325, 10800, 600, '2025-11-17', '', 'https://image.aladin.co.kr/product/37771/99/cover200/8964091620_1.jpg');
INSERT INTO book_author (book_id, author_id) VALUES (631, 739);
INSERT INTO publisher (publisher_id, name) VALUES (334, '고운(불교문예출판부)');
INSERT INTO book (book_id, title, subcategory_id, publisher_id, price, point, published_date, description, image_url) VALUES (632, '불교문예 2025.겨울 - 111호', 22, 334, 14250, 750, '2025-12-01', '', 'https://image.aladin.co.kr/product/37771/97/cover200/k102033569_3.jpg');
INSERT INTO author (author_id, name) VALUES (757, '불교문예출판부 편집부');
INSERT INTO book_author (book_id, author_id) VALUES (632, 757);
INSERT INTO publisher (publisher_id, name) VALUES (335, '포르체');
INSERT INTO book (book_id, title, subcategory_id, publisher_id, price, point, published_date, description, image_url) VALUES (633, '한 점 그림으로 읽는 경제 - 투자의 초석을 쌓는 부자 수업', 4, 335, 18000, 1000, '2025-11-26', '부자가 되는 첫 번째 공부는 경제 원리를 아는 것이다. 투자를 하려면 경제를 알아야 하고, 경제 흐름을 알려면 경제 뉴스를 봐야 한다. 그러나 경제 뉴스는 매일 보기도 잘 이해하기도 어렵다. 저자는 한국경제TV와 MBC라디오 〈주말 김치형의 뉴스 하이킥〉의 앵커로 복잡한 경제 이슈를 명확하고 쉽게 풀어 설명하는 경제 뉴스 큐레이터다.', 'https://image.aladin.co.kr/product/37771/90/cover200/k182033569_1.jpg');
INSERT INTO author (author_id, name) VALUES (758, '김치형');
INSERT INTO book_author (book_id, author_id) VALUES (633, 758);
INSERT INTO book (book_id, title, subcategory_id, publisher_id, price, point, published_date, description, image_url) VALUES (634, 'Amazon Bedrock 실전 생성형 AI 앱 개발 - 아마존 베드록으로 만들면서 배우는 LLM 앱 개발 첫걸음', 15, 329, 31500, 1750, '2025-11-25', '아마존 베드록(Amazon Bedrock)은 AWS의 강력하고 유연한 기반 모델(Foundation Model) 서비스다. 아마존 베드록을 활용하여 생성형 AI 애플리케이션을 실제로 설계하고 구축하는 데 필요한 모든 것을 담아냈다.', 'https://image.aladin.co.kr/product/37771/89/cover200/k172033569_1.jpg');
INSERT INTO author (author_id, name) VALUES (759, '온다 미노루');
INSERT INTO author (author_id, name) VALUES (760, '쿠마다 칸');
INSERT INTO author (author_id, name) VALUES (761, '모리타 카즈아키');
INSERT INTO author (author_id, name) VALUES (762, '김영진');
INSERT INTO author (author_id, name) VALUES (763, '임연욱');
INSERT INTO author (author_id, name) VALUES (764, '김기철');
INSERT INTO translator (translator_id, name) VALUES (77, '김휘경');
INSERT INTO book_author (book_id, author_id) VALUES (634, 759);
INSERT INTO book_author (book_id, author_id) VALUES (634, 760);
INSERT INTO book_author (book_id, author_id) VALUES (634, 761);
INSERT INTO book_author (book_id, author_id) VALUES (634, 762);
INSERT INTO book_author (book_id, author_id) VALUES (634, 763);
INSERT INTO book_author (book_id, author_id) VALUES (634, 764);
INSERT INTO book_translator (book_id, translator_id) VALUES (634, 77);
INSERT INTO publisher (publisher_id, name) VALUES (336, '렉스트림(잡지)');
INSERT INTO book (book_id, title, subcategory_id, publisher_id, price, point, published_date, description, image_url) VALUES (635, '데이즈드 앤 컨퓨즈드 Dazed & Confused Korea C형 2025.12 (표지 : 우성아) - 주요기사 : 고현정, 수인, 우성아, NCT 해찬, 전소니, 베이비돈크라이', 22, 336, 19000, 200, '2025-11-17', '', 'https://image.aladin.co.kr/product/37771/66/cover200/k162033569_1.jpg');
INSERT INTO author (author_id, name) VALUES (765, '렉스트림 편집부');
INSERT INTO book_author (book_id, author_id) VALUES (635, 765);
INSERT INTO book (book_id, title, subcategory_id, publisher_id, price, point, published_date, description, image_url) VALUES (636, '데이즈드 앤 컨퓨즈드 Dazed & Confused Korea B형 2025.12 (표지 : MEOVV 수인) - 주요기사 : 고현정, 수인, 우성아, NCT 해찬, 전소니, 베이비돈크라이', 22, 336, 19000, 200, '2025-11-17', '', 'https://image.aladin.co.kr/product/37771/65/cover200/k042033569_1.jpg');
INSERT INTO book_author (book_id, author_id) VALUES (636, 765);
INSERT INTO publisher (publisher_id, name) VALUES (337, '글항아리');
INSERT INTO book (book_id, title, subcategory_id, publisher_id, price, point, published_date, description, image_url) VALUES (637, '저항의 수다 - 부밍바이, 반체제 팟캐스트 좌담집', 17, 337, 22500, 1250, '2025-11-24', '상하이 봉쇄 속에서 탄생한 팟캐스트 ‘부밍바이’를 책으로 엮었다. 제로 코로나의 통제·감시 체제를 정치학자와 시민 인터뷰로 해부하며 중국 사회의 현실과 저항의 목소리를 담아낸 기록이다.', 'https://image.aladin.co.kr/product/37771/65/cover200/k012033569_1.jpg');
INSERT INTO author (author_id, name) VALUES (766, '부밍바이 팟캐스트');
INSERT INTO translator (translator_id, name) VALUES (78, '최종헌');
INSERT INTO book_author (book_id, author_id) VALUES (637, 766);
INSERT INTO book_translator (book_id, translator_id) VALUES (637, 78);
INSERT INTO publisher (publisher_id, name) VALUES (338, '상상인');
INSERT INTO book (book_id, title, subcategory_id, publisher_id, price, point, published_date, description, image_url) VALUES (638, '우린 흐림에서 만나 맑음에서 헤어졌다', 6, 338, 11400, 600, '2025-11-15', '김종관 시인의 시집 『우린 흐림에서 만나 맑음에서 헤어졌다』는 외로움을 감추거나 미화하지 않고, 그것을 신앙과 삶의 언어로 번역해 생활의 감각 속에서 다시 확인하는 시집이다. 독자는 첫 작품에서부터 “나는 외로움을 지갑에 넣고 다닌다”는 고백을 만난다.', 'https://image.aladin.co.kr/product/37771/64/cover200/k022033569_1.jpg');
INSERT INTO author (author_id, name) VALUES (767, '김종관');
INSERT INTO book_author (book_id, author_id) VALUES (638, 767);
INSERT INTO publisher (publisher_id, name) VALUES (339, '규장(규장문화사)');
INSERT INTO book (book_id, title, subcategory_id, publisher_id, price, point, published_date, description, image_url) VALUES (639, '주님으로부터 2 - 내 영혼을 살리고 일으키시는 주님의 말씀', 7, 339, 15300, 850, '2025-11-24', '‘준비·정결·승리’의 메시지로 다시 오실 주님을 맞을 길을 안내하며, 125편의 편지를 통해 위로와 소망을 일상 속 묵상으로 전한다. 영적 전쟁에서 승리를 구하는 이들에게 힘과 감동을 주는 책이다.', 'https://image.aladin.co.kr/product/37771/63/cover200/k062033569_1.jpg');
INSERT INTO author (author_id, name) VALUES (768, '임은미');
INSERT INTO book_author (book_id, author_id) VALUES (639, 768);
INSERT INTO publisher (publisher_id, name) VALUES (340, '쌤앤파커스');
INSERT INTO book (book_id, title, subcategory_id, publisher_id, price, point, published_date, description, image_url) VALUES (640, '이나모리 가즈오의 교세라 필로소피 - 경영의 신이 남긴 불변의 철학', 4, 340, 25200, 1400, '2025-11-28', '‘인간으로서 무엇이 바른가’라는 물음으로부터 시작된 이나모리 가즈오의 인생과 경영철학. 진심과 선의로 일하고, 이타적 마음으로 살아가는 불변의 원칙과 실천의 힘, ‘교세라 필로소피’의 결정체를 만나라.', 'https://image.aladin.co.kr/product/37771/63/cover200/k912033569_1.jpg');
INSERT INTO author (author_id, name) VALUES (769, '이나모리 가즈오');
INSERT INTO translator (translator_id, name) VALUES (79, '유윤한');
INSERT INTO book_author (book_id, author_id) VALUES (640, 769);
INSERT INTO book_translator (book_id, translator_id) VALUES (640, 79);
INSERT INTO publisher (publisher_id, name) VALUES (341, '논장');
INSERT INTO book (book_id, title, subcategory_id, publisher_id, price, point, published_date, description, image_url) VALUES (641, '콩알탄 삼총사 2 - 사라진 뭉치를 찾아라!', 10, 341, 11700, 650, '2025-11-15', '추리하는 콩이, 뭐든 척척 아리, 달리기 일등 탄이로 이루어진 콩알탄 삼총사가 사라진 강아지 뭉치를 찾기 위해 활약하는 저학년 생활 탐정 동화다. 집에서 벌어진 의문의 사건을 단서와 의심, 관찰로 좇는 과정이 흥미롭게 전개되며 아이들의 집중력과 문제 해결력이 자연스럽게 자란다.', 'https://image.aladin.co.kr/product/37771/61/cover200/8984145513_1.jpg');
INSERT INTO author (author_id, name) VALUES (770, '하신하');
INSERT INTO author (author_id, name) VALUES (771, '윤봉선 (그림)');
INSERT INTO book_author (book_id, author_id) VALUES (641, 770);
INSERT INTO book_author (book_id, author_id) VALUES (641, 771);
INSERT INTO publisher (publisher_id, name) VALUES (342, '한국장로교출판사(한장사)');
INSERT INTO book (book_id, title, subcategory_id, publisher_id, price, point, published_date, description, image_url) VALUES (642, '교육주제 47 : 용서받은 나, 사랑하는 우리', 7, 342, 17100, 950, '2025-10-22', '라멘트에서 시작되는 진정한 용서를 다루며 값싼 용서의 복음을 비판하고 인간의 존엄을 지키는 사랑의 본질을 짚는다. 상처 속에서도 하나님의 은혜를 기억하며 다음세대가 치유의 증인으로 자라도록 바라보게 하는 메시지다.', 'https://image.aladin.co.kr/product/37771/61/cover200/893984646x_1.jpg');
INSERT INTO author (author_id, name) VALUES (772, '총회교육자원부 (엮은이)');
INSERT INTO book_author (book_id, author_id) VALUES (642, 772);
INSERT INTO book (book_id, title, subcategory_id, publisher_id, price, point, published_date, description, image_url) VALUES (643, '북창삼우', 6, 338, 13300, 700, '2025-11-15', '한 장의 사진과 짧은 문장이 만나 일상에 숨어 있던 의미를 반짝이게 만드는 시집이다. 그의 시와 사진들은 ‘디카시’라는 형식의 핵심인 순간 포착, 최소한의 언어 그리고 여백의 미학을 단아하게 구현하면서, 사물과 풍경, 사람과 시간 사이에 놓인 미세한 결을 세심하게 더듬는다.', 'https://image.aladin.co.kr/product/37771/59/cover200/k982033569_1.jpg');
INSERT INTO author (author_id, name) VALUES (773, '김종회');
INSERT INTO book_author (book_id, author_id) VALUES (643, 773);
INSERT INTO publisher (publisher_id, name) VALUES (343, '현대시학사(잡지)');
INSERT INTO book (book_id, title, subcategory_id, publisher_id, price, point, published_date, description, image_url) VALUES (644, '현대시학 2025.10.11.12', 22, 343, 13300, 140, '2025-11-17', '안형남 작가의 작업 세계와 구상문학상·현대시학신인상 소식, 이향지의 노마드 시론, 한국시의 가능성을 짚은 평론, 송재학·조혜은의 대담, 유희경의 장르 소통, 아홉 명 시인의 신작과 개활지 경연 선정작까지 한 권에 담았다.', 'https://image.aladin.co.kr/product/37771/58/cover200/k972033569_1.jpg');
INSERT INTO author (author_id, name) VALUES (774, '현대시학사 편집부');
INSERT INTO book_author (book_id, author_id) VALUES (644, 774);
INSERT INTO book (book_id, title, subcategory_id, publisher_id, price, point, published_date, description, image_url) VALUES (645, '한 번 읽으면 절대 잊을 수 없는 생물 교과서', 11, 161, 16200, 900, '2025-12-01', '한 줄의 수식으로 정의될 수 없는 생명 현상에 대한 용어와 개념을 스토리로 정리한다. 또한 우리 자신, 즉 ‘인간’을 중심으로 최소한의 개념을 사용해 재미있는 생명과학 이야기를 들려준다.', 'https://image.aladin.co.kr/product/37771/57/cover200/k952033569_1.jpg');
INSERT INTO author (author_id, name) VALUES (775, '야마카와 요시테루');
INSERT INTO translator (translator_id, name) VALUES (80, '정한뉘');
INSERT INTO book_author (book_id, author_id) VALUES (645, 775);
INSERT INTO book_translator (book_id, translator_id) VALUES (645, 80);
INSERT INTO publisher (publisher_id, name) VALUES (344, '이데일리엠주식회사(잡지)');
INSERT INTO book (book_id, title, subcategory_id, publisher_id, price, point, published_date, description, image_url) VALUES (646, '이코노미스트 1811호 : 2025.11.23', 22, 344, 4270, 40, '2025-11-17', '', 'https://image.aladin.co.kr/product/37771/56/cover200/k842033568_1.jpg');
INSERT INTO author (author_id, name) VALUES (776, '이코노미스트 편집부');
INSERT INTO book_author (book_id, author_id) VALUES (646, 776);
INSERT INTO publisher (publisher_id, name) VALUES (345, '꿈미');
INSERT INTO book (book_id, title, subcategory_id, publisher_id, price, point, published_date, description, image_url) VALUES (647, '다시! Again, Again', 7, 345, 18000, 1000, '2025-11-15', '김은호 사가 전하는 ‘다시’의 메시지로 흔들림 속에서도 하나님의 은혜가 우리를 붙든다는 회복의 길을 말한다. 좌절의 자리에서 약속을 붙들고 믿음과 사명을 새롭게 하도록 돕는 영적 여정이다.', 'https://image.aladin.co.kr/product/37771/55/cover200/k822033568_1.jpg');
INSERT INTO author (author_id, name) VALUES (777, '김은호');
INSERT INTO book_author (book_id, author_id) VALUES (647, 777);
INSERT INTO publisher (publisher_id, name) VALUES (346, '포레스트 웨일');
INSERT INTO book (book_id, title, subcategory_id, publisher_id, price, point, published_date, description, image_url) VALUES (648, '검은 날개와 푸른 편린', 9, 346, 12600, 700, '2025-11-17', '사랑의 잔해에서 다시 태어나는 자아의 기록. 《검은 날개와 푸른 편린》은 관계가 소멸 이후 비로소 찾아오는 감정들, 그중에서도 사랑과 자아의 경계를 섬세하게 해체해 그린 시집이다. 약간 비껴선 시선과 머무르지 않는 관찰자의 눈으로 모순적인 감정들을 담아냈다.', 'https://image.aladin.co.kr/product/37771/55/cover200/k812033568_1.jpg');
INSERT INTO author (author_id, name) VALUES (778, '서지안');
INSERT INTO book_author (book_id, author_id) VALUES (648, 778);
INSERT INTO publisher (publisher_id, name) VALUES (347, '감정엘씨');
INSERT INTO book (book_id, title, subcategory_id, publisher_id, price, point, published_date, description, image_url) VALUES (649, '[세트] MBTI 유형별 스트레스 해소법 + 2026 MBTI 일력 - 전2권', 20, 347, 35500, 2120, '2025-10-14', '', 'https://image.aladin.co.kr/product/37771/54/cover200/k882033568_01.jpg');
INSERT INTO author (author_id, name) VALUES (779, '윤서영');
INSERT INTO book_author (book_id, author_id) VALUES (649, 779);
INSERT INTO publisher (publisher_id, name) VALUES (348, '에듀왕');
INSERT INTO book (book_id, title, subcategory_id, publisher_id, price, point, published_date, description, image_url) VALUES (650, '중학수학 내신업 기출문제집 2-1 (2026년) - 2022 개정 교육과정, 1학기 중간고사', 23, 348, 11700, 390, '2025-11-20', '1000여 개 중학교 내신 기출문제를 분석하여 출제 가능성이 높은 문제들로만 구성한 1학기 중간고사 대비 교재다. 최신 출제 경향을 반영한 유형별 기출문제+9종 교과서 변형 문제 수록+고득점을 위한 서술형 문제+학교 시험 만점을 위한 고난도 문제+최종 파이널 모의고사로 시험 완벽 대비가 가능하다.', 'https://image.aladin.co.kr/product/37771/53/cover200/8925928159_1.jpg');
INSERT INTO author (author_id, name) VALUES (780, '(주)에듀왕편집개발부');
INSERT INTO book_author (book_id, author_id) VALUES (650, 780);
INSERT INTO book (book_id, title, subcategory_id, publisher_id, price, point, published_date, description, image_url) VALUES (651, '[세트] MBTI 마니아 세트 2  + 2026 MBTI 일력 - 전4권', 20, 172, 67900, 3920, '2025-10-14', '도서 ''MBTI 마니아 세트 2 - 전3권''과 ''2026 MBTI 일력'' 세트 상품이다.', 'https://image.aladin.co.kr/product/37771/52/cover200/k722033568_1.jpg');
INSERT INTO book_author (book_id, author_id) VALUES (651, 779);
INSERT INTO book (book_id, title, subcategory_id, publisher_id, price, point, published_date, description, image_url) VALUES (652, '중학수학 내신업 기출문제집 1-1 (2026년) - 2022 개정 교육과정, 1학기 통합 중간+기말', 23, 348, 19800, 660, '2025-11-20', '1000여 개 중학교 기출을 분석해 적중 가능성이 높은 문제만 담은 1학기 통합본 대비 교재다. 개정 교육과정을 반영하고 유형별 기출, 9종 교과서 변형, 서술형·고난도 문제, 파이널 모의고사까지 수록해 학교 시험을 완벽 대비할 수 있다.', 'https://image.aladin.co.kr/product/37771/52/cover200/8925928175_1.jpg');
INSERT INTO book_author (book_id, author_id) VALUES (652, 780);
INSERT INTO publisher (publisher_id, name) VALUES (349, '(주)한경매거진앤북(잡지)');
INSERT INTO book (book_id, title, subcategory_id, publisher_id, price, point, published_date, description, image_url) VALUES (653, '한경비즈니스 1564호 : 2025.11.25', 22, 349, 4270, 40, '2025-11-17', '', 'https://image.aladin.co.kr/product/37771/52/cover200/k782033568_1.jpg');
INSERT INTO author (author_id, name) VALUES (781, '한경비즈니스 편집국');
INSERT INTO book_author (book_id, author_id) VALUES (653, 781);
INSERT INTO book (book_id, title, subcategory_id, publisher_id, price, point, published_date, description, image_url) VALUES (654, '[세트] MBTI 유형별 리더십 & 팔로워십 + 2026 MBTI 일력 - 전2권', 4, 347, 36400, 2170, '2025-10-14', '', 'https://image.aladin.co.kr/product/37771/51/cover200/k762033568_1.jpg');
INSERT INTO book_author (book_id, author_id) VALUES (654, 779);
INSERT INTO publisher (publisher_id, name) VALUES (350, '행복한나무');
INSERT INTO book (book_id, title, subcategory_id, publisher_id, price, point, published_date, description, image_url) VALUES (655, '이경원의 수업의 탄생 - 함께 하는 교육 100년의 약속, 교육 공동체의 시작', 17, 350, 18000, 1000, '2025-11-11', '말로 설명하기 어려운 수업의 본질을 이미지로 포착해, 아이들과 함께하는 시간 속 빛나는 순간들을 시각적으로 담아낸 책이다. 26년간 수업을 준비하고 실행하며 깨달은 경험을 바탕으로 [수업 후]-[수업 중]-[수업 전]의 흐름을 재구성했다.', 'https://image.aladin.co.kr/product/37771/50/cover200/k642033568_1.jpg');
INSERT INTO author (author_id, name) VALUES (782, '이경원');
INSERT INTO book_author (book_id, author_id) VALUES (655, 782);
INSERT INTO publisher (publisher_id, name) VALUES (351, '초봄책방');
INSERT INTO book (book_id, title, subcategory_id, publisher_id, price, point, published_date, description, image_url) VALUES (656, '처음 만나는 드론 인문학 - 미래를 여는 꿈·과학·예술의 비행체', 18, 351, 15750, 870, '2025-11-25', '지식 벽돌 시리즈. 취미부터 재난 대응·농업·예술까지 드론이 바꾼 일상을 짚고, AI 결합으로 확장된 자율비행 기술과 윤리적 규범의 필요성을 함께 제시한다.', 'https://image.aladin.co.kr/product/37771/50/cover200/k612033568_1.jpg');
INSERT INTO author (author_id, name) VALUES (783, '조장현');
INSERT INTO author (author_id, name) VALUES (784, '노상재 (그림)');
INSERT INTO book_author (book_id, author_id) VALUES (656, 783);
INSERT INTO book_author (book_id, author_id) VALUES (656, 784);
INSERT INTO publisher (publisher_id, name) VALUES (352, '모노폴리(monopoly)');
INSERT INTO book (book_id, title, subcategory_id, publisher_id, price, point, published_date, description, image_url) VALUES (657, '요한 제바스티안 바흐의 나선형 시간', 2, 352, 18000, 1000, '2025-11-18', '바흐의 삶과 시대, 특히 <골드베르크 변주곡>의 순환 구조를 통해 음악이 나선형으로 확장되는 시간을 탐구한 안내서다. 카논의 구조와 바흐 후반 생애의 흔적을 비추며 그의 음악이 내면적 사유와 균형의 미학으로 새롭게 다가오게 한다.', 'https://image.aladin.co.kr/product/37771/49/cover200/8991952364_1.jpg');
INSERT INTO author (author_id, name) VALUES (785, '오자경');
INSERT INTO book_author (book_id, author_id) VALUES (657, 785);
INSERT INTO publisher (publisher_id, name) VALUES (353, '은혜와진리');
INSERT INTO book (book_id, title, subcategory_id, publisher_id, price, point, published_date, description, image_url) VALUES (658, '마지막 미혹', 7, 353, 15210, 840, '2025-11-10', '현대 문명은 어느 순간 조용히 뒤집혔다.질병을 막는다던 약과 백신이 인간의 몸을 잠식했고, 안전을 명분으로 세워진 시스템은 시민을 감시하는 눈이 되었으며, 교회는 침묵을 선택한 순간 세상의 빛을 잃어버렸다. 이 책은 바로 그 ''마지막 미혹''의 정체를 파헤친다.', 'https://image.aladin.co.kr/product/37771/48/cover200/8998860120_1.jpg');
INSERT INTO author (author_id, name) VALUES (786, '박다니엘');
INSERT INTO book_author (book_id, author_id) VALUES (658, 786);
INSERT INTO publisher (publisher_id, name) VALUES (354, '매일경제신문사(잡지)');
INSERT INTO book (book_id, title, subcategory_id, publisher_id, price, point, published_date, description, image_url) VALUES (659, '매경 Economy 2335호 : 2025.11.25', 22, 354, 4270, 40, '2025-11-17', '', 'https://image.aladin.co.kr/product/37771/47/cover200/k692033568_1.jpg');
INSERT INTO author (author_id, name) VALUES (787, '매경Economy 편집부');
INSERT INTO book_author (book_id, author_id) VALUES (659, 787);
INSERT INTO publisher (publisher_id, name) VALUES (355, '에듀뮤직(잡지)');
INSERT INTO book (book_id, title, subcategory_id, publisher_id, price, point, published_date, description, image_url) VALUES (660, '리뷰 Review 2025.11', 22, 355, 9500, 100, '2025-11-17', '', 'https://image.aladin.co.kr/product/37771/47/cover200/k652033568_1.jpg');
INSERT INTO author (author_id, name) VALUES (788, '에듀뮤직(월간지) 편집부');
INSERT INTO book_author (book_id, author_id) VALUES (660, 788);
INSERT INTO publisher (publisher_id, name) VALUES (356, '민속원');
INSERT INTO book (book_id, title, subcategory_id, publisher_id, price, point, published_date, description, image_url) VALUES (661, '가요황제 남인수 평전', 2, 356, 38000, 1900, '2025-10-11', '가수 남인수의 삶을 기록한 책이자, 그의 인생에 결정적인 영향을 미친 이난영의 발자취를 함께 담은 이야기이다. 그녀는 남인수가 처음으로 사랑했던 여인이며 끝까지 마음속에서 지워지지 않았던 운명적 존재였다.', 'https://image.aladin.co.kr/product/37771/47/cover200/8928521785_1.jpg');
INSERT INTO author (author_id, name) VALUES (789, '이동순');
INSERT INTO book_author (book_id, author_id) VALUES (661, 789);